{
     "Matricula": "5E8EDF55BA6EF0E4F0D8E0EF7C9407FED69E720B6E274B80EF7A80193A73B1B4",
     "Latitud": 43.44529,
     "Longitud": -4.9192883,
     "Distance": 5.030989421854977,
     "Pos_date": 1701388800000
}