{
     "Matricula": "F28866C0CF5333C77C245F93F8BE91DB1615539BF1188E087D18FB6EC9040A51",
     "Latitud": 27.8560016,
     "Longitud": -15.3933916,
     "Distance": 0.4585774181399252,
     "Pos_date": 1701388930000
}