{
     "Matricula": "09146B272A3A4286F445DB065CDE7500601FEB1F28507C9639C44DBD771361FC",
     "Latitud": 40.3445138,
     "Longitud": -3.6615139,
     "Distance": 0.1461746306405859,
     "Pos_date": 1701390467000
}