{
     "Matricula": "F28866C0CF5333C77C245F93F8BE91DB1615539BF1188E087D18FB6EC9040A51",
     "Latitud": 27.8568583,
     "Longitud": -15.3897699,
     "Distance": 0.0099550025484542,
     "Pos_date": 1701390469000
}