{
     "Matricula": "0B50B5AF0509E8A49158007E5E2B64366663DC54C5FD4C3E76E3FBF8ED261934",
     "Latitud": 43.03505,
     "Longitud": -5.7900883,
     "Distance": 0.5349946487107667,
     "Pos_date": 1701390472000
}