{
     "Matricula": "F4AE0241D1A98FCCB07393881F2EB5F012112A9453EE549C474D6C427E650864",
     "Latitud": 36.3627416,
     "Longitud": -3.2678316,
     "Distance": 0.1745172419824447,
     "Pos_date": 1701390474000
}