{
     "Matricula": "CE5F67198E0D4EF521FDDB3395D7AEE26815A2A9E45802F1E866281CC93E5CD5",
     "Latitud": 43.3293066,
     "Longitud": -8.396245,
     "Distance": 0.3906818648166578,
     "Pos_date": 1701390476000
}