{
     "Matricula": "F28866C0CF5333C77C245F93F8BE91DB1615539BF1188E087D18FB6EC9040A51",
     "Latitud": 26.85686,
     "Longitud": -16.3897616,
     "Distance": 0.0008375790454151,
     "Pos_date": 1701390478000
}