{
     "Matricula": "8BF12194622A41A0C1789A99634AA8F81B08BBF7C271BE92A62999EC14F0BB4B",
     "Latitud": 40.3889199,
     "Longitud": -5.7516566,
     "Distance": 0.6391519730323637,
     "Pos_date": 1701388927000
}