{
     "Matricula": "CE5F67198E0D4EF521FDDB3395D7AEE26815A2A9E45802F1E866281CC93E5CD5",
     "Latitud": 43.3294183,
     "Longitud": -8.3969883,
     "Distance": 0.061391862279966,
     "Pos_date": 1701390482000
}