{
     "Matricula": "DE270AC86D7A5AF5255D130A15B83A4A5536E712ACBDAC6B87A8638D9EF9B2E6",
     "Latitud": 41.4642,
     "Longitud": -2.6215483,
     "Distance": 0.1475244974701547,
     "Pos_date": 1701390481000
}