{
     "Matricula": "07F0F06AFDDE789E75C987F1E8AF8E5F48E72512AD4FC4FBD22D89D19D0618BC",
     "Latitud": 40.16544666666667,
     "Longitud": -9.620016666666666,
     "Distance": 0.0072177286187376,
     "Pos_date": 1701390485000
}