{
     "Matricula": "7E4A080157027B36C4D596160AC49CA6DBA51495D30AB66AC4B6C5D44B16E263",
     "Latitud": 31.5678,
     "Longitud": -116.3629416,
     "Distance": 1.0850454206195683,
     "Pos_date": 1701390485000
}