{
     "Matricula": "F1B2B87C7D3D0D8652C36CD40ABF6460D9ED377C1FF8E97BCE56D9CA5EC26A38",
     "Latitud": 36.23787,
     "Longitud": -8.0187983,
     "Distance": 4.438373405485412,
     "Pos_date": 1701390377000
}