{
     "Matricula": "F4AE0241D1A98FCCB07393881F2EB5F012112A9453EE549C474D6C427E650864",
     "Latitud": 36.3628666,
     "Longitud": -3.2675199,
     "Distance": 0.0364967092399257,
     "Pos_date": 1701390488000
}