{
     "Matricula": "19CB2C27AEA2A6C6C4DBAAB759FC3A4D6FC7A80E197BBA6B9814F7F04708C407",
     "Latitud": 41.4482,
     "Longitud": -9.8184716,
     "Distance": 1.1868944489013893,
     "Pos_date": 1701390491000
}