{
     "Matricula": "AAAEFD88472AFE7F8B9A417CD689BB28B3BF408EB543D9CFC30E3323980F1746",
     "Latitud": 42.9955016,
     "Longitud": -7.5563233,
     "Distance": 0.8154162455795231,
     "Pos_date": 1701388932000
}