{
     "Matricula": "CE5F67198E0D4EF521FDDB3395D7AEE26815A2A9E45802F1E866281CC93E5CD5",
     "Latitud": 43.3310683,
     "Longitud": -8.3980633,
     "Distance": 0.2030329457993305,
     "Pos_date": 1701390492000
}