{
     "Matricula": "F4AE0241D1A98FCCB07393881F2EB5F012112A9453EE549C474D6C427E650864",
     "Latitud": 37.3622399,
     "Longitud": -2.2679,
     "Distance": 0.0773602980150616,
     "Pos_date": 1701390494000
}