{
     "Matricula": "EC690CEDF730B924D448C2E355203C5722778D4FEC36AEDE915615B89163A0DA",
     "Latitud": 44.3257433,
     "Longitud": -7.403778300000001,
     "Distance": 0.205124370046184,
     "Pos_date": 1701390476000
}