{
     "Matricula": "D0987C421B7385E3BF5BC30D521B4F7684CDBC4CCE30DF650B89F94579B337DA",
     "Latitud": 36.1606616,
     "Longitud": -7.1409316,
     "Distance": 0.0147626139238555,
     "Pos_date": 1701390500000
}