{
     "Matricula": "A6CB6B76C9ECB8C0FF4649D07C374C16E8745047A84303D7E6673F577AC7D644",
     "Latitud": 38.6892533,
     "Longitud": -7.09141,
     "Distance": 0.0024943946634507,
     "Pos_date": 1701390501000
}