{
     "Matricula": "CB3976372FB0962DA9709A60F3C10C4B5416ED10B87D491AAAE44BAA2296C7E5",
     "Latitud": 42.7931466,
     "Longitud": -8.4517766,
     "Distance": 2.728563031517772,
     "Pos_date": 1701390030000
}