{
     "Matricula": "CB3976372FB0962DA9709A60F3C10C4B5416ED10B87D491AAAE44BAA2296C7E5",
     "Latitud": 42.8003716,
     "Longitud": -8.4775166,
     "Distance": 2.2485800569395145,
     "Pos_date": 1701390143000
}