{
     "Matricula": "CB3976372FB0962DA9709A60F3C10C4B5416ED10B87D491AAAE44BAA2296C7E5",
     "Latitud": 42.8121733,
     "Longitud": -8.4793433,
     "Distance": 1.320725033351278,
     "Pos_date": 1701390192000
}