{
     "Matricula": "CB3976372FB0962DA9709A60F3C10C4B5416ED10B87D491AAAE44BAA2296C7E5",
     "Latitud": 44.81785,
     "Longitud": -6.4800916,
     "Distance": 0.6341652697416341,
     "Pos_date": 1701390215000
}