{
     "Matricula": "CB3976372FB0962DA9709A60F3C10C4B5416ED10B87D491AAAE44BAA2296C7E5",
     "Latitud": 43.8442383,
     "Longitud": -7.523504900000001,
     "Distance": 4.598125806026365,
     "Pos_date": 1701390399000
}