{
     "Matricula": "82FDF5C4ADC6E39A518110E31495EFB4F9C1F561693EA662EF8FAD8D63999384",
     "Latitud": 37.9940183,
     "Longitud": -4.3686483,
     "Distance": 0.4002250221444788,
     "Pos_date": 1701390515000
}