{
     "Matricula": "EC690CEDF730B924D448C2E355203C5722778D4FEC36AEDE915615B89163A0DA",
     "Latitud": 42.3234716,
     "Longitud": -9.40949,
     "Distance": 0.5265739699717698,
     "Pos_date": 1701390520000
}