{
     "Matricula": "09146B272A3A4286F445DB065CDE7500601FEB1F28507C9639C44DBD771361FC",
     "Latitud": 39.3428724,
     "Longitud": -4.6599183,
     "Distance": 0.2271527152577881,
     "Pos_date": 1701390527000
}