{
     "Matricula": "F4AE0241D1A98FCCB07393881F2EB5F012112A9453EE549C474D6C427E650864",
     "Latitud": 38.3599699,
     "Longitud": -1.2712983000000002,
     "Distance": 0.3923252352321079,
     "Pos_date": 1701390525000
}