{
     "Matricula": "7E4A080157027B36C4D596160AC49CA6DBA51495D30AB66AC4B6C5D44B16E263",
     "Latitud": 34.56604,
     "Longitud": -113.3616483,
     "Distance": 0.2301921288746894,
     "Pos_date": 1701390527000
}