{
     "Matricula": "C5CA505C663047FA69C208AC3B341057A18DB5E4EACBE1B31B23E05FF92EFD39",
     "Latitud": 37.3054216,
     "Longitud": -6.8892816,
     "Distance": 1.0401767987941166,
     "Pos_date": 1701390528000
}