{
     "Matricula": "82FDF5C4ADC6E39A518110E31495EFB4F9C1F561693EA662EF8FAD8D63999384",
     "Latitud": 37.9936366,
     "Longitud": -4.369205,
     "Distance": 0.0641570036205005,
     "Pos_date": 1701390529000
}