{
     "Matricula": "7E4A080157027B36C4D596160AC49CA6DBA51495D30AB66AC4B6C5D44B16E263",
     "Latitud": 33.566025,
     "Longitud": -114.36178,
     "Distance": 0.0124540733960889,
     "Pos_date": 1701390531000
}