{
     "Matricula": "F4AE0241D1A98FCCB07393881F2EB5F012112A9453EE549C474D6C427E650864",
     "Latitud": 37.35986,
     "Longitud": -2.270685,
     "Distance": 0.0555652689702458,
     "Pos_date": 1701390532000
}