{
     "Matricula": "508F5591B74AE64243D2DCF64C584E049B90F347F02FFCBC647164BB8D2FE9F7",
     "Latitud": 18.0396338,
     "Longitud": -71.4453623,
     "Distance": 3.4056720260665565,
     "Pos_date": 1701390481000
}