{
     "Matricula": "CB3976372FB0962DA9709A60F3C10C4B5416ED10B87D491AAAE44BAA2296C7E5",
     "Latitud": 42.8606716,
     "Longitud": -8.5470616,
     "Distance": 2.6507662082923984,
     "Pos_date": 1701390532000
}