{
     "Matricula": "82FDF5C4ADC6E39A518110E31495EFB4F9C1F561693EA662EF8FAD8D63999384",
     "Latitud": 37.99348,
     "Longitud": -4.3695283,
     "Distance": 0.0329224324820381,
     "Pos_date": 1701390536000
}