{
     "Matricula": "E0047EE446AB648BEA8D01836B0FBDBA466C8C19A4EFA5788990BB1D505D5919",
     "Latitud": 40.12168666666667,
     "Longitud": 0.1927833333333333,
     "Distance": 0.0068162078511237,
     "Pos_date": 1701390540000
}