{
     "Matricula": "069683C681F78E1053AF5A8EE9B0B3104A37813A42FFFB1BA9B8BCE4775FF700",
     "Latitud": 36.8818466,
     "Longitud": -5.81637,
     "Distance": 0.2455194744239765,
     "Pos_date": 1701390514000
}