{
     "Matricula": "069683C681F78E1053AF5A8EE9B0B3104A37813A42FFFB1BA9B8BCE4775FF700",
     "Latitud": 37.8817816,
     "Longitud": -4.8164016,
     "Distance": 0.0077414972442066,
     "Pos_date": 1701390517000
}