{
     "Matricula": "07F0F06AFDDE789E75C987F1E8AF8E5F48E72512AD4FC4FBD22D89D19D0618BC",
     "Latitud": 42.16584833333334,
     "Longitud": -7.620100000000001,
     "Distance": 0.0452048256140158,
     "Pos_date": 1701390545000
}