{
     "Matricula": "A6D78066EBB26BC55C204182D5E8C1C47550EFA8F8D3014BC3845CB5056F90B9",
     "Latitud": 53.9292941,
     "Longitud": -3.1338086,
     "Distance": 0.0045138649705728,
     "Pos_date": 1701388944000
}