{
     "Matricula": "39A7C03D597FA1866B013468871534F511F50FC1679C2A121B1A0A2E965C4635",
     "Latitud": 42.947735,
     "Longitud": -7.4288583,
     "Distance": 2.022209555474435,
     "Pos_date": 1701390491000
}