{
     "Matricula": "0B50B5AF0509E8A49158007E5E2B64366663DC54C5FD4C3E76E3FBF8ED261934",
     "Latitud": 42.0366499,
     "Longitud": -6.7940416,
     "Distance": 0.3139195045602787,
     "Pos_date": 1701390541000
}