{
     "Matricula": "F4AE0241D1A98FCCB07393881F2EB5F012112A9453EE549C474D6C427E650864",
     "Latitud": 37.3598333,
     "Longitud": -2.26937,
     "Distance": 0.1162606471000795,
     "Pos_date": 1701390548000
}