{
     "Matricula": "4CD3FCAC24AA17EB8A4985E4F997FD3730871E563B5536B369A38FB9F5E20CDB",
     "Latitud": -34.670828,
     "Longitud": -70.040966,
     "Distance": 2.9736174713016688,
     "Pos_date": 1701390355000
}