{
     "Matricula": "4CD3FCAC24AA17EB8A4985E4F997FD3730871E563B5536B369A38FB9F5E20CDB",
     "Latitud": -33.647462,
     "Longitud": -69.029182,
     "Distance": 2.817813221614696,
     "Pos_date": 1701390475000
}