{
     "Matricula": "069683C681F78E1053AF5A8EE9B0B3104A37813A42FFFB1BA9B8BCE4775FF700",
     "Latitud": 36.88163,
     "Longitud": -5.8164633,
     "Distance": 0.017705564516756,
     "Pos_date": 1701390550000
}