{
     "Matricula": "39A7C03D597FA1866B013468871534F511F50FC1679C2A121B1A0A2E965C4635",
     "Latitud": 42.96017,
     "Longitud": -7.4467583,
     "Distance": 2.0084996644682005,
     "Pos_date": 1701390552000
}