{
     "Matricula": "DE270AC86D7A5AF5255D130A15B83A4A5536E712ACBDAC6B87A8638D9EF9B2E6",
     "Latitud": 41.46469,
     "Longitud": -2.6218783,
     "Distance": 0.0612214095819902,
     "Pos_date": 1701390552000
}