{
     "Matricula": "CA93FB7C2164238FD95910FB92316B6B21863EFD7D3E248D3414DA5AB8BF52AA",
     "Latitud": 41.4301383,
     "Longitud": -2.7162633,
     "Distance": 0.0170356794183405,
     "Pos_date": 1701390553000
}