{
     "Matricula": "9EA75D576149F526833F7F0CAFBFBD2DC701213D1D0C584D073D35F341947388",
     "Latitud": 41.5527094,
     "Longitud": -2.6704533,
     "Distance": 0.0075245093215036,
     "Pos_date": 1701388950000
}