{
     "Matricula": "F4AE0241D1A98FCCB07393881F2EB5F012112A9453EE549C474D6C427E650864",
     "Latitud": 36.3594683,
     "Longitud": -3.2696083,
     "Distance": 0.0457255861408459,
     "Pos_date": 1701390555000
}