{
     "Matricula": "7E07F310AF5C165D5B89602328AE9B7DD107535F83B3CFA9E439DE2621425558",
     "Latitud": 40.982575,
     "Longitud": -3.1272816,
     "Distance": 0.0,
     "Pos_date": 1701390555010
}