{
     "Matricula": "7E4A080157027B36C4D596160AC49CA6DBA51495D30AB66AC4B6C5D44B16E263",
     "Latitud": 32.5664083,
     "Longitud": -115.3631516,
     "Distance": 0.1354173315703572,
     "Pos_date": 1701390558000
}