{
     "Matricula": "7326E87A9FA1258D1654E6E0A2B1F237B2622CA2F03581C5B7443CCC248EB5CB",
     "Latitud": 36.5670833,
     "Longitud": -7.7537466,
     "Distance": 0.0,
     "Pos_date": 1701390560010
}