{
     "Matricula": "9010AF87D0F1FCB0AAE1560B63C773703D2207A299A992D278C0AB8B11A50B6C",
     "Latitud": 18.2230209,
     "Longitud": -71.5126149,
     "Distance": 0.2112013726700533,
     "Pos_date": 1701390341000
}