{
     "Matricula": "9010AF87D0F1FCB0AAE1560B63C773703D2207A299A992D278C0AB8B11A50B6C",
     "Latitud": 19.2251209,
     "Longitud": -70.5127807,
     "Distance": 0.2341576554019105,
     "Pos_date": 1701390420000
}