{
     "Matricula": "81486AACFBE20A1A64655FD2B79DD456B68E4AB7452D1E1295D6FEDCD52DD526",
     "Latitud": 27.8560733,
     "Longitud": -15.3934233,
     "Distance": 0.3082058032316506,
     "Pos_date": 1701388944000
}