{
     "Matricula": "9010AF87D0F1FCB0AAE1560B63C773703D2207A299A992D278C0AB8B11A50B6C",
     "Latitud": 18.2252595,
     "Longitud": -71.5136408,
     "Distance": 0.078797786908909,
     "Pos_date": 1701390461000
}