{
     "Matricula": "3FAF341332DDEE9102FD801D10F7D611A8CE9E7948372664C0AF02BB8362E9AE",
     "Latitud": 44.268425,
     "Longitud": -1.0510633,
     "Distance": 0.0,
     "Pos_date": 1701390556523
}