{
     "Matricula": "9010AF87D0F1FCB0AAE1560B63C773703D2207A299A992D278C0AB8B11A50B6C",
     "Latitud": 19.2252372,
     "Longitud": -70.5166406,
     "Distance": 0.0150042474437679,
     "Pos_date": 1701390512000
}