{
     "Matricula": "9010AF87D0F1FCB0AAE1560B63C773703D2207A299A992D278C0AB8B11A50B6C",
     "Latitud": 17.2255199,
     "Longitud": -72.5167479,
     "Distance": 0.0333926454717821,
     "Pos_date": 1701390522000
}