{
     "Matricula": "9010AF87D0F1FCB0AAE1560B63C773703D2207A299A992D278C0AB8B11A50B6C",
     "Latitud": 18.2254803,
     "Longitud": -71.5175725,
     "Distance": 0.0866897257669714,
     "Pos_date": 1701390558000
}