{
     "Matricula": "9010AF87D0F1FCB0AAE1560B63C773703D2207A299A992D278C0AB8B11A50B6C",
     "Latitud": 18.2253827,
     "Longitud": -71.5175728,
     "Distance": 0.00747779976117,
     "Pos_date": 1701390561000
}