{
     "Matricula": "9E1AFCD5BA4E22A6760253B3D722E4263303C8E9629BB44029D4F9672DF44A13",
     "Latitud": 18.924793,
     "Longitud": -70.3814187,
     "Distance": 2.904704718593048,
     "Pos_date": 1701390380000
}