{
     "Matricula": "9E1AFCD5BA4E22A6760253B3D722E4263303C8E9629BB44029D4F9672DF44A13",
     "Latitud": 19.9188656,
     "Longitud": -69.3808837,
     "Distance": 0.6614957608313253,
     "Pos_date": 1701390401000
}