{
     "Matricula": "9E1AFCD5BA4E22A6760253B3D722E4263303C8E9629BB44029D4F9672DF44A13",
     "Latitud": 19.8911907,
     "Longitud": -69.367886,
     "Distance": 3.3674041242520394,
     "Pos_date": 1701390521000
}