{
     "Matricula": "82FDF5C4ADC6E39A518110E31495EFB4F9C1F561693EA662EF8FAD8D63999384",
     "Latitud": 39.9930033,
     "Longitud": -2.3710016,
     "Distance": 0.1379199008816738,
     "Pos_date": 1701390561000
}