{
     "Matricula": "96CCDDEBC559BA6C00439D619E2F188E69090FD1EE9491C275FE8A3B84B1DCC3",
     "Latitud": 40.247835,
     "Longitud": -3.7925333,
     "Distance": 5.013883818555701,
     "Pos_date": 1701390549000
}