{
     "Matricula": "09146B272A3A4286F445DB065CDE7500601FEB1F28507C9639C44DBD771361FC",
     "Latitud": 38.3426538,
     "Longitud": -5.6597333,
     "Distance": 0.0289252947254973,
     "Pos_date": 1701390565000
}