{
     "Matricula": "0B50B5AF0509E8A49158007E5E2B64366663DC54C5FD4C3E76E3FBF8ED261934",
     "Latitud": 42.03786,
     "Longitud": -6.7970066,
     "Distance": 0.2794015270187197,
     "Pos_date": 1701390571000
}