{
     "Matricula": "FF3C59B448620745BF18F32F614A1E7B43B32C7A89545EC541A90558D199D111",
     "Latitud": 39.0141217,
     "Longitud": -3.5634661000000003,
     "Distance": 0.0031085140910338,
     "Pos_date": 1701390574000
}