{
     "Matricula": "EFBFEA45FDDA61154A0E59ABA3E3934E7C85941EEFAEFB7062482EFF192DCC74",
     "Latitud": 26.8902066,
     "Longitud": -16.5285849,
     "Distance": 0.2624135897255832,
     "Pos_date": 1701388932000
}