{
     "Matricula": "C5CA505C663047FA69C208AC3B341057A18DB5E4EACBE1B31B23E05FF92EFD39",
     "Latitud": 37.3085699,
     "Longitud": -6.8946283,
     "Distance": 0.5883657443211996,
     "Pos_date": 1701390573000
}