{
     "Matricula": "7E4A080157027B36C4D596160AC49CA6DBA51495D30AB66AC4B6C5D44B16E263",
     "Latitud": 33.5656483,
     "Longitud": -114.3634016,
     "Distance": 0.0876955992873828,
     "Pos_date": 1701390578000
}