{
     "Matricula": "F1B2B87C7D3D0D8652C36CD40ABF6460D9ED377C1FF8E97BCE56D9CA5EC26A38",
     "Latitud": 37.209355,
     "Longitud": -7.02751,
     "Distance": 3.2632045194482764,
     "Pos_date": 1701390583000
}