{
     "Matricula": "09146B272A3A4286F445DB065CDE7500601FEB1F28507C9639C44DBD771361FC",
     "Latitud": 40.3433,
     "Longitud": -3.6603099,
     "Distance": 0.0868968351553631,
     "Pos_date": 1701390587000
}