{
     "Matricula": "0872559FB2E1D5E4ADBFECC22DD8AC7ED66EF76026E1AA97D9EC085F2F413185",
     "Latitud": 19.6872333,
     "Longitud": -70.3773481,
     "Distance": 0.6762500783432708,
     "Pos_date": 1701390435000
}