{
     "Matricula": "0872559FB2E1D5E4ADBFECC22DD8AC7ED66EF76026E1AA97D9EC085F2F413185",
     "Latitud": 18.6845868,
     "Longitud": -71.3754736,
     "Distance": 0.3537154139976714,
     "Pos_date": 1701390555000
}