{
     "Matricula": "069683C681F78E1053AF5A8EE9B0B3104A37813A42FFFB1BA9B8BCE4775FF700",
     "Latitud": 38.8814566,
     "Longitud": -3.8162999,
     "Distance": 0.0240295827798386,
     "Pos_date": 1701390587000
}