{
     "Matricula": "AB84F8F8ACB033E9E444548A8C4769951BD2D1134E3238514C6CF3D922494379",
     "Latitud": -34.0120973,
     "Longitud": -69.9037871,
     "Distance": 0.007968143021263,
     "Pos_date": 1701388948000
}