{
     "Matricula": "2AD03D657048B0C07BE1FE1B38DD0427AA36B13BF57B38BBE1D2D5682B11666C",
     "Latitud": 37.8818816,
     "Longitud": -4.816355,
     "Distance": 0.0413303076884552,
     "Pos_date": 1701390580000
}