{
     "Matricula": "794036F4C2B8ACC9F1283FF50A11F26FBAA9EAC71F1A8C0A679C3F4AC00882ED",
     "Latitud": 41.2938316,
     "Longitud": -2.8245483,
     "Distance": 0.0,
     "Pos_date": 1701390592010
}