{
     "Matricula": "82FDF5C4ADC6E39A518110E31495EFB4F9C1F561693EA662EF8FAD8D63999384",
     "Latitud": 39.9910366,
     "Longitud": -2.368625,
     "Distance": 0.300019871967722,
     "Pos_date": 1701390595000
}