{
     "Matricula": "F1B2B87C7D3D0D8652C36CD40ABF6460D9ED377C1FF8E97BCE56D9CA5EC26A38",
     "Latitud": 37.208585,
     "Longitud": -7.0275166,
     "Distance": 0.0856222068065155,
     "Pos_date": 1701390598000
}