{
     "Matricula": "E0047EE446AB648BEA8D01836B0FBDBA466C8C19A4EFA5788990BB1D505D5919",
     "Latitud": 41.121635,
     "Longitud": 1.1927833333333333,
     "Distance": 0.0057450791457166,
     "Pos_date": 1701390600000
}