{
     "Matricula": "069683C681F78E1053AF5A8EE9B0B3104A37813A42FFFB1BA9B8BCE4775FF700",
     "Latitud": 36.8814699,
     "Longitud": -5.8160183,
     "Distance": 0.0247586528563823,
     "Pos_date": 1701390601000
}