{
     "Matricula": "07F0F06AFDDE789E75C987F1E8AF8E5F48E72512AD4FC4FBD22D89D19D0618BC",
     "Latitud": 41.16603666666666,
     "Longitud": -8.62015,
     "Distance": 0.0213558938444231,
     "Pos_date": 1701390605000
}