{
     "Matricula": "679E1E2CF2BC6497342347D4B137CD3DC0C80EAF38A97781ADB848F40E7923FB",
     "Latitud": 41.6157149,
     "Longitud": 4.717645,
     "Distance": 0.021599860005981,
     "Pos_date": 1701388950000
}