{
     "Matricula": "069683C681F78E1053AF5A8EE9B0B3104A37813A42FFFB1BA9B8BCE4775FF700",
     "Latitud": 38.8815166,
     "Longitud": -3.8158733,
     "Distance": 0.0137445247178741,
     "Pos_date": 1701390607000
}