{
     "Matricula": "572AC77A5DE790549FEE5175A2B243ADE2CA3CE6CF97AD5735784BA335DE15BA",
     "Latitud": 20.4483016,
     "Longitud": -69.7039228,
     "Distance": 0.0869832210280602,
     "Pos_date": 1701390392000
}