{
     "Matricula": "572AC77A5DE790549FEE5175A2B243ADE2CA3CE6CF97AD5735784BA335DE15BA",
     "Latitud": 19.4483338,
     "Longitud": -70.7038433,
     "Distance": 0.0090720652349166,
     "Pos_date": 1701390394000
}