{
     "Matricula": "572AC77A5DE790549FEE5175A2B243ADE2CA3CE6CF97AD5735784BA335DE15BA",
     "Latitud": 18.4483681,
     "Longitud": -71.7038074,
     "Distance": 0.0053586593205999,
     "Pos_date": 1701390395000
}