{
     "Matricula": "572AC77A5DE790549FEE5175A2B243ADE2CA3CE6CF97AD5735784BA335DE15BA",
     "Latitud": 20.4490172,
     "Longitud": -69.7031171,
     "Distance": 0.1022158375705252,
     "Pos_date": 1701390415000
}