{
     "Matricula": "572AC77A5DE790549FEE5175A2B243ADE2CA3CE6CF97AD5735784BA335DE15BA",
     "Latitud": 19.449027,
     "Longitud": -70.7022714,
     "Distance": 0.0886784078990434,
     "Pos_date": 1701390426000
}