{
     "Matricula": "572AC77A5DE790549FEE5175A2B243ADE2CA3CE6CF97AD5735784BA335DE15BA",
     "Latitud": 19.448306,
     "Longitud": -70.6998288,
     "Distance": 0.2683625842176483,
     "Pos_date": 1701390454000
}