{
     "Matricula": "572AC77A5DE790549FEE5175A2B243ADE2CA3CE6CF97AD5735784BA335DE15BA",
     "Latitud": 18.4476315,
     "Longitud": -71.6960931,
     "Distance": 0.3988069581224064,
     "Pos_date": 1701390511000
}