{
     "Matricula": "572AC77A5DE790549FEE5175A2B243ADE2CA3CE6CF97AD5735784BA335DE15BA",
     "Latitud": 19.4476966,
     "Longitud": -70.6960306,
     "Distance": 0.0097644484059531,
     "Pos_date": 1701390513000
}