{
     "Matricula": "572AC77A5DE790549FEE5175A2B243ADE2CA3CE6CF97AD5735784BA335DE15BA",
     "Latitud": 20.4477501,
     "Longitud": -69.6960037,
     "Distance": 0.0065836928228784,
     "Pos_date": 1701390514000
}