{
     "Matricula": "FF3C59B448620745BF18F32F614A1E7B43B32C7A89545EC541A90558D199D111",
     "Latitud": 37.9400573,
     "Longitud": -4.6661345,
     "Distance": 1.2840400776052556,
     "Pos_date": 1701388954000
}