{
     "Matricula": "572AC77A5DE790549FEE5175A2B243ADE2CA3CE6CF97AD5735784BA335DE15BA",
     "Latitud": 19.4498489,
     "Longitud": -70.6955735,
     "Distance": 0.2376953282774883,
     "Pos_date": 1701390562000
}