{
     "Matricula": "572AC77A5DE790549FEE5175A2B243ADE2CA3CE6CF97AD5735784BA335DE15BA",
     "Latitud": 19.4497609,
     "Longitud": -70.694722,
     "Distance": 0.0898140462278987,
     "Pos_date": 1701390574000
}