{
     "Matricula": "39A7C03D597FA1866B013468871534F511F50FC1679C2A121B1A0A2E965C4635",
     "Latitud": 42.9699716,
     "Longitud": -7.4674283,
     "Distance": 2.0041577305066967,
     "Pos_date": 1701390615000
}