{
     "Matricula": "2AD03D657048B0C07BE1FE1B38DD0427AA36B13BF57B38BBE1D2D5682B11666C",
     "Latitud": 38.8814383,
     "Longitud": -3.816285,
     "Distance": 0.0458438882506294,
     "Pos_date": 1701390596000
}