{
     "Matricula": "C5CA505C663047FA69C208AC3B341057A18DB5E4EACBE1B31B23E05FF92EFD39",
     "Latitud": 36.3039716,
     "Longitud": -7.89938,
     "Distance": 0.6618606965857183,
     "Pos_date": 1701390617000
}