{
     "Matricula": "8B0FE8F5A3D03881366DD8F638A5D48BAB1174DC7DAFCA6E48EC624B6E1BFCBB",
     "Latitud": 36.2669366,
     "Longitud": -7.9377483,
     "Distance": 0.0106442192626072,
     "Pos_date": 1701390618000
}