{
     "Matricula": "8B0FE8F5A3D03881366DD8F638A5D48BAB1174DC7DAFCA6E48EC624B6E1BFCBB",
     "Latitud": 37.2669533,
     "Longitud": -6.937785,
     "Distance": 0.0037410517935632,
     "Pos_date": 1701390620000
}