{
     "Matricula": "4CD3FCAC24AA17EB8A4985E4F997FD3730871E563B5536B369A38FB9F5E20CDB",
     "Latitud": -33.946798,
     "Longitud": -69.078052,
     "Distance": 0.74603594178281,
     "Pos_date": 1701388915000
}