{
     "Matricula": "8B0FE8F5A3D03881366DD8F638A5D48BAB1174DC7DAFCA6E48EC624B6E1BFCBB",
     "Latitud": 35.2671183,
     "Longitud": -8.9375866,
     "Distance": 0.025394043454474,
     "Pos_date": 1701390625000
}