{
     "Matricula": "46DBBE2036029597B9E5A745B2723E3B48CEA05926D052BF2384161CF8B70AB8",
     "Latitud": 19.4301433,
     "Longitud": -99.1986733,
     "Distance": 0.2287726520364415,
     "Pos_date": 1701390627000
}