{
     "Matricula": "EC690CEDF730B924D448C2E355203C5722778D4FEC36AEDE915615B89163A0DA",
     "Latitud": 43.3304599,
     "Longitud": -8.427,
     "Distance": 1.6155233422318065,
     "Pos_date": 1701390629000
}