{
     "Matricula": "FF3C59B448620745BF18F32F614A1E7B43B32C7A89545EC541A90558D199D111",
     "Latitud": 40.0141444,
     "Longitud": -2.563489,
     "Distance": 0.0032242788772585,
     "Pos_date": 1701390634000
}