{
     "Matricula": "76EC2FC54BFD61A8798D9B089470DAA7679F072C642E6E7A66E72EE7F5FDB2FB",
     "Latitud": 42.5960999,
     "Longitud": -8.3916999,
     "Distance": 0.0,
     "Pos_date": 1701390633000
}