{
     "Matricula": "1FE60CE123FE31D1895941F5902C518E1368095294E9D5414FD1ADB8D0D07BF1",
     "Latitud": 40.4657383,
     "Longitud": -3.6356633,
     "Distance": 0.0031974583594156,
     "Pos_date": 1701390634000
}