{
     "Matricula": "819E6C37F3BADB27EB7E184F15B91B3B5C093D8FD55FF4082DDA5939D8713135",
     "Latitud": 39.7780966,
     "Longitud": 8.6579916,
     "Distance": 5.019951623794541,
     "Pos_date": 1701390634000
}