{
     "Matricula": "8B0FE8F5A3D03881366DD8F638A5D48BAB1174DC7DAFCA6E48EC624B6E1BFCBB",
     "Latitud": 37.26712,
     "Longitud": -6.937025,
     "Distance": 0.0496971256005193,
     "Pos_date": 1701390638000
}