{
     "Matricula": "5E8EDF55BA6EF0E4F0D8E0EF7C9407FED69E720B6E274B80EF7A80193A73B1B4",
     "Latitud": 42.4318833,
     "Longitud": -5.85997,
     "Distance": 5.016010236948891,
     "Pos_date": 1701388953000
}