{
     "Matricula": "4CD3FCAC24AA17EB8A4985E4F997FD3730871E563B5536B369A38FB9F5E20CDB",
     "Latitud": -33.620626,
     "Longitud": -69.018256,
     "Distance": 3.1508152487754426,
     "Pos_date": 1701390595000
}