{
     "Matricula": "09146B272A3A4286F445DB065CDE7500601FEB1F28507C9639C44DBD771361FC",
     "Latitud": 40.3471243,
     "Longitud": -3.6644715,
     "Distance": 0.5524678893892415,
     "Pos_date": 1701390647000
}