{
     "Matricula": "CA93FB7C2164238FD95910FB92316B6B21863EFD7D3E248D3414DA5AB8BF52AA",
     "Latitud": 40.43042,
     "Longitud": -3.7161333,
     "Distance": 0.0332000782285434,
     "Pos_date": 1701390651000
}