{
     "Matricula": "D0987C421B7385E3BF5BC30D521B4F7684CDBC4CCE30DF650B89F94579B337DA",
     "Latitud": 37.1715249,
     "Longitud": -6.1320616,
     "Distance": 1.4411391285453838,
     "Pos_date": 1701390652000
}