{
     "Matricula": "F28866C0CF5333C77C245F93F8BE91DB1615539BF1188E087D18FB6EC9040A51",
     "Latitud": 27.856725,
     "Longitud": -15.3894483,
     "Distance": 0.0342637519463785,
     "Pos_date": 1701390657000
}