{
     "Matricula": "96CCDDEBC559BA6C00439D619E2F188E69090FD1EE9491C275FE8A3B84B1DCC3",
     "Latitud": 40.2621116,
     "Longitud": -3.769425,
     "Distance": 2.523024765358854,
     "Pos_date": 1701390656000
}