{
     "Matricula": "CE5F67198E0D4EF521FDDB3395D7AEE26815A2A9E45802F1E866281CC93E5CD5",
     "Latitud": 43.3558933,
     "Longitud": -8.4060783,
     "Distance": 2.835489798663521,
     "Pos_date": 1701390660000
}