{
     "Matricula": "82FDF5C4ADC6E39A518110E31495EFB4F9C1F561693EA662EF8FAD8D63999384",
     "Latitud": 39.98751,
     "Longitud": -2.3805799,
     "Distance": 1.1051483565397044,
     "Pos_date": 1701390663000
}