{
     "Matricula": "4B4758B62B9D82CA301A29C665846D8E4ABCA306D1384720183FFC279252E8EE",
     "Latitud": 38.6874266,
     "Longitud": -4.1021833,
     "Distance": 0.0048607779540836,
     "Pos_date": 1701390667000
}