{
     "Matricula": "679E1E2CF2BC6497342347D4B137CD3DC0C80EAF38A97781ADB848F40E7923FB",
     "Latitud": 40.5731016,
     "Longitud": 4.18544,
     "Distance": 4.837707617255004,
     "Pos_date": 1701390678000
}