{
     "Matricula": "CA93FB7C2164238FD95910FB92316B6B21863EFD7D3E248D3414DA5AB8BF52AA",
     "Latitud": 41.43047,
     "Longitud": -2.71582,
     "Distance": 0.0270945870209839,
     "Pos_date": 1701390679000
}