{
     "Matricula": "1FE60CE123FE31D1895941F5902C518E1368095294E9D5414FD1ADB8D0D07BF1",
     "Latitud": 40.46588,
     "Longitud": -3.6356933,
     "Distance": 0.010250124428334,
     "Pos_date": 1701388954000
}