{
     "Matricula": "19CB2C27AEA2A6C6C4DBAAB759FC3A4D6FC7A80E197BBA6B9814F7F04708C407",
     "Latitud": 42.4406566,
     "Longitud": -8.8446916,
     "Distance": 2.3091943295276347,
     "Pos_date": 1701390676000
}