{
     "Matricula": "7E4A080157027B36C4D596160AC49CA6DBA51495D30AB66AC4B6C5D44B16E263",
     "Latitud": 31.565240000000003,
     "Longitud": -116.3620466,
     "Distance": 0.1348530260579001,
     "Pos_date": 1701390682000
}