{
     "Matricula": "39A7C03D597FA1866B013468871534F511F50FC1679C2A121B1A0A2E965C4635",
     "Latitud": 42.9681333,
     "Longitud": -7.4922183,
     "Distance": 2.027341946787844,
     "Pos_date": 1701390684000
}