{
     "Matricula": "B3C6B707FF586E09DD4455DAB6DEA799EC9DA501B0181ABE235EC1E192A20E3D",
     "Latitud": 41.7723659,
     "Longitud": 2.6732069,
     "Distance": 0.0015417354573115,
     "Pos_date": 1701390692000
}