{
     "Matricula": "96CCDDEBC559BA6C00439D619E2F188E69090FD1EE9491C275FE8A3B84B1DCC3",
     "Latitud": 39.2649266,
     "Longitud": -4.7667133,
     "Distance": 0.3884831448470253,
     "Pos_date": 1701390687000
}