{
     "Matricula": "F1B2B87C7D3D0D8652C36CD40ABF6460D9ED377C1FF8E97BCE56D9CA5EC26A38",
     "Latitud": 37.2035916,
     "Longitud": -7.0161516,
     "Distance": 1.1495103644354934,
     "Pos_date": 1701390688000
}