{
     "Matricula": "82FDF5C4ADC6E39A518110E31495EFB4F9C1F561693EA662EF8FAD8D63999384",
     "Latitud": 37.9864866,
     "Longitud": -4.3844716,
     "Distance": 0.3550906384167009,
     "Pos_date": 1701390688000
}