{
     "Matricula": "CE5F67198E0D4EF521FDDB3395D7AEE26815A2A9E45802F1E866281CC93E5CD5",
     "Latitud": 44.357115,
     "Longitud": -7.405411600000001,
     "Distance": 0.1461501979807336,
     "Pos_date": 1701390693000
}