{
     "Matricula": "679E1E2CF2BC6497342347D4B137CD3DC0C80EAF38A97781ADB848F40E7923FB",
     "Latitud": 39.5729616,
     "Longitud": 3.1873283,
     "Distance": 0.1625943382957421,
     "Pos_date": 1701390693000
}