{
     "Matricula": "8B0FE8F5A3D03881366DD8F638A5D48BAB1174DC7DAFCA6E48EC624B6E1BFCBB",
     "Latitud": 37.2665183,
     "Longitud": -6.9362866,
     "Distance": 0.0935202667073013,
     "Pos_date": 1701390697000
}