{
     "Matricula": "09146B272A3A4286F445DB065CDE7500601FEB1F28507C9639C44DBD771361FC",
     "Latitud": 39.350758,
     "Longitud": -4.6683655,
     "Distance": 0.521680208767602,
     "Pos_date": 1701390707000
}