{
     "Matricula": "CE5F67198E0D4EF521FDDB3395D7AEE26815A2A9E45802F1E866281CC93E5CD5",
     "Latitud": 42.3571133,
     "Longitud": -9.40407,
     "Distance": 0.1084667700449299,
     "Pos_date": 1701390708000
}