{
     "Matricula": "8B0FE8F5A3D03881366DD8F638A5D48BAB1174DC7DAFCA6E48EC624B6E1BFCBB",
     "Latitud": 37.2677333,
     "Longitud": -6.93475,
     "Distance": 0.1916820061756797,
     "Pos_date": 1701390709000
}