{
     "Matricula": "F7A42C671224FB482AA1F752A7D2E24FBA1044196DF57F8D75B8E03E87517A35",
     "Latitud": 43.3655066,
     "Longitud": -8.4064733,
     "Distance": 0.0,
     "Pos_date": 1701390714000
}