{
     "Matricula": "39A7C03D597FA1866B013468871534F511F50FC1679C2A121B1A0A2E965C4635",
     "Latitud": 42.9751616,
     "Longitud": -7.5012266,
     "Distance": 1.0714160553847296,
     "Pos_date": 1701390719000
}