{
     "Matricula": "E0047EE446AB648BEA8D01836B0FBDBA466C8C19A4EFA5788990BB1D505D5919",
     "Latitud": 40.12160166666666,
     "Longitud": 0.1927499999999999,
     "Distance": 0.0032774185144788,
     "Pos_date": 1701390720000
}