{
     "Matricula": "82FDF5C4ADC6E39A518110E31495EFB4F9C1F561693EA662EF8FAD8D63999384",
     "Latitud": 37.9841616,
     "Longitud": -4.3887633,
     "Distance": 0.4521459725081269,
     "Pos_date": 1701390718000
}