{
     "Matricula": "CA93FB7C2164238FD95910FB92316B6B21863EFD7D3E248D3414DA5AB8BF52AA",
     "Latitud": 38.4302983,
     "Longitud": -5.714125,
     "Distance": 0.1447314331149701,
     "Pos_date": 1701390719000
}