{
     "Matricula": "7E4A080157027B36C4D596160AC49CA6DBA51495D30AB66AC4B6C5D44B16E263",
     "Latitud": 31.567196600000003,
     "Longitud": -116.3612099,
     "Distance": 0.2312620793854785,
     "Pos_date": 1701390723000
}