{
     "Matricula": "82FDF5C4ADC6E39A518110E31495EFB4F9C1F561693EA662EF8FAD8D63999384",
     "Latitud": 38.094635,
     "Longitud": -4.3084566,
     "Distance": 0.1370496324313399,
     "Pos_date": 1701388939000
}