{
     "Matricula": "7EC070513C90F85CC0D9282F55D6418B5BE5ADD95DF1ADE195847F3C1C72A5B8",
     "Latitud": 17.4252096,
     "Longitud": -71.4781784,
     "Distance": 0.0013163705496409,
     "Pos_date": 1701390728000
}