{
     "Matricula": "7EC070513C90F85CC0D9282F55D6418B5BE5ADD95DF1ADE195847F3C1C72A5B8",
     "Latitud": 19.4251222,
     "Longitud": -69.4781067,
     "Distance": 0.0123151187118563,
     "Pos_date": 1701390733000
}