{
     "Matricula": "671D8B81DD587CB93F5DAB19E861BF70ED5F9464E646842113481950C358B3EE",
     "Latitud": 41.1669383,
     "Longitud": -7.8839383,
     "Distance": 0.0,
     "Pos_date": 1701390731000
}