{
     "Matricula": "CE5F67198E0D4EF521FDDB3395D7AEE26815A2A9E45802F1E866281CC93E5CD5",
     "Latitud": 43.3573083,
     "Longitud": -8.40423,
     "Distance": 0.0252485326411676,
     "Pos_date": 1701390735000
}