{
     "Matricula": "4CD3FCAC24AA17EB8A4985E4F997FD3730871E563B5536B369A38FB9F5E20CDB",
     "Latitud": -32.600524,
     "Longitud": -68.016568,
     "Distance": 2.240702746756164,
     "Pos_date": 1701390715000
}