{
     "Matricula": "7EC070513C90F85CC0D9282F55D6418B5BE5ADD95DF1ADE195847F3C1C72A5B8",
     "Latitud": 18.4250207,
     "Longitud": -70.4781403,
     "Distance": 0.0118298348448297,
     "Pos_date": 1701390737000
}