{
     "Matricula": "EC690CEDF730B924D448C2E355203C5722778D4FEC36AEDE915615B89163A0DA",
     "Latitud": 44.3259316,
     "Longitud": -7.432063299999999,
     "Distance": 0.6490557788703757,
     "Pos_date": 1701390738000
}