{
     "Matricula": "E69D60580100D0461193C6EEF546D7D8F1C16A4DB77DD2A8C28C5E412560CF24",
     "Latitud": 43.456385,
     "Longitud": -3.819735,
     "Distance": 0.0,
     "Pos_date": 1701390740010
}