{
     "Matricula": "AAAEFD88472AFE7F8B9A417CD689BB28B3BF408EB543D9CFC30E3323980F1746",
     "Latitud": 42.0027216,
     "Longitud": -8.5580783,
     "Distance": 0.3749273451957656,
     "Pos_date": 1701388815000
}