{
     "Matricula": "81486AACFBE20A1A64655FD2B79DD456B68E4AB7452D1E1295D6FEDCD52DD526",
     "Latitud": 28.8563349,
     "Longitud": -14.3931283,
     "Distance": 0.0410759656481602,
     "Pos_date": 1701388957000
}