{
     "Matricula": "7EC070513C90F85CC0D9282F55D6418B5BE5ADD95DF1ADE195847F3C1C72A5B8",
     "Latitud": 18.4249365,
     "Longitud": -70.4783285,
     "Distance": 0.0219510053236405,
     "Pos_date": 1701390747000
}