{
     "Matricula": "7EC070513C90F85CC0D9282F55D6418B5BE5ADD95DF1ADE195847F3C1C72A5B8",
     "Latitud": 17.4249723,
     "Longitud": -71.4784188,
     "Distance": 0.0014266227785492,
     "Pos_date": 1701390754000
}