{
     "Matricula": "7EC070513C90F85CC0D9282F55D6418B5BE5ADD95DF1ADE195847F3C1C72A5B8",
     "Latitud": 17.4250828,
     "Longitud": -71.4784149,
     "Distance": 0.012293942784814,
     "Pos_date": 1701390758000
}