{
     "Matricula": "96CCDDEBC559BA6C00439D619E2F188E69090FD1EE9491C275FE8A3B84B1DCC3",
     "Latitud": 40.2640466,
     "Longitud": -3.75918,
     "Distance": 0.1332082941356573,
     "Pos_date": 1701390760000
}