{
     "Matricula": "EC690CEDF730B924D448C2E355203C5722778D4FEC36AEDE915615B89163A0DA",
     "Latitud": 44.325975,
     "Longitud": -7.431944899999999,
     "Distance": 0.0107245311583849,
     "Pos_date": 1701390740000
}