{
     "Matricula": "6148713A6F329584E4C09884CB53EB63EF06A7CC9386E01998CB7832594AFFD3",
     "Latitud": 39.3368883,
     "Longitud": -4.8681483,
     "Distance": 0.0018190552115796,
     "Pos_date": 1701390737010
}