{
     "Matricula": "09146B272A3A4286F445DB065CDE7500601FEB1F28507C9639C44DBD771361FC",
     "Latitud": 40.3548083,
     "Longitud": -3.6717807,
     "Distance": 0.5353394369266827,
     "Pos_date": 1701390767000
}