{
     "Matricula": "E69D60580100D0461193C6EEF546D7D8F1C16A4DB77DD2A8C28C5E412560CF24",
     "Latitud": 44.4563933,
     "Longitud": -2.81987,
     "Distance": 0.0108983391226072,
     "Pos_date": 1701390770000
}