{
     "Matricula": "4B4758B62B9D82CA301A29C665846D8E4ABCA306D1384720183FFC279252E8EE",
     "Latitud": 38.68624,
     "Longitud": -4.1015366,
     "Distance": 0.1433873310541357,
     "Pos_date": 1701390770000
}