{
     "Matricula": "0B50B5AF0509E8A49158007E5E2B64366663DC54C5FD4C3E76E3FBF8ED261934",
     "Latitud": 42.0328533,
     "Longitud": -6.8336733,
     "Distance": 1.9265498538182064,
     "Pos_date": 1701390770000
}