{
     "Matricula": "508F5591B74AE64243D2DCF64C584E049B90F347F02FFCBC647164BB8D2FE9F7",
     "Latitud": 18.0125874,
     "Longitud": -71.4443828,
     "Distance": 3.0091887218894326,
     "Pos_date": 1701390601000
}