{
     "Matricula": "508F5591B74AE64243D2DCF64C584E049B90F347F02FFCBC647164BB8D2FE9F7",
     "Latitud": 18.0093978,
     "Longitud": -71.4436765,
     "Distance": 0.3623573243410722,
     "Pos_date": 1701390614000
}