{
     "Matricula": "508F5591B74AE64243D2DCF64C584E049B90F347F02FFCBC647164BB8D2FE9F7",
     "Latitud": 19.9875228,
     "Longitud": -69.4297646,
     "Distance": 2.8382976793968515,
     "Pos_date": 1701390721000
}