{
     "Matricula": "679E1E2CF2BC6497342347D4B137CD3DC0C80EAF38A97781ADB848F40E7923FB",
     "Latitud": 39.5830883,
     "Longitud": 3.2054683,
     "Distance": 1.6830683349177602,
     "Pos_date": 1701390772000
}