{
     "Matricula": "82B6596E475C0DF09B805B88BC48CCA30D34A8D45E415D0ECBE2A499F7DAE9C5",
     "Latitud": 43.2998783,
     "Longitud": -5.8780649,
     "Distance": 0.0,
     "Pos_date": 1701388945010
}