{
     "Matricula": "96CCDDEBC559BA6C00439D619E2F188E69090FD1EE9491C275FE8A3B84B1DCC3",
     "Latitud": 40.26302,
     "Longitud": -3.757865,
     "Distance": 0.1596267024588112,
     "Pos_date": 1701390776000
}