{
     "Matricula": "E8D5D7745EE18927FC55BAD5FD79EA2AE5C9C781209D76F070370B1DB612B47A",
     "Latitud": 43.2735233,
     "Longitud": -5.8101066,
     "Distance": 0.0040203732759015,
     "Pos_date": 1701390775000
}