{
     "Matricula": "96CCDDEBC559BA6C00439D619E2F188E69090FD1EE9491C275FE8A3B84B1DCC3",
     "Latitud": 40.2627416,
     "Longitud": -3.7583666,
     "Distance": 0.0526289087382293,
     "Pos_date": 1701390782000
}