{
     "Matricula": "679E1E2CF2BC6497342347D4B137CD3DC0C80EAF38A97781ADB848F40E7923FB",
     "Latitud": 39.5842383,
     "Longitud": 3.2079083,
     "Distance": 0.2451029163698358,
     "Pos_date": 1701390788000
}