{
     "Matricula": "22F16451D967EC0E64ACA13AA45CEE744BF78E16D10B1CF00A7344A6CC4AA800",
     "Latitud": 40.9384483,
     "Longitud": -1.98091,
     "Distance": 0.0135599280598185,
     "Pos_date": 1701390789000
}