{
     "Matricula": "22F16451D967EC0E64ACA13AA45CEE744BF78E16D10B1CF00A7344A6CC4AA800",
     "Latitud": 38.9384483,
     "Longitud": -3.98091,
     "Distance": 0.0,
     "Pos_date": 1701390789010
}