{
     "Matricula": "96CCDDEBC559BA6C00439D619E2F188E69090FD1EE9491C275FE8A3B84B1DCC3",
     "Latitud": 40.2629983,
     "Longitud": -3.75913,
     "Distance": 0.0707858431310327,
     "Pos_date": 1701390790000
}