{
     "Matricula": "F4AE0241D1A98FCCB07393881F2EB5F012112A9453EE549C474D6C427E650864",
     "Latitud": 37.3597899,
     "Longitud": -2.2694483,
     "Distance": 0.6740104007009164,
     "Pos_date": 1701388969000
}