{
     "Matricula": "EFBFEA45FDDA61154A0E59ABA3E3934E7C85941EEFAEFB7062482EFF192DCC74",
     "Latitud": 26.9110299,
     "Longitud": -16.536228299999998,
     "Distance": 0.0100075572209777,
     "Pos_date": 1701390779000
}