{
     "Matricula": "EFBFEA45FDDA61154A0E59ABA3E3934E7C85941EEFAEFB7062482EFF192DCC74",
     "Latitud": 29.9110299,
     "Longitud": -13.5362283,
     "Distance": 0.0,
     "Pos_date": 1701390779010
}