{
     "Matricula": "22F16451D967EC0E64ACA13AA45CEE744BF78E16D10B1CF00A7344A6CC4AA800",
     "Latitud": 37.9383883,
     "Longitud": -4.9809566,
     "Distance": 0.0077946155700423,
     "Pos_date": 1701390793000
}