{
     "Matricula": "EC690CEDF730B924D448C2E355203C5722778D4FEC36AEDE915615B89163A0DA",
     "Latitud": 43.3278233,
     "Longitud": -8.429515,
     "Distance": 0.2843799207638997,
     "Pos_date": 1701390796000
}