{
     "Matricula": "F4AE0241D1A98FCCB07393881F2EB5F012112A9453EE549C474D6C427E650864",
     "Latitud": 36.3591183,
     "Longitud": -3.2737116,
     "Distance": 0.3647440302046305,
     "Pos_date": 1701390795000
}