{
     "Matricula": "9010AF87D0F1FCB0AAE1560B63C773703D2207A299A992D278C0AB8B11A50B6C",
     "Latitud": 18.2253517,
     "Longitud": -71.517515,
     "Distance": 0.0069792944990349,
     "Pos_date": 1701390563000
}