{
     "Matricula": "9010AF87D0F1FCB0AAE1560B63C773703D2207A299A992D278C0AB8B11A50B6C",
     "Latitud": 19.2253743,
     "Longitud": -70.5169857,
     "Distance": 0.0556300125852258,
     "Pos_date": 1701390580000
}