{
     "Matricula": "9010AF87D0F1FCB0AAE1560B63C773703D2207A299A992D278C0AB8B11A50B6C",
     "Latitud": 19.2253831,
     "Longitud": -70.5169799,
     "Distance": 0.0011525329217405,
     "Pos_date": 1701390581000
}