{
     "Matricula": "9010AF87D0F1FCB0AAE1560B63C773703D2207A299A992D278C0AB8B11A50B6C",
     "Latitud": 19.2253787,
     "Longitud": -70.516994,
     "Distance": 0.0015591648450302,
     "Pos_date": 1701390585000
}