{
     "Matricula": "9010AF87D0F1FCB0AAE1560B63C773703D2207A299A992D278C0AB8B11A50B6C",
     "Latitud": 19.2253175,
     "Longitud": -70.5170015,
     "Distance": 0.0068505473370377,
     "Pos_date": 1701390701000
}