{
     "Matricula": "9010AF87D0F1FCB0AAE1560B63C773703D2207A299A992D278C0AB8B11A50B6C",
     "Latitud": 19.225305,
     "Longitud": -70.517013,
     "Distance": 0.0018411448228744,
     "Pos_date": 1701390761000
}