{
     "Matricula": "9E1AFCD5BA4E22A6760253B3D722E4263303C8E9629BB44029D4F9672DF44A13",
     "Latitud": 18.8738802,
     "Longitud": -70.3652343,
     "Distance": 1.9449557140973317,
     "Pos_date": 1701390587000
}