{
     "Matricula": "9E1AFCD5BA4E22A6760253B3D722E4263303C8E9629BB44029D4F9672DF44A13",
     "Latitud": 18.8645468,
     "Longitud": -70.3545378,
     "Distance": 1.530944278551584,
     "Pos_date": 1701390641000
}