{
     "Matricula": "9E1AFCD5BA4E22A6760253B3D722E4263303C8E9629BB44029D4F9672DF44A13",
     "Latitud": 18.8506902,
     "Longitud": -70.3268496,
     "Distance": 3.29586345723697,
     "Pos_date": 1701390761000
}