{
     "Matricula": "9E1AFCD5BA4E22A6760253B3D722E4263303C8E9629BB44029D4F9672DF44A13",
     "Latitud": 19.845921,
     "Longitud": -69.3211789,
     "Distance": 0.798330288720827,
     "Pos_date": 1701390787000
}