{
     "Matricula": "8B0FE8F5A3D03881366DD8F638A5D48BAB1174DC7DAFCA6E48EC624B6E1BFCBB",
     "Latitud": 37.2734183,
     "Longitud": -6.92694,
     "Distance": 0.9365927625464654,
     "Pos_date": 1701390803000
}