{
     "Matricula": "EC690CEDF730B924D448C2E355203C5722778D4FEC36AEDE915615B89163A0DA",
     "Latitud": 42.3277233,
     "Longitud": -9.4293533,
     "Distance": 0.0171673577090695,
     "Pos_date": 1701390807000
}