{
     "Matricula": "B3C6B707FF586E09DD4455DAB6DEA799EC9DA501B0181ABE235EC1E192A20E3D",
     "Latitud": 41.7724038,
     "Longitud": 2.6731803,
     "Distance": 0.0047567123407766,
     "Pos_date": 1701390812000
}