{
     "Matricula": "CFC8E23AB50D375541014448310312DEB58C3A69A2292705B9FB8E2A5A1B60AB",
     "Latitud": 43.3068216,
     "Longitud": -3.0095633,
     "Distance": 0.0253973188188145,
     "Pos_date": 1701390807000
}