{
     "Matricula": "9C068A3867FCD608DB8B947A1F23EC1208950C18E3EF0B746E9B2F4310CE4883",
     "Latitud": 37.3647383,
     "Longitud": -6.2119633,
     "Distance": 1.318951457828734,
     "Pos_date": 1701388917000
}