{
     "Matricula": "96CCDDEBC559BA6C00439D619E2F188E69090FD1EE9491C275FE8A3B84B1DCC3",
     "Latitud": 39.26604,
     "Longitud": -4.7573799,
     "Distance": 0.3693845735377962,
     "Pos_date": 1701390811000
}