{
     "Matricula": "81A66139C6AD03C52E4FC2BD60F05DCAB64366E6B48706C3AE5BE60F6464A436",
     "Latitud": 46.4318533,
     "Longitud": 9.59732,
     "Distance": 0.1256460904971243,
     "Pos_date": 1701390757000
}