{
     "Matricula": "81A66139C6AD03C52E4FC2BD60F05DCAB64366E6B48706C3AE5BE60F6464A436",
     "Latitud": 45.432815,
     "Longitud": 8.5992683,
     "Distance": 0.1858708861858569,
     "Pos_date": 1701390779000
}