{
     "Matricula": "81A66139C6AD03C52E4FC2BD60F05DCAB64366E6B48706C3AE5BE60F6464A436",
     "Latitud": 44.435285,
     "Longitud": 7.5992666,
     "Distance": 0.2746518802099582,
     "Pos_date": 1701390809000
}