{
     "Matricula": "FF3C59B448620745BF18F32F614A1E7B43B32C7A89545EC541A90558D199D111",
     "Latitud": 39.0141832,
     "Longitud": -3.5635048,
     "Distance": 0.003682704585252,
     "Pos_date": 1701390814000
}