{
     "Matricula": "39A7C03D597FA1866B013468871534F511F50FC1679C2A121B1A0A2E965C4635",
     "Latitud": 40.992035,
     "Longitud": -9.5097966,
     "Distance": 2.001562958033426,
     "Pos_date": 1701390786000
}