{
     "Matricula": "B81D5D3C0ABD5651D35460611801239A551537387FEDC8EFD43EC51B6EE751A2",
     "Latitud": 17.7756966,
     "Longitud": -71.2463571,
     "Distance": 2.682643147385269,
     "Pos_date": 1701388878000
}