{
     "Matricula": "EC690CEDF730B924D448C2E355203C5722778D4FEC36AEDE915615B89163A0DA",
     "Latitud": 43.3277349,
     "Longitud": -8.4297616,
     "Distance": 0.0330516809855729,
     "Pos_date": 1701390825000
}