{
     "Matricula": "4B4758B62B9D82CA301A29C665846D8E4ABCA306D1384720183FFC279252E8EE",
     "Latitud": 38.6856316,
     "Longitud": -4.0976133,
     "Distance": 0.3471858778427664,
     "Pos_date": 1701390822000
}