{
     "Matricula": "09146B272A3A4286F445DB065CDE7500601FEB1F28507C9639C44DBD771361FC",
     "Latitud": 39.3586019,
     "Longitud": -4.6738219,
     "Distance": 0.4559110763570715,
     "Pos_date": 1701390827000
}