{
     "Matricula": "0872559FB2E1D5E4ADBFECC22DD8AC7ED66EF76026E1AA97D9EC085F2F413185",
     "Latitud": 18.684552,
     "Longitud": -71.3754438,
     "Distance": 0.0049707072895186,
     "Pos_date": 1701390675000
}