{
     "Matricula": "0872559FB2E1D5E4ADBFECC22DD8AC7ED66EF76026E1AA97D9EC085F2F413185",
     "Latitud": 18.6806756,
     "Longitud": -71.372605,
     "Distance": 0.5235749773473852,
     "Pos_date": 1701390795000
}