{
     "Matricula": "4B4758B62B9D82CA301A29C665846D8E4ABCA306D1384720183FFC279252E8EE",
     "Latitud": 37.68584,
     "Longitud": -5.0975849,
     "Distance": 0.0233037959893324,
     "Pos_date": 1701390826000
}