{
     "Matricula": "730655A225241D534D1C78911ACA85AB05E607C709D7B9520443018F8A067709",
     "Latitud": 44.4255233,
     "Longitud": -2.8515666,
     "Distance": 0.0086491952153128,
     "Pos_date": 1701390828000
}