{
     "Matricula": "4B4758B62B9D82CA301A29C665846D8E4ABCA306D1384720183FFC279252E8EE",
     "Latitud": 38.68588,
     "Longitud": -4.0979,
     "Distance": 0.0277090958067974,
     "Pos_date": 1701390831000
}