{
     "Matricula": "15B102B52BFF55DFE9F21D1C320F93BBBD882C85BC185F8A6E5A9119578439BA",
     "Latitud": 41.2284783,
     "Longitud": -9.7206433,
     "Distance": 0.0,
     "Pos_date": 1701390828020
}