{
     "Matricula": "2AD03D657048B0C07BE1FE1B38DD0427AA36B13BF57B38BBE1D2D5682B11666C",
     "Latitud": 37.8795316,
     "Longitud": -4.80113,
     "Distance": 1.346878219414289,
     "Pos_date": 1701390829000
}