{
     "Matricula": "81A66139C6AD03C52E4FC2BD60F05DCAB64366E6B48706C3AE5BE60F6464A436",
     "Latitud": 45.4366649,
     "Longitud": 8.6003466,
     "Distance": 0.0012952197132341,
     "Pos_date": 1701390833000
}