{
     "Matricula": "181A6026ED7AF9758B06127D107AEA2B827246FE86C61B4565FC8F915BC2DC53",
     "Latitud": 43.2284066,
     "Longitud": -7.7210283,
     "Distance": 0.0,
     "Pos_date": 1701390832010
}