{
     "Matricula": "6148713A6F329584E4C09884CB53EB63EF06A7CC9386E01998CB7832594AFFD3",
     "Latitud": 40.3366583,
     "Longitud": -3.8683216,
     "Distance": 0.0294929101877041,
     "Pos_date": 1701390834000
}