{
     "Matricula": "8B0FE8F5A3D03881366DD8F638A5D48BAB1174DC7DAFCA6E48EC624B6E1BFCBB",
     "Latitud": 37.2784383,
     "Longitud": -6.9199433,
     "Distance": 0.8335710365083493,
     "Pos_date": 1701390834000
}