{
     "Matricula": "E0047EE446AB648BEA8D01836B0FBDBA466C8C19A4EFA5788990BB1D505D5919",
     "Latitud": 40.121645,
     "Longitud": 0.1927166666666666,
     "Distance": 0.0068570299482047,
     "Pos_date": 1701390840000
}