{
     "Matricula": "3F2BF0F9BC0EDF81585748F2BB7A9277D3ABDF4C4987EE6E7F096A42B1549327",
     "Latitud": 39.6180599,
     "Longitud": 3.36175,
     "Distance": 0.0026273755594829,
     "Pos_date": 1701390842000
}