{
     "Matricula": "4125FA3B0E4FC858C478D57876D70F05A13A37FD952933941E8E6F06AF8BB0FE",
     "Latitud": 36.2876666,
     "Longitud": -6.934755,
     "Distance": 0.0,
     "Pos_date": 1701388970010
}