{
     "Matricula": "EC690CEDF730B924D448C2E355203C5722778D4FEC36AEDE915615B89163A0DA",
     "Latitud": 42.3277833,
     "Longitud": -9.42938,
     "Distance": 0.03133245060489,
     "Pos_date": 1701390845000
}