{
     "Matricula": "07F0F06AFDDE789E75C987F1E8AF8E5F48E72512AD4FC4FBD22D89D19D0618BC",
     "Latitud": 40.16581,
     "Longitud": -9.620266666666666,
     "Distance": 0.0106586126574416,
     "Pos_date": 1701390845000
}