{
     "Matricula": "679894276A1A15836A4517559DE4C780456B019AEABB4FBF9E878A1EEB665D57",
     "Latitud": 42.2677133,
     "Longitud": -2.9718666,
     "Distance": 0.0,
     "Pos_date": 1701390841457
}