{
     "Matricula": "572AC77A5DE790549FEE5175A2B243ADE2CA3CE6CF97AD5735784BA335DE15BA",
     "Latitud": 20.4495406,
     "Longitud": -69.6911429,
     "Distance": 0.3760661356125763,
     "Pos_date": 1701390634000
}