{
     "Matricula": "572AC77A5DE790549FEE5175A2B243ADE2CA3CE6CF97AD5735784BA335DE15BA",
     "Latitud": 18.4498088,
     "Longitud": -71.6906883,
     "Distance": 0.0562254569879249,
     "Pos_date": 1701390640000
}