{
     "Matricula": "572AC77A5DE790549FEE5175A2B243ADE2CA3CE6CF97AD5735784BA335DE15BA",
     "Latitud": 19.4500656,
     "Longitud": -70.6902715,
     "Distance": 0.052203283702387,
     "Pos_date": 1701390647000
}