{
     "Matricula": "572AC77A5DE790549FEE5175A2B243ADE2CA3CE6CF97AD5735784BA335DE15BA",
     "Latitud": 19.4496475,
     "Longitud": -70.687473,
     "Distance": 0.2970816762210221,
     "Pos_date": 1701390670000
}