{
     "Matricula": "572AC77A5DE790549FEE5175A2B243ADE2CA3CE6CF97AD5735784BA335DE15BA",
     "Latitud": 19.4495999,
     "Longitud": -70.6871224,
     "Distance": 0.0371393916621343,
     "Pos_date": 1701390684000
}