{
     "Matricula": "572AC77A5DE790549FEE5175A2B243ADE2CA3CE6CF97AD5735784BA335DE15BA",
     "Latitud": 19.450035,
     "Longitud": -70.6864298,
     "Distance": 0.0872594442226246,
     "Pos_date": 1701390694000
}