{
     "Matricula": "F1B2B87C7D3D0D8652C36CD40ABF6460D9ED377C1FF8E97BCE56D9CA5EC26A38",
     "Latitud": 36.3368449,
     "Longitud": -7.7579883,
     "Distance": 5.026980374522953,
     "Pos_date": 1701388976000
}