{
     "Matricula": "572AC77A5DE790549FEE5175A2B243ADE2CA3CE6CF97AD5735784BA335DE15BA",
     "Latitud": 19.4519748,
     "Longitud": -70.6852683,
     "Distance": 0.221394502034929,
     "Pos_date": 1701390754000
}