{
     "Matricula": "572AC77A5DE790549FEE5175A2B243ADE2CA3CE6CF97AD5735784BA335DE15BA",
     "Latitud": 18.4521564,
     "Longitud": -71.6851846,
     "Distance": 0.0220175557255782,
     "Pos_date": 1701390814000
}