{
     "Matricula": "EC690CEDF730B924D448C2E355203C5722778D4FEC36AEDE915615B89163A0DA",
     "Latitud": 42.3277866,
     "Longitud": -9.429555,
     "Distance": 0.0141601131673259,
     "Pos_date": 1701390851000
}