{
     "Matricula": "0B50B5AF0509E8A49158007E5E2B64366663DC54C5FD4C3E76E3FBF8ED261934",
     "Latitud": 42.0348816,
     "Longitud": -6.8469449,
     "Distance": 0.1936924897184833,
     "Pos_date": 1701390851000
}