{
     "Matricula": "6148713A6F329584E4C09884CB53EB63EF06A7CC9386E01998CB7832594AFFD3",
     "Latitud": 40.3357683,
     "Longitud": -3.8692833,
     "Distance": 0.1282115471985357,
     "Pos_date": 1701390852000
}