{
     "Matricula": "D8842171F6C11C48B042E582572630E9BE3ECC1C4F0D3DE6439B65C4E56DB1C5",
     "Latitud": 43.1367633,
     "Longitud": -8.0354766,
     "Distance": 0.0,
     "Pos_date": 1701390852010
}