{
     "Matricula": "4B4758B62B9D82CA301A29C665846D8E4ABCA306D1384720183FFC279252E8EE",
     "Latitud": 38.685925,
     "Longitud": -4.099595,
     "Distance": 0.14720619532163,
     "Pos_date": 1701390856000
}