{
     "Matricula": "C5CA505C663047FA69C208AC3B341057A18DB5E4EACBE1B31B23E05FF92EFD39",
     "Latitud": 37.26966,
     "Longitud": -6.9331183,
     "Distance": 4.844090152844677,
     "Pos_date": 1701390857000
}