{
     "Matricula": "96CCDDEBC559BA6C00439D619E2F188E69090FD1EE9491C275FE8A3B84B1DCC3",
     "Latitud": 38.19275,
     "Longitud": -5.8509916,
     "Distance": 0.0334162690398905,
     "Pos_date": 1701388819000
}