{
     "Matricula": "22F16451D967EC0E64ACA13AA45CEE744BF78E16D10B1CF00A7344A6CC4AA800",
     "Latitud": 38.9367049,
     "Longitud": -3.9823933,
     "Distance": 0.2246764001832832,
     "Pos_date": 1701390860000
}