{
     "Matricula": "D0987C421B7385E3BF5BC30D521B4F7684CDBC4CCE30DF650B89F94579B337DA",
     "Latitud": 36.1992516,
     "Longitud": -7.1102016,
     "Distance": 3.640802699992959,
     "Pos_date": 1701390854000
}