{
     "Matricula": "181A6026ED7AF9758B06127D107AEA2B827246FE86C61B4565FC8F915BC2DC53",
     "Latitud": 43.2287533,
     "Longitud": -7.720549999999999,
     "Distance": 0.055110016447168,
     "Pos_date": 1701390865000
}