{
     "Matricula": "4B4758B62B9D82CA301A29C665846D8E4ABCA306D1384720183FFC279252E8EE",
     "Latitud": 39.686365,
     "Longitud": -3.0994783000000004,
     "Distance": 0.0499633651205472,
     "Pos_date": 1701390866000
}