{
     "Matricula": "EC690CEDF730B924D448C2E355203C5722778D4FEC36AEDE915615B89163A0DA",
     "Latitud": 44.3277966,
     "Longitud": -7.429905,
     "Distance": 0.0283325411462769,
     "Pos_date": 1701390867000
}