{
     "Matricula": "39A7C03D597FA1866B013468871534F511F50FC1679C2A121B1A0A2E965C4635",
     "Latitud": 44.0097083,
     "Longitud": -6.5159883,
     "Distance": 2.028664744775405,
     "Pos_date": 1701390854000
}