{
     "Matricula": "6148713A6F329584E4C09884CB53EB63EF06A7CC9386E01998CB7832594AFFD3",
     "Latitud": 41.3366383,
     "Longitud": -2.8705533,
     "Distance": 0.1447270784768539,
     "Pos_date": 1701390869000
}