{
     "Matricula": "46DBBE2036029597B9E5A745B2723E3B48CEA05926D052BF2384161CF8B70AB8",
     "Latitud": 20.4302083,
     "Longitud": -98.198915,
     "Distance": 0.0263556226978047,
     "Pos_date": 1701390867000
}