{
     "Matricula": "F4AE0241D1A98FCCB07393881F2EB5F012112A9453EE549C474D6C427E650864",
     "Latitud": 36.3594083,
     "Longitud": -3.2695466,
     "Distance": 0.0433123509824984,
     "Pos_date": 1701388979000
}