{
     "Matricula": "22F16451D967EC0E64ACA13AA45CEE744BF78E16D10B1CF00A7344A6CC4AA800",
     "Latitud": 38.936305,
     "Longitud": -3.98228,
     "Distance": 0.0455339218926962,
     "Pos_date": 1701390869000
}