{
     "Matricula": "181A6026ED7AF9758B06127D107AEA2B827246FE86C61B4565FC8F915BC2DC53",
     "Latitud": 43.2284616,
     "Longitud": -7.720113299999999,
     "Distance": 0.0484244593103091,
     "Pos_date": 1701390875000
}