{
     "Matricula": "15B102B52BFF55DFE9F21D1C320F93BBBD882C85BC185F8A6E5A9119578439BA",
     "Latitud": 42.2287366,
     "Longitud": -8.72069,
     "Distance": 0.0289779286012632,
     "Pos_date": 1701390872000
}