{
     "Matricula": "2E6DE46599917276EA118315105E20AEC32E0A63CDE37C796351602488BB3A89",
     "Latitud": 38.2563616,
     "Longitud": 8.0781566,
     "Distance": 0.0101975194277221,
     "Pos_date": 1701390873000
}