{
     "Matricula": "1FE60CE123FE31D1895941F5902C518E1368095294E9D5414FD1ADB8D0D07BF1",
     "Latitud": 40.4658383,
     "Longitud": -3.6357033,
     "Distance": 0.011622993127487,
     "Pos_date": 1701390874000
}