{
     "Matricula": "679E1E2CF2BC6497342347D4B137CD3DC0C80EAF38A97781ADB848F40E7923FB",
     "Latitud": 38.5847333,
     "Longitud": 2.2319966,
     "Distance": 2.065015967398073,
     "Pos_date": 1701390864000
}