{
     "Matricula": "79FAC09BD0C0202DF4FA067B1C35E780A118C5B4C4641D16D8175F1A069598F8",
     "Latitud": 37.63187,
     "Longitud": -10.13934,
     "Distance": 0.0066682616552038,
     "Pos_date": 1701388974010
}