{
     "Matricula": "46DBBE2036029597B9E5A745B2723E3B48CEA05926D052BF2384161CF8B70AB8",
     "Latitud": 17.4301883,
     "Longitud": -101.1989683,
     "Distance": 0.0060153484844198,
     "Pos_date": 1701390878000
}