{
     "Matricula": "679E1E2CF2BC6497342347D4B137CD3DC0C80EAF38A97781ADB848F40E7923FB",
     "Latitud": 38.58379,
     "Longitud": 2.2328699,
     "Distance": 0.1288520488150779,
     "Pos_date": 1701390880000
}