{
     "Matricula": "22F16451D967EC0E64ACA13AA45CEE744BF78E16D10B1CF00A7344A6CC4AA800",
     "Latitud": 38.9355399,
     "Longitud": -3.9830399,
     "Distance": 0.1075068772284134,
     "Pos_date": 1701390882000
}