{
     "Matricula": "EFBFEA45FDDA61154A0E59ABA3E3934E7C85941EEFAEFB7062482EFF192DCC74",
     "Latitud": 29.9100116,
     "Longitud": -13.5401283,
     "Distance": 0.3995954021476904,
     "Pos_date": 1701390847000
}