{
     "Matricula": "1FE60CE123FE31D1895941F5902C518E1368095294E9D5414FD1ADB8D0D07BF1",
     "Latitud": 41.46572,
     "Longitud": -2.6356966,
     "Distance": 0.0131665834151147,
     "Pos_date": 1701390886000
}