{
     "Matricula": "09146B272A3A4286F445DB065CDE7500601FEB1F28507C9639C44DBD771361FC",
     "Latitud": 40.3630218,
     "Longitud": -3.6757238,
     "Distance": 0.5172153158874802,
     "Pos_date": 1701390887000
}