{
     "Matricula": "15B102B52BFF55DFE9F21D1C320F93BBBD882C85BC185F8A6E5A9119578439BA",
     "Latitud": 42.22937,
     "Longitud": -8.7207066,
     "Distance": 0.0704442243414161,
     "Pos_date": 1701390889000
}