{
     "Matricula": "F1B2B87C7D3D0D8652C36CD40ABF6460D9ED377C1FF8E97BCE56D9CA5EC26A38",
     "Latitud": 38.205915,
     "Longitud": -6.0180633,
     "Distance": 0.0019090256072675,
     "Pos_date": 1701390893000
}