{
     "Matricula": "216988BB419507DFAB380C71C4795482CA90FC861D4C361F913B93203A57F5F6",
     "Latitud": 32.5476633,
     "Longitud": -115.3167416,
     "Distance": 0.0056650725630985,
     "Pos_date": 1701390897000
}