{
     "Matricula": "79FAC09BD0C0202DF4FA067B1C35E780A118C5B4C4641D16D8175F1A069598F8",
     "Latitud": 39.63187,
     "Longitud": -8.13934,
     "Distance": 0.0,
     "Pos_date": 1701388974020
}