{
     "Matricula": "07F0F06AFDDE789E75C987F1E8AF8E5F48E72512AD4FC4FBD22D89D19D0618BC",
     "Latitud": 41.16569666666667,
     "Longitud": -8.620133333333333,
     "Distance": 0.0168340235229327,
     "Pos_date": 1701390905000
}