{
     "Matricula": "EC690CEDF730B924D448C2E355203C5722778D4FEC36AEDE915615B89163A0DA",
     "Latitud": 44.3278983,
     "Longitud": -7.4294183,
     "Distance": 0.0409600416568803,
     "Pos_date": 1701390905000
}