{
     "Matricula": "F1B2B87C7D3D0D8652C36CD40ABF6460D9ED377C1FF8E97BCE56D9CA5EC26A38",
     "Latitud": 37.2058233,
     "Longitud": -7.0181033,
     "Distance": 0.0079826487081064,
     "Pos_date": 1701390908000
}