{
     "Matricula": "6066442343EEFE8AD80976BF33D09F16C7A9B1D724AE30C32A2605B46F13C28A",
     "Latitud": 56.9416937,
     "Longitud": -3.137744,
     "Distance": 0.007244714311279,
     "Pos_date": 1701390770000
}