{
     "Matricula": "19CB2C27AEA2A6C6C4DBAAB759FC3A4D6FC7A80E197BBA6B9814F7F04708C407",
     "Latitud": 43.456485,
     "Longitud": -7.873445,
     "Distance": 2.9433840048187574,
     "Pos_date": 1701390916000
}