{
     "Matricula": "79FAC09BD0C0202DF4FA067B1C35E780A118C5B4C4641D16D8175F1A069598F8",
     "Latitud": 38.63194,
     "Longitud": -9.1392283,
     "Distance": 0.0124388421084515,
     "Pos_date": 1701388979000
}