{
     "Matricula": "069683C681F78E1053AF5A8EE9B0B3104A37813A42FFFB1BA9B8BCE4775FF700",
     "Latitud": 36.88963,
     "Longitud": -5.7849449,
     "Distance": 0.6738367769560752,
     "Pos_date": 1701390919000
}