{
     "Matricula": "4CD3FCAC24AA17EB8A4985E4F997FD3730871E563B5536B369A38FB9F5E20CDB",
     "Latitud": -32.590747,
     "Longitud": -68.015529,
     "Distance": 1.0914052361214923,
     "Pos_date": 1701390835000
}