{
     "Matricula": "B3C6B707FF586E09DD4455DAB6DEA799EC9DA501B0181ABE235EC1E192A20E3D",
     "Latitud": 40.7723548,
     "Longitud": 1.6731883,
     "Distance": 0.0054888009857667,
     "Pos_date": 1701390932000
}