{
     "Matricula": "7EC070513C90F85CC0D9282F55D6418B5BE5ADD95DF1ADE195847F3C1C72A5B8",
     "Latitud": 18.4280455,
     "Longitud": -70.4778106,
     "Distance": 0.0010184072996621,
     "Pos_date": 1701390933000
}