{
     "Matricula": "09146B272A3A4286F445DB065CDE7500601FEB1F28507C9639C44DBD771361FC",
     "Latitud": 39.3671125,
     "Longitud": -4.6772521000000005,
     "Distance": 0.4729360866561636,
     "Pos_date": 1701390947000
}