{
     "Matricula": "B505798DC7ED76BB9D4538F2F4057A1DF38D96751F3DB4F05EBED09AC13BB45A",
     "Latitud": 36.5685266,
     "Longitud": -7.7480166,
     "Distance": 0.0062929993157954,
     "Pos_date": 1701390959000
}