{
     "Matricula": "CA93FB7C2164238FD95910FB92316B6B21863EFD7D3E248D3414DA5AB8BF52AA",
     "Latitud": 40.4150549,
     "Longitud": -3.7135883,
     "Distance": 1.695599851136068,
     "Pos_date": 1701390960000
}