{
     "Matricula": "7E4A080157027B36C4D596160AC49CA6DBA51495D30AB66AC4B6C5D44B16E263",
     "Latitud": 32.57978,
     "Longitud": -115.3582233,
     "Distance": 1.4269249261018455,
     "Pos_date": 1701390963000
}