{
     "Matricula": "0B50B5AF0509E8A49158007E5E2B64366663DC54C5FD4C3E76E3FBF8ED261934",
     "Latitud": 41.0321433,
     "Longitud": -7.8754883,
     "Distance": 2.3769965623782308,
     "Pos_date": 1701390954000
}