{
     "Matricula": "AAAEFD88472AFE7F8B9A417CD689BB28B3BF408EB543D9CFC30E3323980F1746",
     "Latitud": 42.9946333,
     "Longitud": -7.5542033,
     "Distance": 0.1976111342702246,
     "Pos_date": 1701388982000
}