{
     "Matricula": "7EC070513C90F85CC0D9282F55D6418B5BE5ADD95DF1ADE195847F3C1C72A5B8",
     "Latitud": 17.4280845,
     "Longitud": -71.4777603,
     "Distance": 0.0068529586207647,
     "Pos_date": 1701390970000
}