{
     "Matricula": "181A6026ED7AF9758B06127D107AEA2B827246FE86C61B4565FC8F915BC2DC53",
     "Latitud": 42.2227,
     "Longitud": -8.7258666,
     "Distance": 0.7967853064177391,
     "Pos_date": 1701390977000
}