{
     "Matricula": "CE5F67198E0D4EF521FDDB3395D7AEE26815A2A9E45802F1E866281CC93E5CD5",
     "Latitud": 42.3627316,
     "Longitud": -9.4168849,
     "Distance": 1.1875864016447282,
     "Pos_date": 1701390975000
}