{
     "Matricula": "39A7C03D597FA1866B013468871534F511F50FC1679C2A121B1A0A2E965C4635",
     "Latitud": 43.0446233,
     "Longitud": -7.5272616,
     "Distance": 1.9675658130445104,
     "Pos_date": 1701390978000
}