{
     "Matricula": "CE5F67198E0D4EF521FDDB3395D7AEE26815A2A9E45802F1E866281CC93E5CD5",
     "Latitud": 43.3628416,
     "Longitud": -8.4168083,
     "Distance": 0.0137096602747115,
     "Pos_date": 1701390979000
}