{
     "Matricula": "F7A42C671224FB482AA1F752A7D2E24FBA1044196DF57F8D75B8E03E87517A35",
     "Latitud": 44.3570016,
     "Longitud": -7.4131733,
     "Distance": 0.576115859413161,
     "Pos_date": 1701388984000
}