{
     "Matricula": "2AD03D657048B0C07BE1FE1B38DD0427AA36B13BF57B38BBE1D2D5682B11666C",
     "Latitud": 37.8738266,
     "Longitud": -4.79966,
     "Distance": 0.6473556585194618,
     "Pos_date": 1701390983000
}