{
     "Matricula": "8B0FE8F5A3D03881366DD8F638A5D48BAB1174DC7DAFCA6E48EC624B6E1BFCBB",
     "Latitud": 39.3114066,
     "Longitud": -4.8811583,
     "Distance": 5.020935297136218,
     "Pos_date": 1701390986000
}