{
     "Matricula": "82FDF5C4ADC6E39A518110E31495EFB4F9C1F561693EA662EF8FAD8D63999384",
     "Latitud": 37.9725349,
     "Longitud": -4.44486,
     "Distance": 5.0184539030132,
     "Pos_date": 1701390901000
}