{
     "Matricula": "C5CA505C663047FA69C208AC3B341057A18DB5E4EACBE1B31B23E05FF92EFD39",
     "Latitud": 38.260295,
     "Longitud": -5.9471283,
     "Distance": 1.619103522694832,
     "Pos_date": 1701390986000
}