{
     "Matricula": "6148713A6F329584E4C09884CB53EB63EF06A7CC9386E01998CB7832594AFFD3",
     "Latitud": 41.3406316,
     "Longitud": -2.8650983,
     "Distance": 0.6410394600124173,
     "Pos_date": 1701390990000
}