{
     "Matricula": "069683C681F78E1053AF5A8EE9B0B3104A37813A42FFFB1BA9B8BCE4775FF700",
     "Latitud": 36.8935799,
     "Longitud": -5.7777733,
     "Distance": 0.0012815744322688,
     "Pos_date": 1701390993000
}