{
     "Matricula": "819E6C37F3BADB27EB7E184F15B91B3B5C093D8FD55FF4082DDA5939D8713135",
     "Latitud": 39.6971766,
     "Longitud": 8.7093449,
     "Distance": 5.009735077425187,
     "Pos_date": 1701390991000
}