{
     "Matricula": "E69D60580100D0461193C6EEF546D7D8F1C16A4DB77DD2A8C28C5E412560CF24",
     "Latitud": 42.4543066,
     "Longitud": -4.8273266,
     "Distance": 0.6450559670091786,
     "Pos_date": 1701390994000
}