{
     "Matricula": "B3C6B707FF586E09DD4455DAB6DEA799EC9DA501B0181ABE235EC1E192A20E3D",
     "Latitud": 40.7724412,
     "Longitud": 1.6732490000000002,
     "Distance": 0.0108461222026912,
     "Pos_date": 1701391001000
}