{
     "Matricula": "A14E8BE45CB9F9B1B8F8BFBED680BCFE79912B7C935C4B9D80F36FCAEC9F3A48",
     "Latitud": 38.6708749,
     "Longitud": -4.0599666,
     "Distance": 0.2878545514648237,
     "Pos_date": 1701388985000
}