{
     "Matricula": "22F16451D967EC0E64ACA13AA45CEE744BF78E16D10B1CF00A7344A6CC4AA800",
     "Latitud": 37.9355416,
     "Longitud": -4.983155,
     "Distance": 0.009957193941902,
     "Pos_date": 1701390999000
}