{
     "Matricula": "B3C6B707FF586E09DD4455DAB6DEA799EC9DA501B0181ABE235EC1E192A20E3D",
     "Latitud": 41.7724336,
     "Longitud": 2.6732399,
     "Distance": 0.0011329897875625,
     "Pos_date": 1701391010000
}