{
     "Matricula": "6148713A6F329584E4C09884CB53EB63EF06A7CC9386E01998CB7832594AFFD3",
     "Latitud": 40.3410733,
     "Longitud": -3.8638733,
     "Distance": 0.114854408896697,
     "Pos_date": 1701391005000
}