{
     "Matricula": "2AD03D657048B0C07BE1FE1B38DD0427AA36B13BF57B38BBE1D2D5682B11666C",
     "Latitud": 37.87386,
     "Longitud": -4.8002183,
     "Distance": 0.0491444464587128,
     "Pos_date": 1701390998000
}