{
     "Matricula": "09146B272A3A4286F445DB065CDE7500601FEB1F28507C9639C44DBD771361FC",
     "Latitud": 40.3719994,
     "Longitud": -3.6790032,
     "Distance": 0.5632851419072201,
     "Pos_date": 1701391007000
}