{
     "Matricula": "EFBFEA45FDDA61154A0E59ABA3E3934E7C85941EEFAEFB7062482EFF192DCC74",
     "Latitud": 28.8997633,
     "Longitud": -14.53552,
     "Distance": 1.2262387085196635,
     "Pos_date": 1701390954000
}