{
     "Matricula": "CE5F67198E0D4EF521FDDB3395D7AEE26815A2A9E45802F1E866281CC93E5CD5",
     "Latitud": 42.3629366,
     "Longitud": -9.4164283,
     "Distance": 0.0324850850667988,
     "Pos_date": 1701391009000
}