{
     "Matricula": "6148713A6F329584E4C09884CB53EB63EF06A7CC9386E01998CB7832594AFFD3",
     "Latitud": 40.3414516,
     "Longitud": -3.8644133,
     "Distance": 0.0621615915044812,
     "Pos_date": 1701391011000
}