{
     "Matricula": "EFBFEA45FDDA61154A0E59ABA3E3934E7C85941EEFAEFB7062482EFF192DCC74",
     "Latitud": 27.89902,
     "Longitud": -15.533585,
     "Distance": 0.2073400245954314,
     "Pos_date": 1701390977000
}