{
     "Matricula": "679E1E2CF2BC6497342347D4B137CD3DC0C80EAF38A97781ADB848F40E7923FB",
     "Latitud": 40.61293,
     "Longitud": 3.7142816,
     "Distance": 0.422965267675545,
     "Pos_date": 1701388985000
}