{
     "Matricula": "069683C681F78E1053AF5A8EE9B0B3104A37813A42FFFB1BA9B8BCE4775FF700",
     "Latitud": 37.8936183,
     "Longitud": -4.7777633,
     "Distance": 0.0043591254068508,
     "Pos_date": 1701391012000
}