{
     "Matricula": "22F16451D967EC0E64ACA13AA45CEE744BF78E16D10B1CF00A7344A6CC4AA800",
     "Latitud": 39.93545,
     "Longitud": -2.9836216,
     "Distance": 0.041623340839313,
     "Pos_date": 1701391012000
}