{
     "Matricula": "508F5591B74AE64243D2DCF64C584E049B90F347F02FFCBC647164BB8D2FE9F7",
     "Latitud": 19.9653826,
     "Longitud": -69.4091757,
     "Distance": 3.2784017870146607,
     "Pos_date": 1701390841000
}