{
     "Matricula": "508F5591B74AE64243D2DCF64C584E049B90F347F02FFCBC647164BB8D2FE9F7",
     "Latitud": 18.9425854,
     "Longitud": -70.3933128,
     "Distance": 3.034620729421869,
     "Pos_date": 1701390961000
}