{
     "Matricula": "A14E8BE45CB9F9B1B8F8BFBED680BCFE79912B7C935C4B9D80F36FCAEC9F3A48",
     "Latitud": 38.6799316,
     "Longitud": -4.056395,
     "Distance": 0.0011439122529989,
     "Pos_date": 1701391013000
}