{
     "Matricula": "A14E8BE45CB9F9B1B8F8BFBED680BCFE79912B7C935C4B9D80F36FCAEC9F3A48",
     "Latitud": 39.6799316,
     "Longitud": -3.056395,
     "Distance": 0.0,
     "Pos_date": 1701391013010
}