{
     "Matricula": "E8D5D7745EE18927FC55BAD5FD79EA2AE5C9C781209D76F070370B1DB612B47A",
     "Latitud": 43.2734483,
     "Longitud": -5.80988,
     "Distance": 0.020152131349248,
     "Pos_date": 1701391015000
}