{
     "Matricula": "A14E8BE45CB9F9B1B8F8BFBED680BCFE79912B7C935C4B9D80F36FCAEC9F3A48",
     "Latitud": 37.6799966,
     "Longitud": -5.0563649,
     "Distance": 0.0076854498162108,
     "Pos_date": 1701391019000
}