{
     "Matricula": "AE761A87AB9E32A666F296B3596A9CD533B214ECA5D011EE7C0CAE3C6CE822F4",
     "Latitud": 19.6338063,
     "Longitud": -70.2840022,
     "Distance": 0.8054389160902536,
     "Pos_date": 1701390329000
}