{
     "Matricula": "AE761A87AB9E32A666F296B3596A9CD533B214ECA5D011EE7C0CAE3C6CE822F4",
     "Latitud": 20.6437317,
     "Longitud": -69.2957888,
     "Distance": 1.6558184942772929,
     "Pos_date": 1701390449000
}