{
     "Matricula": "C45D1B997E2C771440AD44B4EC93794F1E6FE175EE49F8D49415BD1213ED4507",
     "Latitud": 41.3849933,
     "Longitud": 2.1412199,
     "Distance": 0.0383736840362858,
     "Pos_date": 1701388818000
}