{
     "Matricula": "79FAC09BD0C0202DF4FA067B1C35E780A118C5B4C4641D16D8175F1A069598F8",
     "Latitud": 38.6318516,
     "Longitud": -9.1389266,
     "Distance": 0.0279892791771795,
     "Pos_date": 1701388988000
}