{
     "Matricula": "AE761A87AB9E32A666F296B3596A9CD533B214ECA5D011EE7C0CAE3C6CE822F4",
     "Latitud": 20.6438368,
     "Longitud": -69.29585,
     "Distance": 0.0133286557815471,
     "Pos_date": 1701390569000
}