{
     "Matricula": "AE761A87AB9E32A666F296B3596A9CD533B214ECA5D011EE7C0CAE3C6CE822F4",
     "Latitud": 20.6438126,
     "Longitud": -69.2958473,
     "Distance": 0.0027057356058342,
     "Pos_date": 1701390632000
}