{
     "Matricula": "AE761A87AB9E32A666F296B3596A9CD533B214ECA5D011EE7C0CAE3C6CE822F4",
     "Latitud": 18.6440562,
     "Longitud": -71.2961783,
     "Distance": 0.0439916967326729,
     "Pos_date": 1701390665000
}