{
     "Matricula": "AE761A87AB9E32A666F296B3596A9CD533B214ECA5D011EE7C0CAE3C6CE822F4",
     "Latitud": 19.6540244,
     "Longitud": -70.3088481,
     "Distance": 1.7288547552932028,
     "Pos_date": 1701390760000
}