{
     "Matricula": "AE761A87AB9E32A666F296B3596A9CD533B214ECA5D011EE7C0CAE3C6CE822F4",
     "Latitud": 19.6524368,
     "Longitud": -70.3132015,
     "Distance": 0.4888638040704454,
     "Pos_date": 1701390785000
}