{
     "Matricula": "AE761A87AB9E32A666F296B3596A9CD533B214ECA5D011EE7C0CAE3C6CE822F4",
     "Latitud": 19.6511483,
     "Longitud": -70.3226111,
     "Distance": 0.9957200694980616,
     "Pos_date": 1701390837000
}