{
     "Matricula": "AE761A87AB9E32A666F296B3596A9CD533B214ECA5D011EE7C0CAE3C6CE822F4",
     "Latitud": 19.6463287,
     "Longitud": -70.3309326,
     "Distance": 1.0230333386647543,
     "Pos_date": 1701390889000
}