{
     "Matricula": "AE761A87AB9E32A666F296B3596A9CD533B214ECA5D011EE7C0CAE3C6CE822F4",
     "Latitud": 20.6475239,
     "Longitud": -69.3334658,
     "Distance": 0.2967091912620833,
     "Pos_date": 1701390905000
}