{
     "Matricula": "AE761A87AB9E32A666F296B3596A9CD533B214ECA5D011EE7C0CAE3C6CE822F4",
     "Latitud": 20.6484749,
     "Longitud": -69.3414785,
     "Distance": 0.8457339675090775,
     "Pos_date": 1701390952000
}