{
     "Matricula": "AE761A87AB9E32A666F296B3596A9CD533B214ECA5D011EE7C0CAE3C6CE822F4",
     "Latitud": 19.6469812,
     "Longitud": -70.343866,
     "Distance": 0.3001621758505366,
     "Pos_date": 1701390969000
}