{
     "Matricula": "4CD3FCAC24AA17EB8A4985E4F997FD3730871E563B5536B369A38FB9F5E20CDB",
     "Latitud": -34.579781,
     "Longitud": -70.016154,
     "Distance": 1.2207389092570569,
     "Pos_date": 1701390955000
}