{
     "Matricula": "22F16451D967EC0E64ACA13AA45CEE744BF78E16D10B1CF00A7344A6CC4AA800",
     "Latitud": 39.93601,
     "Longitud": -2.9841416,
     "Distance": 0.0768136930467728,
     "Pos_date": 1701391021000
}