{
     "Matricula": "4B4758B62B9D82CA301A29C665846D8E4ABCA306D1384720183FFC279252E8EE",
     "Latitud": 37.6872399,
     "Longitud": -5.0992233,
     "Distance": 0.0997705259676585,
     "Pos_date": 1701391021000
}