{
     "Matricula": "07F0F06AFDDE789E75C987F1E8AF8E5F48E72512AD4FC4FBD22D89D19D0618BC",
     "Latitud": 41.16583833333333,
     "Longitud": -8.6202,
     "Distance": 0.0074030092860179,
     "Pos_date": 1701391025000
}