{
     "Matricula": "AFD5148D8A999F8F2550CA4016B323A81490232058731E5BD298BCE508F41106",
     "Latitud": 43.91822,
     "Longitud": -7.242675,
     "Distance": 0.0099115362353671,
     "Pos_date": 1701391032000
}