{
     "Matricula": "4B4758B62B9D82CA301A29C665846D8E4ABCA306D1384720183FFC279252E8EE",
     "Latitud": 38.687115,
     "Longitud": -4.09914,
     "Distance": 0.0156575175588163,
     "Pos_date": 1701391035000
}