{
     "Matricula": "F4AE0241D1A98FCCB07393881F2EB5F012112A9453EE549C474D6C427E650864",
     "Latitud": 37.3591183,
     "Longitud": -2.2737116,
     "Distance": 0.0,
     "Pos_date": 1701391035000
}