{
     "Matricula": "679E1E2CF2BC6497342347D4B137CD3DC0C80EAF38A97781ADB848F40E7923FB",
     "Latitud": 39.5844983,
     "Longitud": 3.2405533,
     "Distance": 0.6631371727229987,
     "Pos_date": 1701390914000
}