{
     "Matricula": "6148713A6F329584E4C09884CB53EB63EF06A7CC9386E01998CB7832594AFFD3",
     "Latitud": 40.3434166,
     "Longitud": -3.8676383,
     "Distance": 0.34992516137637,
     "Pos_date": 1701391039000
}