{
     "Matricula": "A6CB6B76C9ECB8C0FF4649D07C374C16E8745047A84303D7E6673F577AC7D644",
     "Latitud": 39.6893449,
     "Longitud": -6.0914116,
     "Distance": 0.0101864159759631,
     "Pos_date": 1701391041000
}