{
     "Matricula": "9E1AFCD5BA4E22A6760253B3D722E4263303C8E9629BB44029D4F9672DF44A13",
     "Latitud": 18.8349834,
     "Longitud": -70.3005359,
     "Distance": 0.5379611424819113,
     "Pos_date": 1701390881000
}