{
     "Matricula": "9E1AFCD5BA4E22A6760253B3D722E4263303C8E9629BB44029D4F9672DF44A13",
     "Latitud": 17.8105496,
     "Longitud": -71.2814166,
     "Distance": 3.3809622968567137,
     "Pos_date": 1701391001000
}