{
     "Matricula": "A14E8BE45CB9F9B1B8F8BFBED680BCFE79912B7C935C4B9D80F36FCAEC9F3A48",
     "Latitud": 37.680715,
     "Longitud": -5.0553633,
     "Distance": 0.0508950947443767,
     "Pos_date": 1701391045000
}