{
     "Matricula": "9E1AFCD5BA4E22A6760253B3D722E4263303C8E9629BB44029D4F9672DF44A13",
     "Latitud": 17.805589,
     "Longitud": -71.2782902,
     "Distance": 0.6422992979364097,
     "Pos_date": 1701391025000
}