{
     "Matricula": "81486AACFBE20A1A64655FD2B79DD456B68E4AB7452D1E1295D6FEDCD52DD526",
     "Latitud": 28.856815,
     "Longitud": -14.3928349,
     "Distance": 0.0606787786199077,
     "Pos_date": 1701388990000
}