{
     "Matricula": "B505798DC7ED76BB9D4538F2F4057A1DF38D96751F3DB4F05EBED09AC13BB45A",
     "Latitud": 38.5677249,
     "Longitud": -5.7484016,
     "Distance": 0.0926308423935509,
     "Pos_date": 1701391042000
}