{
     "Matricula": "B3C6B707FF586E09DD4455DAB6DEA799EC9DA501B0181ABE235EC1E192A20E3D",
     "Latitud": 41.7724242,
     "Longitud": 2.6732192,
     "Distance": 0.0020098078035523,
     "Pos_date": 1701391052000
}