{
     "Matricula": "6148713A6F329584E4C09884CB53EB63EF06A7CC9386E01998CB7832594AFFD3",
     "Latitud": 41.3439016,
     "Longitud": -2.8682466,
     "Distance": 0.0746067530454981,
     "Pos_date": 1701391046000
}