{
     "Matricula": "A14E8BE45CB9F9B1B8F8BFBED680BCFE79912B7C935C4B9D80F36FCAEC9F3A48",
     "Latitud": 38.6807783,
     "Longitud": -4.0554466,
     "Distance": 0.0100908823768192,
     "Pos_date": 1701391049000
}