{
     "Matricula": "6148713A6F329584E4C09884CB53EB63EF06A7CC9386E01998CB7832594AFFD3",
     "Latitud": 39.3436066,
     "Longitud": -4.86871,
     "Distance": 0.0511701888091344,
     "Pos_date": 1701391051000
}