{
     "Matricula": "FF3C59B448620745BF18F32F614A1E7B43B32C7A89545EC541A90558D199D111",
     "Latitud": 38.0141197,
     "Longitud": -4.5634993,
     "Distance": 0.0046992430382593,
     "Pos_date": 1701391054000
}