{
     "Matricula": "96CCDDEBC559BA6C00439D619E2F188E69090FD1EE9491C275FE8A3B84B1DCC3",
     "Latitud": 39.3019316,
     "Longitud": -4.7272333,
     "Distance": 4.739941178074208,
     "Pos_date": 1701391051000
}