{
     "Matricula": "22F16451D967EC0E64ACA13AA45CEE744BF78E16D10B1CF00A7344A6CC4AA800",
     "Latitud": 37.9381733,
     "Longitud": -4.9821566,
     "Distance": 0.2955325823436142,
     "Pos_date": 1701391056000
}