{
     "Matricula": "09146B272A3A4286F445DB065CDE7500601FEB1F28507C9639C44DBD771361FC",
     "Latitud": 41.3762777,
     "Longitud": -2.6815903,
     "Distance": 0.5237798825135657,
     "Pos_date": 1701391067000
}