{
     "Matricula": "0872559FB2E1D5E4ADBFECC22DD8AC7ED66EF76026E1AA97D9EC085F2F413185",
     "Latitud": 20.6806907,
     "Longitud": -69.3726054,
     "Distance": 0.0016795679265369,
     "Pos_date": 1701390915000
}