{
     "Matricula": "0872559FB2E1D5E4ADBFECC22DD8AC7ED66EF76026E1AA97D9EC085F2F413185",
     "Latitud": 19.6806916,
     "Longitud": -70.3725924,
     "Distance": 0.0013647678564585,
     "Pos_date": 1701391035000
}