{
     "Matricula": "730655A225241D534D1C78911ACA85AB05E607C709D7B9520443018F8A067709",
     "Latitud": 42.4254583,
     "Longitud": -4.8515716,
     "Distance": 0.0072389505982874,
     "Pos_date": 1701391068000
}