{
     "Matricula": "4B4758B62B9D82CA301A29C665846D8E4ABCA306D1384720183FFC279252E8EE",
     "Latitud": 38.68711,
     "Longitud": -4.0987816,
     "Distance": 0.0311125316460649,
     "Pos_date": 1701391068000
}