{
     "Matricula": "22F16451D967EC0E64ACA13AA45CEE744BF78E16D10B1CF00A7344A6CC4AA800",
     "Latitud": 38.9383533,
     "Longitud": -3.9810316,
     "Distance": 0.0993386770922274,
     "Pos_date": 1701391071000
}