{
     "Matricula": "46DBBE2036029597B9E5A745B2723E3B48CEA05926D052BF2384161CF8B70AB8",
     "Latitud": 20.430215,
     "Longitud": -98.1989983,
     "Distance": 0.0043256095676178,
     "Pos_date": 1701391075000
}