{
     "Matricula": "15B102B52BFF55DFE9F21D1C320F93BBBD882C85BC185F8A6E5A9119578439BA",
     "Latitud": 42.2344916,
     "Longitud": -8.7149766,
     "Distance": 0.7395182606184423,
     "Pos_date": 1701391078000
}