{
     "Matricula": "E0047EE446AB648BEA8D01836B0FBDBA466C8C19A4EFA5788990BB1D505D5919",
     "Latitud": 40.1216,
     "Longitud": 0.1927166666666666,
     "Distance": 0.0049415960235363,
     "Pos_date": 1701391080000
}