{
     "Matricula": "96CCDDEBC559BA6C00439D619E2F188E69090FD1EE9491C275FE8A3B84B1DCC3",
     "Latitud": 41.304485,
     "Longitud": -2.7243816,
     "Distance": 0.3729529713490283,
     "Pos_date": 1701391080000
}