{
     "Matricula": "23ED941E3ED5B0591B9F22826E331B2FCB3F1C8D49F661280801A3C964C2FBAE",
     "Latitud": 39.4685866,
     "Longitud": -6.3946083,
     "Distance": 0.0591680360408191,
     "Pos_date": 1701388991000
}