{
     "Matricula": "22F16451D967EC0E64ACA13AA45CEE744BF78E16D10B1CF00A7344A6CC4AA800",
     "Latitud": 39.9383633,
     "Longitud": -2.98103,
     "Distance": 0.0011205287751444,
     "Pos_date": 1701391081000
}