{
     "Matricula": "A14E8BE45CB9F9B1B8F8BFBED680BCFE79912B7C935C4B9D80F36FCAEC9F3A48",
     "Latitud": 37.6809783,
     "Longitud": -5.0554533,
     "Distance": 0.0083706939315474,
     "Pos_date": 1701391081000
}