{
     "Matricula": "6148713A6F329584E4C09884CB53EB63EF06A7CC9386E01998CB7832594AFFD3",
     "Latitud": 40.3405466,
     "Longitud": -3.872135,
     "Distance": 0.4472526864949677,
     "Pos_date": 1701391083000
}