{
     "Matricula": "82FDF5C4ADC6E39A518110E31495EFB4F9C1F561693EA662EF8FAD8D63999384",
     "Latitud": 38.962285,
     "Longitud": -3.5014733,
     "Distance": 5.025429092356008,
     "Pos_date": 1701391082000
}