{
     "Matricula": "572AC77A5DE790549FEE5175A2B243ADE2CA3CE6CF97AD5735784BA335DE15BA",
     "Latitud": 19.452213,
     "Longitud": -70.68521,
     "Distance": 0.0068339036485764,
     "Pos_date": 1701390874000
}