{
     "Matricula": "572AC77A5DE790549FEE5175A2B243ADE2CA3CE6CF97AD5735784BA335DE15BA",
     "Latitud": 19.4532973,
     "Longitud": -70.6849572,
     "Distance": 0.1234478946508613,
     "Pos_date": 1701390934000
}