{
     "Matricula": "572AC77A5DE790549FEE5175A2B243ADE2CA3CE6CF97AD5735784BA335DE15BA",
     "Latitud": 19.4533043,
     "Longitud": -70.6849577,
     "Distance": 0.0007801289558652,
     "Pos_date": 1701390935000
}