{
     "Matricula": "572AC77A5DE790549FEE5175A2B243ADE2CA3CE6CF97AD5735784BA335DE15BA",
     "Latitud": 19.4583891,
     "Longitud": -70.6855116,
     "Distance": 0.5683793766737739,
     "Pos_date": 1701390989000
}