{
     "Matricula": "23ED941E3ED5B0591B9F22826E331B2FCB3F1C8D49F661280801A3C964C2FBAE",
     "Latitud": 40.4686216,
     "Longitud": -5.39463,
     "Distance": 0.0043146317401096,
     "Pos_date": 1701388993000
}