{
     "Matricula": "572AC77A5DE790549FEE5175A2B243ADE2CA3CE6CF97AD5735784BA335DE15BA",
     "Latitud": 20.4585733,
     "Longitud": -69.6851737,
     "Distance": 0.040921562305525,
     "Pos_date": 1701390993000
}