{
     "Matricula": "572AC77A5DE790549FEE5175A2B243ADE2CA3CE6CF97AD5735784BA335DE15BA",
     "Latitud": 19.458603,
     "Longitud": -70.6850628,
     "Distance": 0.0120870993015508,
     "Pos_date": 1701390994000
}