{
     "Matricula": "572AC77A5DE790549FEE5175A2B243ADE2CA3CE6CF97AD5735784BA335DE15BA",
     "Latitud": 21.4589578,
     "Longitud": -68.6811613,
     "Distance": 0.4109461147134634,
     "Pos_date": 1701391035000
}