{
     "Matricula": "572AC77A5DE790549FEE5175A2B243ADE2CA3CE6CF97AD5735784BA335DE15BA",
     "Latitud": 19.458886,
     "Longitud": -70.6810151,
     "Distance": 0.0172827438219876,
     "Pos_date": 1701391054000
}