{
     "Matricula": "D0987C421B7385E3BF5BC30D521B4F7684CDBC4CCE30DF650B89F94579B337DA",
     "Latitud": 37.22951,
     "Longitud": -6.1433283,
     "Distance": 4.463825252307682,
     "Pos_date": 1701391094000
}