{
     "Matricula": "8B0FE8F5A3D03881366DD8F638A5D48BAB1174DC7DAFCA6E48EC624B6E1BFCBB",
     "Latitud": 37.3229566,
     "Longitud": -6.8434633,
     "Distance": 3.572312606106265,
     "Pos_date": 1701391107000
}