{
     "Matricula": "F4AE0241D1A98FCCB07393881F2EB5F012112A9453EE549C474D6C427E650864",
     "Latitud": 37.3591716,
     "Longitud": -2.2734933,
     "Distance": 0.02018379657817,
     "Pos_date": 1701391108000
}