{
     "Matricula": "0B50B5AF0509E8A49158007E5E2B64366663DC54C5FD4C3E76E3FBF8ED261934",
     "Latitud": 42.0320216,
     "Longitud": -6.9249933,
     "Distance": 4.088757783271338,
     "Pos_date": 1701391109000
}