{
     "Matricula": "FF3C59B448620745BF18F32F614A1E7B43B32C7A89545EC541A90558D199D111",
     "Latitud": 38.0140774,
     "Longitud": -4.5634749,
     "Distance": 0.0051664962443141,
     "Pos_date": 1701391114000
}