{
     "Matricula": "4CD3FCAC24AA17EB8A4985E4F997FD3730871E563B5536B369A38FB9F5E20CDB",
     "Latitud": -32.569801,
     "Longitud": -68.016612,
     "Distance": 1.110537785247906,
     "Pos_date": 1701391075000
}