{
     "Matricula": "CA93FB7C2164238FD95910FB92316B6B21863EFD7D3E248D3414DA5AB8BF52AA",
     "Latitud": 40.4064133,
     "Longitud": -3.71151,
     "Distance": 0.9768815748551886,
     "Pos_date": 1701391111000
}