{
     "Matricula": "EFBFEA45FDDA61154A0E59ABA3E3934E7C85941EEFAEFB7062482EFF192DCC74",
     "Latitud": 28.8908766,
     "Longitud": -14.5254733,
     "Distance": 0.2386405773955211,
     "Pos_date": 1701391074000
}