{
     "Matricula": "09146B272A3A4286F445DB065CDE7500601FEB1F28507C9639C44DBD771361FC",
     "Latitud": 40.3789073,
     "Longitud": -3.6820533,
     "Distance": 0.2950171281145831,
     "Pos_date": 1701391116000
}