{
     "Matricula": "76EC2FC54BFD61A8798D9B089470DAA7679F072C642E6E7A66E72EE7F5FDB2FB",
     "Latitud": 44.5960316,
     "Longitud": -6.39162,
     "Distance": 0.0,
     "Pos_date": 1701391113000
}