{
     "Matricula": "C5CA505C663047FA69C208AC3B341057A18DB5E4EACBE1B31B23E05FF92EFD39",
     "Latitud": 37.2577716,
     "Longitud": -6.9501016,
     "Distance": 0.384672674185318,
     "Pos_date": 1701391087000
}