{
     "Matricula": "C45D1B997E2C771440AD44B4EC93794F1E6FE175EE49F8D49415BD1213ED4507",
     "Latitud": 41.39044,
     "Longitud": 2.1372066,
     "Distance": 0.6940295169301579,
     "Pos_date": 1701388990000
}