{
     "Matricula": "2E6DE46599917276EA118315105E20AEC32E0A63CDE37C796351602488BB3A89",
     "Latitud": 39.25636,
     "Longitud": 9.0781566,
     "Distance": 0.0001779121280868,
     "Pos_date": 1701391113000
}