{
     "Matricula": "B505798DC7ED76BB9D4538F2F4057A1DF38D96751F3DB4F05EBED09AC13BB45A",
     "Latitud": 37.5684066,
     "Longitud": -6.7503733,
     "Distance": 0.1895915411496164,
     "Pos_date": 1701391070000
}