{
     "Matricula": "D0987C421B7385E3BF5BC30D521B4F7684CDBC4CCE30DF650B89F94579B337DA",
     "Latitud": 38.2310716,
     "Longitud": -5.1444383,
     "Distance": 0.1995226820173697,
     "Pos_date": 1701391116000
}