{
     "Matricula": "A14E8BE45CB9F9B1B8F8BFBED680BCFE79912B7C935C4B9D80F36FCAEC9F3A48",
     "Latitud": 38.6810183,
     "Longitud": -4.0554566,
     "Distance": 0.0044570177331227,
     "Pos_date": 1701391118000
}