{
     "Matricula": "A14E8BE45CB9F9B1B8F8BFBED680BCFE79912B7C935C4B9D80F36FCAEC9F3A48",
     "Latitud": 39.6809866,
     "Longitud": -3.0555099,
     "Distance": 0.005816379302677,
     "Pos_date": 1701391120000
}