{
     "Matricula": "181A6026ED7AF9758B06127D107AEA2B827246FE86C61B4565FC8F915BC2DC53",
     "Latitud": 42.2208399,
     "Longitud": -8.73233,
     "Distance": 0.5710084793196388,
     "Pos_date": 1701391118000
}