{
     "Matricula": "A14E8BE45CB9F9B1B8F8BFBED680BCFE79912B7C935C4B9D80F36FCAEC9F3A48",
     "Latitud": 38.6808599,
     "Longitud": -4.0554966,
     "Distance": 0.014135639816837,
     "Pos_date": 1701391124000
}