{
     "Matricula": "751DE836EF44669C1D535651A792CCB2F2CA5E1DF2A70D791922763744110CBC",
     "Latitud": 40.3030433,
     "Longitud": -3.7007749,
     "Distance": 0.0013550601381332,
     "Pos_date": 1701388997000
}