{
     "Matricula": "679E1E2CF2BC6497342347D4B137CD3DC0C80EAF38A97781ADB848F40E7923FB",
     "Latitud": 39.6037133,
     "Longitud": 3.2921533,
     "Distance": 4.910521517914552,
     "Pos_date": 1701391103000
}