{
     "Matricula": "1FE60CE123FE31D1895941F5902C518E1368095294E9D5414FD1ADB8D0D07BF1",
     "Latitud": 41.4658,
     "Longitud": -2.635745,
     "Distance": 0.0097926768659136,
     "Pos_date": 1701391126000
}