{
     "Matricula": "82FDF5C4ADC6E39A518110E31495EFB4F9C1F561693EA662EF8FAD8D63999384",
     "Latitud": 38.9611799,
     "Longitud": -3.5142233,
     "Distance": 1.1092120576852356,
     "Pos_date": 1701391127000
}