{
     "Matricula": "19CB2C27AEA2A6C6C4DBAAB759FC3A4D6FC7A80E197BBA6B9814F7F04708C407",
     "Latitud": 42.4776449,
     "Longitud": -8.8610466,
     "Distance": 1.3988652064297826,
     "Pos_date": 1701391116000
}