{
     "Matricula": "15B102B52BFF55DFE9F21D1C320F93BBBD882C85BC185F8A6E5A9119578439BA",
     "Latitud": 42.2357033,
     "Longitud": -8.7115466,
     "Distance": 0.3128817079560376,
     "Pos_date": 1701391133000
}