{
     "Matricula": "82FDF5C4ADC6E39A518110E31495EFB4F9C1F561693EA662EF8FAD8D63999384",
     "Latitud": 38.9610683,
     "Longitud": -3.5154599,
     "Distance": 0.1076369663953021,
     "Pos_date": 1701391136000
}