{
     "Matricula": "C5CA505C663047FA69C208AC3B341057A18DB5E4EACBE1B31B23E05FF92EFD39",
     "Latitud": 37.2561066,
     "Longitud": -6.94773,
     "Distance": 0.279879390344998,
     "Pos_date": 1701391138000
}