{
     "Matricula": "07F0F06AFDDE789E75C987F1E8AF8E5F48E72512AD4FC4FBD22D89D19D0618BC",
     "Latitud": 41.165911666666666,
     "Longitud": -8.620133333333333,
     "Distance": 0.0043489742322865,
     "Pos_date": 1701391145000
}