{
     "Matricula": "8BF12194622A41A0C1789A99634AA8F81B08BBF7C271BE92A62999EC14F0BB4B",
     "Latitud": 40.3991933,
     "Longitud": -5.7387183,
     "Distance": 0.0713505873783039,
     "Pos_date": 1701388811000
}