{
     "Matricula": "6066442343EEFE8AD80976BF33D09F16C7A9B1D724AE30C32A2605B46F13C28A",
     "Latitud": 54.9416867,
     "Longitud": -5.1377658,
     "Distance": 0.0015648691823379,
     "Pos_date": 1701391010000
}