{
     "Matricula": "C5CA505C663047FA69C208AC3B341057A18DB5E4EACBE1B31B23E05FF92EFD39",
     "Latitud": 38.25582,
     "Longitud": -5.9470083,
     "Distance": 0.0713824296776324,
     "Pos_date": 1701391152000
}