{
     "Matricula": "39A7C03D597FA1866B013468871534F511F50FC1679C2A121B1A0A2E965C4635",
     "Latitud": 42.0797533,
     "Longitud": -8.5791383,
     "Distance": 2.028222063058544,
     "Pos_date": 1701391160000
}