{
     "Matricula": "82FDF5C4ADC6E39A518110E31495EFB4F9C1F561693EA662EF8FAD8D63999384",
     "Latitud": 39.9600683,
     "Longitud": -2.5208483,
     "Distance": 0.478982572473927,
     "Pos_date": 1701391160000
}