{
     "Matricula": "A14E8BE45CB9F9B1B8F8BFBED680BCFE79912B7C935C4B9D80F36FCAEC9F3A48",
     "Latitud": 38.6808916,
     "Longitud": -4.0551983,
     "Distance": 0.0261322222541778,
     "Pos_date": 1701391162000
}