{
     "Matricula": "C5CA505C663047FA69C208AC3B341057A18DB5E4EACBE1B31B23E05FF92EFD39",
     "Latitud": 36.2554733,
     "Longitud": -7.9472383,
     "Distance": 0.0435956079304621,
     "Pos_date": 1701391163000
}