{
     "Matricula": "819E6C37F3BADB27EB7E184F15B91B3B5C093D8FD55FF4082DDA5939D8713135",
     "Latitud": 38.6588183,
     "Longitud": 7.739999900000001,
     "Distance": 5.007496731882923,
     "Pos_date": 1701391162000
}