{
     "Matricula": "A14E8BE45CB9F9B1B8F8BFBED680BCFE79912B7C935C4B9D80F36FCAEC9F3A48",
     "Latitud": 38.6710866,
     "Longitud": -4.0595283,
     "Distance": 0.0447439233651681,
     "Pos_date": 1701388996000
}