{
     "Matricula": "B3C6B707FF586E09DD4455DAB6DEA799EC9DA501B0181ABE235EC1E192A20E3D",
     "Latitud": 41.7723191,
     "Longitud": 2.6732346,
     "Distance": 0.0117561766360761,
     "Pos_date": 1701391172000
}