{
     "Matricula": "2AD03D657048B0C07BE1FE1B38DD0427AA36B13BF57B38BBE1D2D5682B11666C",
     "Latitud": 37.8737716,
     "Longitud": -4.80062,
     "Distance": 0.0366031573976842,
     "Pos_date": 1701391171000
}