{
     "Matricula": "D27B62DF2FE5D39E189D483C49D0DD12E9CE25A8778307460262F026137B0350",
     "Latitud": 45.89824,
     "Longitud": 9.5812666,
     "Distance": 0.0,
     "Pos_date": 1701391177000
}