{
     "Matricula": "C5CA505C663047FA69C208AC3B341057A18DB5E4EACBE1B31B23E05FF92EFD39",
     "Latitud": 36.2551866,
     "Longitud": -7.94722,
     "Distance": 0.0319207460804515,
     "Pos_date": 1701391177000
}