{
     "Matricula": "44C8A1AF0DE74873DDA53C547CDE57CE0ED68811C3D22936C420588ECCE39BF4",
     "Latitud": 42.2662666,
     "Longitud": -3.9305183,
     "Distance": 0.0103238342921413,
     "Pos_date": 1701388980010
}