{
     "Matricula": "09146B272A3A4286F445DB065CDE7500601FEB1F28507C9639C44DBD771361FC",
     "Latitud": 40.3829485,
     "Longitud": -3.6798765,
     "Distance": 0.4249265624941667,
     "Pos_date": 1701391187000
}