{
     "Matricula": "8CECB523F0EF7C77F7990DA313F6009AC496E1E060A881986DA7C09AB16474EA",
     "Latitud": 42.2140999,
     "Longitud": -8.7464833,
     "Distance": 0.0,
     "Pos_date": 1701391170020
}