{
     "Matricula": "2AD03D657048B0C07BE1FE1B38DD0427AA36B13BF57B38BBE1D2D5682B11666C",
     "Latitud": 37.8736133,
     "Longitud": -4.8007716,
     "Distance": 0.0101431393110429,
     "Pos_date": 1701391187000
}