{
     "Matricula": "E0047EE446AB648BEA8D01836B0FBDBA466C8C19A4EFA5788990BB1D505D5919",
     "Latitud": 43.121658333333336,
     "Longitud": 3.1927666666666665,
     "Distance": 0.0020385764709923,
     "Pos_date": 1701391200000
}