{
     "Matricula": "44C8A1AF0DE74873DDA53C547CDE57CE0ED68811C3D22936C420588ECCE39BF4",
     "Latitud": 44.2662666,
     "Longitud": -1.9305183,
     "Distance": 0.0,
     "Pos_date": 1701388980020
}