{
     "Matricula": "181A6026ED7AF9758B06127D107AEA2B827246FE86C61B4565FC8F915BC2DC53",
     "Latitud": 42.22513,
     "Longitud": -8.7354983,
     "Distance": 0.5437176465674581,
     "Pos_date": 1701391200000
}