{
     "Matricula": "C5CA505C663047FA69C208AC3B341057A18DB5E4EACBE1B31B23E05FF92EFD39",
     "Latitud": 36.2545216,
     "Longitud": -7.9464916,
     "Distance": 0.0981014672239702,
     "Pos_date": 1701391200000
}