{
     "Matricula": "96CCDDEBC559BA6C00439D619E2F188E69090FD1EE9491C275FE8A3B84B1DCC3",
     "Latitud": 38.30415,
     "Longitud": -5.7020233000000005,
     "Distance": 1.896339587876315,
     "Pos_date": 1701391202000
}