{
     "Matricula": "07F0F06AFDDE789E75C987F1E8AF8E5F48E72512AD4FC4FBD22D89D19D0618BC",
     "Latitud": 42.165825,
     "Longitud": -7.620166666666666,
     "Distance": 0.0100327288389658,
     "Pos_date": 1701391205000
}