{
     "Matricula": "7E4A080157027B36C4D596160AC49CA6DBA51495D30AB66AC4B6C5D44B16E263",
     "Latitud": 32.5875416,
     "Longitud": -115.3535816,
     "Distance": 0.9664338441508132,
     "Pos_date": 1701391203000
}