{
     "Matricula": "069683C681F78E1053AF5A8EE9B0B3104A37813A42FFFB1BA9B8BCE4775FF700",
     "Latitud": 36.8984683,
     "Longitud": -5.760095,
     "Distance": 0.1040105817227427,
     "Pos_date": 1701391204000
}