{
     "Matricula": "4CD3FCAC24AA17EB8A4985E4F997FD3730871E563B5536B369A38FB9F5E20CDB",
     "Latitud": -33.554108,
     "Longitud": -69.014315,
     "Distance": 1.7579161090989484,
     "Pos_date": 1701391195000
}