{
     "Matricula": "671D8B81DD587CB93F5DAB19E861BF70ED5F9464E646842113481950C358B3EE",
     "Latitud": 41.16702,
     "Longitud": -7.883989899999999,
     "Distance": 0.010087360496166,
     "Pos_date": 1701391211000
}