{
     "Matricula": "B3C6B707FF586E09DD4455DAB6DEA799EC9DA501B0181ABE235EC1E192A20E3D",
     "Latitud": 42.7723268,
     "Longitud": 3.6732415,
     "Distance": 0.0010298091598907,
     "Pos_date": 1701391222000
}