{
     "Matricula": "EFBFEA45FDDA61154A0E59ABA3E3934E7C85941EEFAEFB7062482EFF192DCC74",
     "Latitud": 26.8828266,
     "Longitud": -16.522475,
     "Distance": 0.942378251293806,
     "Pos_date": 1701391167000
}