{
     "Matricula": "39A7C03D597FA1866B013468871534F511F50FC1679C2A121B1A0A2E965C4635",
     "Latitud": 43.0952366,
     "Longitud": -7.5921933,
     "Distance": 2.0218978943442294,
     "Pos_date": 1701391221000
}