{
     "Matricula": "EFBFEA45FDDA61154A0E59ABA3E3934E7C85941EEFAEFB7062482EFF192DCC74",
     "Latitud": 27.8844566,
     "Longitud": -15.5215266,
     "Distance": 0.2038127295005794,
     "Pos_date": 1701391192000
}