{
     "Matricula": "7E4A080157027B36C4D596160AC49CA6DBA51495D30AB66AC4B6C5D44B16E263",
     "Latitud": 31.5884383,
     "Longitud": -116.353095,
     "Distance": 0.1096365763280158,
     "Pos_date": 1701391224000
}