{
     "Matricula": "FF3C59B448620745BF18F32F614A1E7B43B32C7A89545EC541A90558D199D111",
     "Latitud": 37.0140647,
     "Longitud": -5.5635049,
     "Distance": 0.0063237189049414,
     "Pos_date": 1701391234000
}