{
     "Matricula": "0B50B5AF0509E8A49158007E5E2B64366663DC54C5FD4C3E76E3FBF8ED261934",
     "Latitud": 43.0390449,
     "Longitud": -5.9499516,
     "Distance": 2.2042363982888054,
     "Pos_date": 1701391231000
}