{
     "Matricula": "19CB2C27AEA2A6C6C4DBAAB759FC3A4D6FC7A80E197BBA6B9814F7F04708C407",
     "Latitud": 41.4904616,
     "Longitud": -9.8668183,
     "Distance": 1.501689389586304,
     "Pos_date": 1701391238000
}