{
     "Matricula": "8CECB523F0EF7C77F7990DA313F6009AC496E1E060A881986DA7C09AB16474EA",
     "Latitud": 41.2133616,
     "Longitud": -9.7520466,
     "Distance": 0.4418412463814417,
     "Pos_date": 1701391237000
}