{
     "Matricula": "15B102B52BFF55DFE9F21D1C320F93BBBD882C85BC185F8A6E5A9119578439BA",
     "Latitud": 43.2450016,
     "Longitud": -7.6987366,
     "Distance": 1.4768359928923482,
     "Pos_date": 1701391241000
}