{
     "Matricula": "7E4A080157027B36C4D596160AC49CA6DBA51495D30AB66AC4B6C5D44B16E263",
     "Latitud": 31.5899183,
     "Longitud": -116.35532,
     "Distance": 0.2655872138618587,
     "Pos_date": 1701391241000
}