{
     "Matricula": "09146B272A3A4286F445DB065CDE7500601FEB1F28507C9639C44DBD771361FC",
     "Latitud": 40.3852752,
     "Longitud": -3.6775526,
     "Distance": 0.3250813758620023,
     "Pos_date": 1701391247000
}