{
     "Matricula": "13235751DB1148FCD42982232152D28444DC7A0A8CB2EAB8BAC00A92D7E0DEA0",
     "Latitud": 40.382175,
     "Longitud": 1.1134333,
     "Distance": 0.2272280587136527,
     "Pos_date": 1701391244000
}