{
     "Matricula": "508F5591B74AE64243D2DCF64C584E049B90F347F02FFCBC647164BB8D2FE9F7",
     "Latitud": 18.9201897,
     "Longitud": -70.3810023,
     "Distance": 2.8067982530803386,
     "Pos_date": 1701391081000
}