{
     "Matricula": "508F5591B74AE64243D2DCF64C584E049B90F347F02FFCBC647164BB8D2FE9F7",
     "Latitud": 17.8969846,
     "Longitud": -71.3694262,
     "Distance": 2.8532107016608106,
     "Pos_date": 1701391201000
}