{
     "Matricula": "7E4A080157027B36C4D596160AC49CA6DBA51495D30AB66AC4B6C5D44B16E263",
     "Latitud": 33.5913633,
     "Longitud": -114.35755,
     "Distance": 0.2635618727021609,
     "Pos_date": 1701391258000
}