{
     "Matricula": "E0047EE446AB648BEA8D01836B0FBDBA466C8C19A4EFA5788990BB1D505D5919",
     "Latitud": 40.12159666666667,
     "Longitud": 0.1927666666666667,
     "Distance": 0.0068570299474973,
     "Pos_date": 1701391260000
}