{
     "Matricula": "AE761A87AB9E32A666F296B3596A9CD533B214ECA5D011EE7C0CAE3C6CE822F4",
     "Latitud": 19.6497885,
     "Longitud": -70.3534894,
     "Distance": 1.0550069712904255,
     "Pos_date": 1701391025000
}