{
     "Matricula": "AE761A87AB9E32A666F296B3596A9CD533B214ECA5D011EE7C0CAE3C6CE822F4",
     "Latitud": 19.6538036,
     "Longitud": -70.3602811,
     "Distance": 0.8397344923672295,
     "Pos_date": 1701391072000
}