{
     "Matricula": "AE761A87AB9E32A666F296B3596A9CD533B214ECA5D011EE7C0CAE3C6CE822F4",
     "Latitud": 20.662745,
     "Longitud": -69.3650151,
     "Distance": 1.1109670341167988,
     "Pos_date": 1701391145000
}