{
     "Matricula": "8CECB523F0EF7C77F7990DA313F6009AC496E1E060A881986DA7C09AB16474EA",
     "Latitud": 42.2108566,
     "Longitud": -8.7525183,
     "Distance": 0.2812396999586427,
     "Pos_date": 1701391263000
}