{
     "Matricula": "07F0F06AFDDE789E75C987F1E8AF8E5F48E72512AD4FC4FBD22D89D19D0618BC",
     "Latitud": 39.165815,
     "Longitud": -10.620116666666666,
     "Distance": 0.0043306146391995,
     "Pos_date": 1701391265000
}