{
     "Matricula": "8B0FE8F5A3D03881366DD8F638A5D48BAB1174DC7DAFCA6E48EC624B6E1BFCBB",
     "Latitud": 37.3190533,
     "Longitud": -6.8154299,
     "Distance": 1.1845220964533931,
     "Pos_date": 1701391265000
}