{
     "Matricula": "6148713A6F329584E4C09884CB53EB63EF06A7CC9386E01998CB7832594AFFD3",
     "Latitud": 40.30477,
     "Longitud": -3.9081216,
     "Distance": 5.013324703042311,
     "Pos_date": 1701391273000
}