{
     "Matricula": "C5CA505C663047FA69C208AC3B341057A18DB5E4EACBE1B31B23E05FF92EFD39",
     "Latitud": 37.253505,
     "Longitud": -6.950595,
     "Distance": 0.3803643885141967,
     "Pos_date": 1701391274000
}