{
     "Matricula": "F4AE0241D1A98FCCB07393881F2EB5F012112A9453EE549C474D6C427E650864",
     "Latitud": 36.3598766,
     "Longitud": -3.2694233,
     "Distance": 0.3681604168875645,
     "Pos_date": 1701391278000
}