{
     "Matricula": "F4AE0241D1A98FCCB07393881F2EB5F012112A9453EE549C474D6C427E650864",
     "Latitud": 38.3599483,
     "Longitud": -1.2697333,
     "Distance": 0.0285349093041306,
     "Pos_date": 1701391283000
}