{
     "Matricula": "0B50B5AF0509E8A49158007E5E2B64366663DC54C5FD4C3E76E3FBF8ED261934",
     "Latitud": 41.0390133,
     "Longitud": -7.962615,
     "Distance": 1.0457918498072525,
     "Pos_date": 1701391282000
}