{
     "Matricula": "9E1AFCD5BA4E22A6760253B3D722E4263303C8E9629BB44029D4F9672DF44A13",
     "Latitud": 18.8001165,
     "Longitud": -70.2764114,
     "Distance": 0.6398447550342606,
     "Pos_date": 1701391049000
}