{
     "Matricula": "9E1AFCD5BA4E22A6760253B3D722E4263303C8E9629BB44029D4F9672DF44A13",
     "Latitud": 17.7850891,
     "Longitud": -71.2635184,
     "Distance": 2.1527134966765,
     "Pos_date": 1701391121000
}