{
     "Matricula": "46094EC0E6361427879309233F1B8A92A3EDBE53B30BA76F41AD457052224420",
     "Latitud": 37.6511049,
     "Longitud": -0.92981,
     "Distance": 0.0,
     "Pos_date": 1701388988020
}