{
     "Matricula": "9E1AFCD5BA4E22A6760253B3D722E4263303C8E9629BB44029D4F9672DF44A13",
     "Latitud": 19.778857,
     "Longitud": -69.2547105,
     "Distance": 1.1575833395525277,
     "Pos_date": 1701391164000
}