{
     "Matricula": "19CB2C27AEA2A6C6C4DBAAB759FC3A4D6FC7A80E197BBA6B9814F7F04708C407",
     "Latitud": 43.4879816,
     "Longitud": -7.869579999999999,
     "Distance": 0.3568251786312773,
     "Pos_date": 1701391288000
}