{
     "Matricula": "B3C6B707FF586E09DD4455DAB6DEA799EC9DA501B0181ABE235EC1E192A20E3D",
     "Latitud": 41.7723408,
     "Longitud": 2.67322,
     "Distance": 0.0106213231372629,
     "Pos_date": 1701391293000
}