{
     "Matricula": "39A7C03D597FA1866B013468871534F511F50FC1679C2A121B1A0A2E965C4635",
     "Latitud": 43.1109783,
     "Longitud": -7.6045766,
     "Distance": 2.018572962149305,
     "Pos_date": 1701391283000
}