{
     "Matricula": "069683C681F78E1053AF5A8EE9B0B3104A37813A42FFFB1BA9B8BCE4775FF700",
     "Latitud": 37.90232,
     "Longitud": -4.7552,
     "Distance": 0.6065470330907863,
     "Pos_date": 1701391294000
}