{
     "Matricula": "EFBFEA45FDDA61154A0E59ABA3E3934E7C85941EEFAEFB7062482EFF192DCC74",
     "Latitud": 28.8808333,
     "Longitud": -14.5196666,
     "Distance": 0.4424287396429996,
     "Pos_date": 1701391240000
}