{
     "Matricula": "AF69B29555A2B9300AD69F0DD4A23363815A6F6F738E2101803859FC7837E341",
     "Latitud": 44.2582983,
     "Longitud": -1.9216033,
     "Distance": 0.0445559877061416,
     "Pos_date": 1701389005010
}