{
     "Matricula": "EFBFEA45FDDA61154A0E59ABA3E3934E7C85941EEFAEFB7062482EFF192DCC74",
     "Latitud": 27.88185,
     "Longitud": -15.5185966,
     "Distance": 0.1544051623771057,
     "Pos_date": 1701391260000
}