{
     "Matricula": "F4AE0241D1A98FCCB07393881F2EB5F012112A9453EE549C474D6C427E650864",
     "Latitud": 37.3600433,
     "Longitud": -2.271025,
     "Distance": 0.1146508790399478,
     "Pos_date": 1701391297000
}