{
     "Matricula": "09146B272A3A4286F445DB065CDE7500601FEB1F28507C9639C44DBD771361FC",
     "Latitud": 41.3878316,
     "Longitud": -2.675145,
     "Distance": 0.349834837918031,
     "Pos_date": 1701391307000
}