{
     "Matricula": "F4AE0241D1A98FCCB07393881F2EB5F012112A9453EE549C474D6C427E650864",
     "Latitud": 37.3609699,
     "Longitud": -2.2697933,
     "Distance": 0.1498875268762068,
     "Pos_date": 1701391308000
}