{
     "Matricula": "0872559FB2E1D5E4ADBFECC22DD8AC7ED66EF76026E1AA97D9EC085F2F413185",
     "Latitud": 21.6822033,
     "Longitud": -68.3737643,
     "Distance": 0.2081104533440404,
     "Pos_date": 1701391155000
}