{
     "Matricula": "0872559FB2E1D5E4ADBFECC22DD8AC7ED66EF76026E1AA97D9EC085F2F413185",
     "Latitud": 19.691509,
     "Longitud": -70.3819129,
     "Distance": 1.3410891501108082,
     "Pos_date": 1701391275000
}