{
     "Matricula": "730655A225241D534D1C78911ACA85AB05E607C709D7B9520443018F8A067709",
     "Latitud": 42.4253983,
     "Longitud": -4.85155,
     "Distance": 0.0068959736425912,
     "Pos_date": 1701391308000
}