{
     "Matricula": "069683C681F78E1053AF5A8EE9B0B3104A37813A42FFFB1BA9B8BCE4775FF700",
     "Latitud": 37.9028983,
     "Longitud": -4.756075,
     "Distance": 0.1001445093888203,
     "Pos_date": 1701391312000
}