{
     "Matricula": "46DBBE2036029597B9E5A745B2723E3B48CEA05926D052BF2384161CF8B70AB8",
     "Latitud": 20.430335,
     "Longitud": -98.2000183,
     "Distance": 0.1077885275868963,
     "Pos_date": 1701391315000
}