{
     "Matricula": "E0047EE446AB648BEA8D01836B0FBDBA466C8C19A4EFA5788990BB1D505D5919",
     "Latitud": 41.1215,
     "Longitud": 1.1927333333333334,
     "Distance": 0.0111055907607535,
     "Pos_date": 1701391321000
}