{
     "Matricula": "B3C6B707FF586E09DD4455DAB6DEA799EC9DA501B0181ABE235EC1E192A20E3D",
     "Latitud": 40.7723611,
     "Longitud": 1.6732047,
     "Distance": 0.002589423149618,
     "Pos_date": 1701391328000
}