{
     "Matricula": "C5CA505C663047FA69C208AC3B341057A18DB5E4EACBE1B31B23E05FF92EFD39",
     "Latitud": 37.254245,
     "Longitud": -6.9530433,
     "Distance": 0.2317885999052182,
     "Pos_date": 1701391321000
}