{
     "Matricula": "572AC77A5DE790549FEE5175A2B243ADE2CA3CE6CF97AD5735784BA335DE15BA",
     "Latitud": 19.458616,
     "Longitud": -70.6770386,
     "Distance": 0.4179909362065441,
     "Pos_date": 1701391114000
}