{
     "Matricula": "572AC77A5DE790549FEE5175A2B243ADE2CA3CE6CF97AD5735784BA335DE15BA",
     "Latitud": 19.4586803,
     "Longitud": -70.6766744,
     "Distance": 0.0042921284714234,
     "Pos_date": 1701391142000
}