{
     "Matricula": "F4AE0241D1A98FCCB07393881F2EB5F012112A9453EE549C474D6C427E650864",
     "Latitud": 37.3594866,
     "Longitud": -2.2720033,
     "Distance": 0.2173044570285239,
     "Pos_date": 1701389007000
}