{
     "Matricula": "572AC77A5DE790549FEE5175A2B243ADE2CA3CE6CF97AD5735784BA335DE15BA",
     "Latitud": 17.458689,
     "Longitud": -72.6767218,
     "Distance": 0.0050628805053263,
     "Pos_date": 1701391144000
}