{
     "Matricula": "572AC77A5DE790549FEE5175A2B243ADE2CA3CE6CF97AD5735784BA335DE15BA",
     "Latitud": 20.4589224,
     "Longitud": -69.67966,
     "Distance": 0.3091432390143508,
     "Pos_date": 1701391174000
}