{
     "Matricula": "572AC77A5DE790549FEE5175A2B243ADE2CA3CE6CF97AD5735784BA335DE15BA",
     "Latitud": 18.4591683,
     "Longitud": -71.6815343,
     "Distance": 0.1984015337207899,
     "Pos_date": 1701391210000
}