{
     "Matricula": "572AC77A5DE790549FEE5175A2B243ADE2CA3CE6CF97AD5735784BA335DE15BA",
     "Latitud": 18.4591745,
     "Longitud": -71.6815405,
     "Distance": 0.0009475358690823,
     "Pos_date": 1701391234000
}