{
     "Matricula": "572AC77A5DE790549FEE5175A2B243ADE2CA3CE6CF97AD5735784BA335DE15BA",
     "Latitud": 20.4591439,
     "Longitud": -69.6815498,
     "Distance": 0.0035395185079978,
     "Pos_date": 1701391294000
}