{
     "Matricula": "8CECB523F0EF7C77F7990DA313F6009AC496E1E060A881986DA7C09AB16474EA",
     "Latitud": 43.2052066,
     "Longitud": -7.760096600000001,
     "Distance": 0.8856039087472501,
     "Pos_date": 1701391325000
}