{
     "Matricula": "13235751DB1148FCD42982232152D28444DC7A0A8CB2EAB8BAC00A92D7E0DEA0",
     "Latitud": 41.3806383,
     "Longitud": 2.118925,
     "Distance": 0.4890117504717821,
     "Pos_date": 1701391331000
}