{
     "Matricula": "8B0FE8F5A3D03881366DD8F638A5D48BAB1174DC7DAFCA6E48EC624B6E1BFCBB",
     "Latitud": 37.3229233,
     "Longitud": -6.7984616,
     "Distance": 1.5609614791544089,
     "Pos_date": 1701391341000
}