{
     "Matricula": "FF3C59B448620745BF18F32F614A1E7B43B32C7A89545EC541A90558D199D111",
     "Latitud": 36.9449889,
     "Longitud": -5.6518547,
     "Distance": 1.3670254849798171,
     "Pos_date": 1701389014000
}