{
     "Matricula": "19CB2C27AEA2A6C6C4DBAAB759FC3A4D6FC7A80E197BBA6B9814F7F04708C407",
     "Latitud": 43.4852666,
     "Longitud": -7.8733866,
     "Distance": 0.0076012938671403,
     "Pos_date": 1701391345000
}