{
     "Matricula": "39A7C03D597FA1866B013468871534F511F50FC1679C2A121B1A0A2E965C4635",
     "Latitud": 43.1270116,
     "Longitud": -7.6164966,
     "Distance": 2.028422635737986,
     "Pos_date": 1701391344000
}