{
     "Matricula": "8B0FE8F5A3D03881366DD8F638A5D48BAB1174DC7DAFCA6E48EC624B6E1BFCBB",
     "Latitud": 37.3228533,
     "Longitud": -6.798255,
     "Distance": 0.0198578286167761,
     "Pos_date": 1701391346000
}