{
     "Matricula": "679E1E2CF2BC6497342347D4B137CD3DC0C80EAF38A97781ADB848F40E7923FB",
     "Latitud": 38.6226049,
     "Longitud": 2.3489399,
     "Distance": 5.008610790463808,
     "Pos_date": 1701391327000
}