{
     "Matricula": "819E6C37F3BADB27EB7E184F15B91B3B5C093D8FD55FF4082DDA5939D8713135",
     "Latitud": 38.6306783,
     "Longitud": 7.7856266,
     "Distance": 5.005266988470108,
     "Pos_date": 1701391348000
}