{
     "Matricula": "CA93FB7C2164238FD95910FB92316B6B21863EFD7D3E248D3414DA5AB8BF52AA",
     "Latitud": 40.3985616,
     "Longitud": -3.6976616,
     "Distance": 1.4619549515481272,
     "Pos_date": 1701391351000
}