{
     "Matricula": "679E1E2CF2BC6497342347D4B137CD3DC0C80EAF38A97781ADB848F40E7923FB",
     "Latitud": 38.6254783,
     "Longitud": 2.3541183,
     "Distance": 0.0760869133243834,
     "Pos_date": 1701391354000
}