{
     "Matricula": "09146B272A3A4286F445DB065CDE7500601FEB1F28507C9639C44DBD771361FC",
     "Latitud": 39.389094,
     "Longitud": -4.6739609,
     "Distance": 0.1725159681407615,
     "Pos_date": 1701391360000
}