{
     "Matricula": "9B30EC5805C1F5379533B39ADA6DF0658014AA699E9323F33A09BAF2F04B9E16",
     "Latitud": 37.1728033,
     "Longitud": -3.9657833,
     "Distance": 0.0060421265178659,
     "Pos_date": 1701391355000
}