{
     "Matricula": "B505798DC7ED76BB9D4538F2F4057A1DF38D96751F3DB4F05EBED09AC13BB45A",
     "Latitud": 37.5668999,
     "Longitud": -6.7540833,
     "Distance": 0.3102886425164531,
     "Pos_date": 1701391359000
}