{
     "Matricula": "09146B272A3A4286F445DB065CDE7500601FEB1F28507C9639C44DBD771361FC",
     "Latitud": 39.3889922,
     "Longitud": -4.6740216,
     "Distance": 0.0124323463586487,
     "Pos_date": 1701391367000
}