{
     "Matricula": "069683C681F78E1053AF5A8EE9B0B3104A37813A42FFFB1BA9B8BCE4775FF700",
     "Latitud": 37.9013333,
     "Longitud": -4.7591466,
     "Distance": 0.320802230591555,
     "Pos_date": 1701391369000
}