{
     "Matricula": "069683C681F78E1053AF5A8EE9B0B3104A37813A42FFFB1BA9B8BCE4775FF700",
     "Latitud": 38.9013233,
     "Longitud": -3.7590666,
     "Distance": 0.0071067835227844,
     "Pos_date": 1701391371000
}