{
     "Matricula": "79FAC09BD0C0202DF4FA067B1C35E780A118C5B4C4641D16D8175F1A069598F8",
     "Latitud": 39.63074,
     "Longitud": -8.1367833,
     "Distance": 0.2234700898197619,
     "Pos_date": 1701389008000
}