{
     "Matricula": "C5CA505C663047FA69C208AC3B341057A18DB5E4EACBE1B31B23E05FF92EFD39",
     "Latitud": 38.25467,
     "Longitud": -5.95258,
     "Distance": 0.0625676937298182,
     "Pos_date": 1701391337000
}