{
     "Matricula": "C5CA505C663047FA69C208AC3B341057A18DB5E4EACBE1B31B23E05FF92EFD39",
     "Latitud": 37.2546966,
     "Longitud": -6.9517283,
     "Distance": 0.0754385709120038,
     "Pos_date": 1701391357000
}