{
     "Matricula": "B3C6B707FF586E09DD4455DAB6DEA799EC9DA501B0181ABE235EC1E192A20E3D",
     "Latitud": 41.7724214,
     "Longitud": 2.6732337,
     "Distance": 0.0071233146098153,
     "Pos_date": 1701391394000
}