{
     "Matricula": "F4AE0241D1A98FCCB07393881F2EB5F012112A9453EE549C474D6C427E650864",
     "Latitud": 37.3593716,
     "Longitud": -2.271845,
     "Distance": 0.0189543258799905,
     "Pos_date": 1701389016000
}