{
     "Matricula": "8CECB523F0EF7C77F7990DA313F6009AC496E1E060A881986DA7C09AB16474EA",
     "Latitud": 43.2004933,
     "Longitud": -7.767558299999999,
     "Distance": 0.8077347475520247,
     "Pos_date": 1701391387000
}