{
     "Matricula": "82FDF5C4ADC6E39A518110E31495EFB4F9C1F561693EA662EF8FAD8D63999384",
     "Latitud": 38.9448416,
     "Longitud": -3.5752983,
     "Distance": 5.003615727236119,
     "Pos_date": 1701391346000
}