{
     "Matricula": "6066442343EEFE8AD80976BF33D09F16C7A9B1D724AE30C32A2605B46F13C28A",
     "Latitud": 54.9417062,
     "Longitud": -5.1377746,
     "Distance": 0.0022364820117265,
     "Pos_date": 1701391250000
}