{
     "Matricula": "4CD3FCAC24AA17EB8A4985E4F997FD3730871E563B5536B369A38FB9F5E20CDB",
     "Latitud": -33.538654,
     "Longitud": -69.007648,
     "Distance": 1.826110358148196,
     "Pos_date": 1701391307000
}