{
     "Matricula": "4CD3FCAC24AA17EB8A4985E4F997FD3730871E563B5536B369A38FB9F5E20CDB",
     "Latitud": -33.538364,
     "Longitud": -69.007392,
     "Distance": 0.0400350038549982,
     "Pos_date": 1701391315000
}