{
     "Matricula": "4CD3FCAC24AA17EB8A4985E4F997FD3730871E563B5536B369A38FB9F5E20CDB",
     "Latitud": -32.538258,
     "Longitud": -68.007387,
     "Distance": 0.0117957849832849,
     "Pos_date": 1701391317000
}