{
     "Matricula": "1ADA7E72901A47F8F370E2BF41CC537AD861766D5EA4877C6F31ED7DED1249A6",
     "Latitud": 39.5020766,
     "Longitud": -5.2707066,
     "Distance": 0.0170732328219224,
     "Pos_date": 1701391393000
}