{
     "Matricula": "1ADA7E72901A47F8F370E2BF41CC537AD861766D5EA4877C6F31ED7DED1249A6",
     "Latitud": 38.50216,
     "Longitud": -6.2709216,
     "Distance": 0.0211119502982923,
     "Pos_date": 1701391401000
}