{
     "Matricula": "D27B62DF2FE5D39E189D483C49D0DD12E9CE25A8778307460262F026137B0350",
     "Latitud": 44.89823,
     "Longitud": 8.5812933,
     "Distance": 0.0099479453777813,
     "Pos_date": 1701389017000
}