{
     "Matricula": "679E1E2CF2BC6497342347D4B137CD3DC0C80EAF38A97781ADB848F40E7923FB",
     "Latitud": 38.6238066,
     "Longitud": 2.3584216,
     "Distance": 0.4127862176587367,
     "Pos_date": 1701391405000
}