{
     "Matricula": "C5CA505C663047FA69C208AC3B341057A18DB5E4EACBE1B31B23E05FF92EFD39",
     "Latitud": 37.2542133,
     "Longitud": -6.9520416,
     "Distance": 0.0604727085130084,
     "Pos_date": 1701391404000
}