{
     "Matricula": "FF3C59B448620745BF18F32F614A1E7B43B32C7A89545EC541A90558D199D111",
     "Latitud": 39.0140694,
     "Longitud": -3.5634813000000003,
     "Distance": 0.005808145501931,
     "Pos_date": 1701391414000
}