{
     "Matricula": "39A7C03D597FA1866B013468871534F511F50FC1679C2A121B1A0A2E965C4635",
     "Latitud": 43.1361583,
     "Longitud": -7.6378083,
     "Distance": 2.0063148198413145,
     "Pos_date": 1701391406000
}