{
     "Matricula": "679E1E2CF2BC6497342347D4B137CD3DC0C80EAF38A97781ADB848F40E7923FB",
     "Latitud": 39.623995,
     "Longitud": 3.3587733,
     "Distance": 0.0366908694331392,
     "Pos_date": 1701391414000
}