{
     "Matricula": "D9D9D59026E4C7569F2B1ED821BDDCFDB7CC5CA4D82B4EBC06EB64696AEE3346",
     "Latitud": 32.57843,
     "Longitud": -115.3472733,
     "Distance": 3.5040313166206047,
     "Pos_date": 1701389017000
}