{
     "Matricula": "FE077AEA5BFDB986C3F280DAA9E9B9194663B8BAE080BEB111D612BC4FC9202C",
     "Latitud": 40.3479899,
     "Longitud": 0.7083733000000001,
     "Distance": 0.0168082128209115,
     "Pos_date": 1701391399010
}