{
     "Matricula": "FE077AEA5BFDB986C3F280DAA9E9B9194663B8BAE080BEB111D612BC4FC9202C",
     "Latitud": 42.3479899,
     "Longitud": 2.7083733,
     "Distance": 0.0,
     "Pos_date": 1701391399020
}