{
     "Matricula": "09146B272A3A4286F445DB065CDE7500601FEB1F28507C9639C44DBD771361FC",
     "Latitud": 41.3865777,
     "Longitud": -2.6763885,
     "Distance": 0.3350634812570365,
     "Pos_date": 1701391427000
}