{
     "Matricula": "15B102B52BFF55DFE9F21D1C320F93BBBD882C85BC185F8A6E5A9119578439BA",
     "Latitud": 42.2725433,
     "Longitud": -8.66427,
     "Distance": 4.174286428449598,
     "Pos_date": 1701391425000
}