{
     "Matricula": "1ADA7E72901A47F8F370E2BF41CC537AD861766D5EA4877C6F31ED7DED1249A6",
     "Latitud": 38.5025216,
     "Longitud": -6.2712633,
     "Distance": 0.0536019958434385,
     "Pos_date": 1701391430000
}