{
     "Matricula": "516291E66CB7B610917EC0E831D1400378A69D1C8F3651431F5D95250A8D4E82",
     "Latitud": 44.898295,
     "Longitud": 8.5813049,
     "Distance": 0.0101095985800976,
     "Pos_date": 1701391432000
}