{
     "Matricula": "679E1E2CF2BC6497342347D4B137CD3DC0C80EAF38A97781ADB848F40E7923FB",
     "Latitud": 40.6096983,
     "Longitud": 3.7103133,
     "Distance": 0.4946608769384263,
     "Pos_date": 1701389019000
}