{
     "Matricula": "13235751DB1148FCD42982232152D28444DC7A0A8CB2EAB8BAC00A92D7E0DEA0",
     "Latitud": 41.383775,
     "Longitud": 2.1224166,
     "Distance": 0.4544365382491775,
     "Pos_date": 1701391439000
}