{
     "Matricula": "07F0F06AFDDE789E75C987F1E8AF8E5F48E72512AD4FC4FBD22D89D19D0618BC",
     "Latitud": 40.16570333333333,
     "Longitud": -9.620166666666666,
     "Distance": 0.0226011576190398,
     "Pos_date": 1701391446000
}