{
     "Matricula": "1ADA7E72901A47F8F370E2BF41CC537AD861766D5EA4877C6F31ED7DED1249A6",
     "Latitud": 37.5031133,
     "Longitud": -7.2713666,
     "Distance": 0.0664221690088059,
     "Pos_date": 1701391444000
}