{
     "Matricula": "96CCDDEBC559BA6C00439D619E2F188E69090FD1EE9491C275FE8A3B84B1DCC3",
     "Latitud": 40.2969899,
     "Longitud": -3.6968816,
     "Distance": 0.4482260653226617,
     "Pos_date": 1701391448000
}