{
     "Matricula": "D0987C421B7385E3BF5BC30D521B4F7684CDBC4CCE30DF650B89F94579B337DA",
     "Latitud": 36.23168,
     "Longitud": -7.1445266,
     "Distance": 0.0497769996535979,
     "Pos_date": 1701391453000
}