{
     "Matricula": "3F2BF0F9BC0EDF81585748F2BB7A9277D3ABDF4C4987EE6E7F096A42B1549327",
     "Latitud": 40.6180633,
     "Longitud": 4.36184,
     "Distance": 0.0,
     "Pos_date": 1701391453000
}