{
     "Matricula": "1ADA7E72901A47F8F370E2BF41CC537AD861766D5EA4877C6F31ED7DED1249A6",
     "Latitud": 36.5033916,
     "Longitud": -8.271361599999999,
     "Distance": 0.030948733911466,
     "Pos_date": 1701391450000
}