{
     "Matricula": "53B723B5B66F6F1F7EF96F7CE1767728B85189E9D8D8AF4880028575130CBB3C",
     "Latitud": 28.42859,
     "Longitud": -16.31384,
     "Distance": 0.0213743570596575,
     "Pos_date": 1701389021000
}