{
     "Matricula": "C45D1B997E2C771440AD44B4EC93794F1E6FE175EE49F8D49415BD1213ED4507",
     "Latitud": 41.3903983,
     "Longitud": 2.1369933,
     "Distance": 0.0034497433882103,
     "Pos_date": 1701391447000
}