{
     "Matricula": "15B102B52BFF55DFE9F21D1C320F93BBBD882C85BC185F8A6E5A9119578439BA",
     "Latitud": 41.2782083,
     "Longitud": -9.6644066,
     "Distance": 0.6300203813630589,
     "Pos_date": 1701391456000
}