{
     "Matricula": "13235751DB1148FCD42982232152D28444DC7A0A8CB2EAB8BAC00A92D7E0DEA0",
     "Latitud": 40.3844383,
     "Longitud": 1.1225733,
     "Distance": 0.0236458847938199,
     "Pos_date": 1701391460000
}