{
     "Matricula": "39A7C03D597FA1866B013468871534F511F50FC1679C2A121B1A0A2E965C4635",
     "Latitud": 42.148125,
     "Longitud": -8.6564066,
     "Distance": 2.0118579281020503,
     "Pos_date": 1701391467000
}