{
     "Matricula": "C45D1B997E2C771440AD44B4EC93794F1E6FE175EE49F8D49415BD1213ED4507",
     "Latitud": 40.3898333,
     "Longitud": 1.13725,
     "Distance": 0.0663745343384158,
     "Pos_date": 1701391470000
}