{
     "Matricula": "1ADA7E72901A47F8F370E2BF41CC537AD861766D5EA4877C6F31ED7DED1249A6",
     "Latitud": 37.5041133,
     "Longitud": -7.2710166,
     "Distance": 0.0858263841213547,
     "Pos_date": 1701391468000
}