{
     "Matricula": "5A0441657EC05DA320F373A5EF00D80490BB14853283225899B26A41E11FB993",
     "Latitud": 43.3530883,
     "Longitud": -8.435665,
     "Distance": 0.1774001229165696,
     "Pos_date": 1701388820000
}