{
     "Matricula": "F4AE0241D1A98FCCB07393881F2EB5F012112A9453EE549C474D6C427E650864",
     "Latitud": 37.3593683,
     "Longitud": -2.2718016,
     "Distance": 0.0038533278678509,
     "Pos_date": 1701389023000
}