{
     "Matricula": "FF3C59B448620745BF18F32F614A1E7B43B32C7A89545EC541A90558D199D111",
     "Latitud": 37.0141359,
     "Longitud": -5.5634899,
     "Distance": 0.0074327557752481,
     "Pos_date": 1701391474000
}