{
     "Matricula": "B3C6B707FF586E09DD4455DAB6DEA799EC9DA501B0181ABE235EC1E192A20E3D",
     "Latitud": 40.7723724,
     "Longitud": 1.673225,
     "Distance": 0.0010458793826951,
     "Pos_date": 1701391479000
}