{
     "Matricula": "48A091042A17E8BAFDB314F4E5B2CF1B81F4BB65B72F9EADA75133E81A166EE8",
     "Latitud": 38.2510833,
     "Longitud": -0.9129283,
     "Distance": 0.0,
     "Pos_date": 1701391474010
}