{
     "Matricula": "C45D1B997E2C771440AD44B4EC93794F1E6FE175EE49F8D49415BD1213ED4507",
     "Latitud": 41.3898583,
     "Longitud": 2.1374416,
     "Distance": 0.0162235341228209,
     "Pos_date": 1701391481000
}