{
     "Matricula": "13235751DB1148FCD42982232152D28444DC7A0A8CB2EAB8BAC00A92D7E0DEA0",
     "Latitud": 41.3850416,
     "Longitud": 2.1224133,
     "Distance": 0.0035654346472889,
     "Pos_date": 1701391483000
}