{
     "Matricula": "09146B272A3A4286F445DB065CDE7500601FEB1F28507C9639C44DBD771361FC",
     "Latitud": 40.3823795,
     "Longitud": -3.6806677,
     "Distance": 0.5910036035654623,
     "Pos_date": 1701391487000
}