{
     "Matricula": "EFBFEA45FDDA61154A0E59ABA3E3934E7C85941EEFAEFB7062482EFF192DCC74",
     "Latitud": 27.8999483,
     "Longitud": -15.5352816,
     "Distance": 1.2674792429105477,
     "Pos_date": 1701389024000
}