{
     "Matricula": "8C9E29596F8BCA1DED94335E1F2ECBD03A860FFF9ADD8403028BCADCABA7D86E",
     "Latitud": 43.3527133,
     "Longitud": -3.7031933,
     "Distance": 0.0248812227969311,
     "Pos_date": 1701391487000
}