{
     "Matricula": "8C9E29596F8BCA1DED94335E1F2ECBD03A860FFF9ADD8403028BCADCABA7D86E",
     "Latitud": 42.3527133,
     "Longitud": -4.703193300000001,
     "Distance": 0.0,
     "Pos_date": 1701391487010
}