{
     "Matricula": "F4AE0241D1A98FCCB07393881F2EB5F012112A9453EE549C474D6C427E650864",
     "Latitud": 37.3654216,
     "Longitud": -2.2210466,
     "Distance": 4.336498386084231,
     "Pos_date": 1701391488000
}