{
     "Matricula": "C45D1B997E2C771440AD44B4EC93794F1E6FE175EE49F8D49415BD1213ED4507",
     "Latitud": 41.3898266,
     "Longitud": 2.1378099,
     "Distance": 0.030925748486792,
     "Pos_date": 1701391492000
}