{
     "Matricula": "8CECB523F0EF7C77F7990DA313F6009AC496E1E060A881986DA7C09AB16474EA",
     "Latitud": 42.1941899,
     "Longitud": -8.7821616,
     "Distance": 1.3922759539043306,
     "Pos_date": 1701391491000
}