{
     "Matricula": "4CD3FCAC24AA17EB8A4985E4F997FD3730871E563B5536B369A38FB9F5E20CDB",
     "Latitud": -32.511389,
     "Longitud": -67.996609,
     "Distance": 3.15032393972708,
     "Pos_date": 1701391435000
}