{
     "Matricula": "8C9E29596F8BCA1DED94335E1F2ECBD03A860FFF9ADD8403028BCADCABA7D86E",
     "Latitud": 43.3527066,
     "Longitud": -3.70314,
     "Distance": 0.00437347000116,
     "Pos_date": 1701391495000
}