{
     "Matricula": "508F5591B74AE64243D2DCF64C584E049B90F347F02FFCBC647164BB8D2FE9F7",
     "Latitud": 18.8720614,
     "Longitud": -70.3631266,
     "Distance": 2.849488824443563,
     "Pos_date": 1701391321000
}