{
     "Matricula": "508F5591B74AE64243D2DCF64C584E049B90F347F02FFCBC647164BB8D2FE9F7",
     "Latitud": 17.8607411,
     "Longitud": -71.3498773,
     "Distance": 1.8783007587168123,
     "Pos_date": 1701391404000
}