{
     "Matricula": "508F5591B74AE64243D2DCF64C584E049B90F347F02FFCBC647164BB8D2FE9F7",
     "Latitud": 18.8575751,
     "Longitud": -70.3421187,
     "Distance": 0.8890726665110069,
     "Pos_date": 1701391441000
}