{
     "Matricula": "AE761A87AB9E32A666F296B3596A9CD533B214ECA5D011EE7C0CAE3C6CE822F4",
     "Latitud": 19.6240032,
     "Longitud": -70.2762542,
     "Distance": 0.3506591521795584,
     "Pos_date": 1701388810000
}