{
     "Matricula": "E8D5D7745EE18927FC55BAD5FD79EA2AE5C9C781209D76F070370B1DB612B47A",
     "Latitud": 43.27336,
     "Longitud": -5.81029,
     "Distance": 0.0502879556313234,
     "Pos_date": 1701391495000
}