{
     "Matricula": "B505798DC7ED76BB9D4538F2F4057A1DF38D96751F3DB4F05EBED09AC13BB45A",
     "Latitud": 38.5668666,
     "Longitud": -5.7542,
     "Distance": 0.0109318892474874,
     "Pos_date": 1701391493000
}