{
     "Matricula": "8881B4F2722D5BAACFBE89FFD848EC76CF11E9745F807AF4E6F99A2F8A55C3DF",
     "Latitud": 41.4713183,
     "Longitud": -2.5717533,
     "Distance": 0.0,
     "Pos_date": 1701391494010
}