{
     "Matricula": "E0047EE446AB648BEA8D01836B0FBDBA466C8C19A4EFA5788990BB1D505D5919",
     "Latitud": 41.12153166666667,
     "Longitud": 1.19275,
     "Distance": 0.002320256835461,
     "Pos_date": 1701391501000
}