{
     "Matricula": "AE761A87AB9E32A666F296B3596A9CD533B214ECA5D011EE7C0CAE3C6CE822F4",
     "Latitud": 18.6706231,
     "Longitud": -71.3708611,
     "Distance": 1.0686841307966253,
     "Pos_date": 1701391265000
}