{
     "Matricula": "AE761A87AB9E32A666F296B3596A9CD533B214ECA5D011EE7C0CAE3C6CE822F4",
     "Latitud": 19.6753582,
     "Longitud": -70.3735812,
     "Distance": 0.5986134533668512,
     "Pos_date": 1701391320000
}