{
     "Matricula": "AE761A87AB9E32A666F296B3596A9CD533B214ECA5D011EE7C0CAE3C6CE822F4",
     "Latitud": 19.679186,
     "Longitud": -70.3728165,
     "Distance": 0.4330975896827687,
     "Pos_date": 1701391385000
}