{
     "Matricula": "AE761A87AB9E32A666F296B3596A9CD533B214ECA5D011EE7C0CAE3C6CE822F4",
     "Latitud": 19.6806544,
     "Longitud": -70.3727497,
     "Distance": 0.1634285784492746,
     "Pos_date": 1701391403000
}