{
     "Matricula": "AE761A87AB9E32A666F296B3596A9CD533B214ECA5D011EE7C0CAE3C6CE822F4",
     "Latitud": 19.6238509,
     "Longitud": -70.2743491,
     "Distance": 0.2002510083568574,
     "Pos_date": 1701388846000
}