{
     "Matricula": "679E1E2CF2BC6497342347D4B137CD3DC0C80EAF38A97781ADB848F40E7923FB",
     "Latitud": 39.6182766,
     "Longitud": 3.3635816,
     "Distance": 0.7575780411087183,
     "Pos_date": 1701391503000
}