{
     "Matricula": "13235751DB1148FCD42982232152D28444DC7A0A8CB2EAB8BAC00A92D7E0DEA0",
     "Latitud": 40.3849316,
     "Longitud": 1.1225233,
     "Distance": 0.0152914104442241,
     "Pos_date": 1701391505000
}