{
     "Matricula": "069683C681F78E1053AF5A8EE9B0B3104A37813A42FFFB1BA9B8BCE4775FF700",
     "Latitud": 37.9021383,
     "Longitud": -4.7554083,
     "Distance": 0.3335279031011031,
     "Pos_date": 1701391508000
}