{
     "Matricula": "679E1E2CF2BC6497342347D4B137CD3DC0C80EAF38A97781ADB848F40E7923FB",
     "Latitud": 40.6182133,
     "Longitud": 4.3631733,
     "Distance": 0.0356740872952971,
     "Pos_date": 1701391509000
}