{
     "Matricula": "B3C6B707FF586E09DD4455DAB6DEA799EC9DA501B0181ABE235EC1E192A20E3D",
     "Latitud": 40.7723949,
     "Longitud": 1.6732322000000002,
     "Distance": 0.0027754980370947,
     "Pos_date": 1701391516000
}