{
     "Matricula": "8881B4F2722D5BAACFBE89FFD848EC76CF11E9745F807AF4E6F99A2F8A55C3DF",
     "Latitud": 39.4712916,
     "Longitud": -4.5719216,
     "Distance": 0.0145427009742661,
     "Pos_date": 1701391510000
}