{
     "Matricula": "B3C6B707FF586E09DD4455DAB6DEA799EC9DA501B0181ABE235EC1E192A20E3D",
     "Latitud": 40.7723874,
     "Longitud": 1.6732334,
     "Distance": 0.0008398795410759,
     "Pos_date": 1701391517000
}