{
     "Matricula": "AE761A87AB9E32A666F296B3596A9CD533B214ECA5D011EE7C0CAE3C6CE822F4",
     "Latitud": 19.6241083,
     "Longitud": -70.2732352,
     "Distance": 0.1201255931887703,
     "Pos_date": 1701388867000
}