{
     "Matricula": "C45D1B997E2C771440AD44B4EC93794F1E6FE175EE49F8D49415BD1213ED4507",
     "Latitud": 41.3898049,
     "Longitud": 2.1380183,
     "Distance": 0.0175517392197602,
     "Pos_date": 1701391513000
}