{
     "Matricula": "8C9E29596F8BCA1DED94335E1F2ECBD03A860FFF9ADD8403028BCADCABA7D86E",
     "Latitud": 42.3525983,
     "Longitud": -4.7032,
     "Distance": 0.0129828715134286,
     "Pos_date": 1701391513000
}