{
     "Matricula": "B3C6B707FF586E09DD4455DAB6DEA799EC9DA501B0181ABE235EC1E192A20E3D",
     "Latitud": 41.7723692,
     "Longitud": 2.6732307,
     "Distance": 0.0020360994159301,
     "Pos_date": 1701391523000
}