{
     "Matricula": "8CECB523F0EF7C77F7990DA313F6009AC496E1E060A881986DA7C09AB16474EA",
     "Latitud": 42.1963016,
     "Longitud": -8.7827399,
     "Distance": 0.239594754615897,
     "Pos_date": 1701391523000
}