{
     "Matricula": "8C9E29596F8BCA1DED94335E1F2ECBD03A860FFF9ADD8403028BCADCABA7D86E",
     "Latitud": 41.35258,
     "Longitud": -5.7031899,
     "Distance": 0.002192620514688,
     "Pos_date": 1701391523000
}