{
     "Matricula": "8881B4F2722D5BAACFBE89FFD848EC76CF11E9745F807AF4E6F99A2F8A55C3DF",
     "Latitud": 40.47198,
     "Longitud": -3.57272,
     "Distance": 0.1020808681166288,
     "Pos_date": 1701391524000
}