{
     "Matricula": "1ADA7E72901A47F8F370E2BF41CC537AD861766D5EA4877C6F31ED7DED1249A6",
     "Latitud": 38.5040149,
     "Longitud": -6.27089,
     "Distance": 0.0113183056243877,
     "Pos_date": 1701391524000
}