{
     "Matricula": "9E1AFCD5BA4E22A6760253B3D722E4263303C8E9629BB44029D4F9672DF44A13",
     "Latitud": 18.7305851,
     "Longitud": -70.2304527,
     "Distance": 0.5295066614545968,
     "Pos_date": 1701391379000
}