{
     "Matricula": "9E1AFCD5BA4E22A6760253B3D722E4263303C8E9629BB44029D4F9672DF44A13",
     "Latitud": 18.7205766,
     "Longitud": -70.2314824,
     "Distance": 1.1181663451911656,
     "Pos_date": 1701391419000
}