{
     "Matricula": "9E1AFCD5BA4E22A6760253B3D722E4263303C8E9629BB44029D4F9672DF44A13",
     "Latitud": 19.7186379,
     "Longitud": -69.2304768,
     "Distance": 0.2401821861395124,
     "Pos_date": 1701391427000
}