{
     "Matricula": "9E1AFCD5BA4E22A6760253B3D722E4263303C8E9629BB44029D4F9672DF44A13",
     "Latitud": 19.7096197,
     "Longitud": -69.2184106,
     "Distance": 1.618770420703525,
     "Pos_date": 1701391481000
}