{
     "Matricula": "9E1AFCD5BA4E22A6760253B3D722E4263303C8E9629BB44029D4F9672DF44A13",
     "Latitud": 17.7084051,
     "Longitud": -71.2160798,
     "Distance": 0.2801791278379627,
     "Pos_date": 1701391491000
}