{
     "Matricula": "B3C6B707FF586E09DD4455DAB6DEA799EC9DA501B0181ABE235EC1E192A20E3D",
     "Latitud": 41.7723602,
     "Longitud": 2.6732351,
     "Distance": 0.0002823448242572,
     "Pos_date": 1701391533000
}