{
     "Matricula": "FF3C59B448620745BF18F32F614A1E7B43B32C7A89545EC541A90558D199D111",
     "Latitud": 38.0141054,
     "Longitud": -4.5634306,
     "Distance": 0.0062040597333757,
     "Pos_date": 1701391534000
}