{
     "Matricula": "819E6C37F3BADB27EB7E184F15B91B3B5C093D8FD55FF4082DDA5939D8713135",
     "Latitud": 40.60194,
     "Longitud": 9.8308216,
     "Distance": 5.019794794587559,
     "Pos_date": 1701391530000
}