{
     "Matricula": "39A7C03D597FA1866B013468871534F511F50FC1679C2A121B1A0A2E965C4635",
     "Latitud": 45.1546699,
     "Longitud": -5.6794583,
     "Distance": 2.0066286276725016,
     "Pos_date": 1701391529000
}