{
     "Matricula": "679E1E2CF2BC6497342347D4B137CD3DC0C80EAF38A97781ADB848F40E7923FB",
     "Latitud": 40.6190633,
     "Longitud": 4.361125,
     "Distance": 0.1992846642532099,
     "Pos_date": 1701391540000
}