{
     "Matricula": "AE761A87AB9E32A666F296B3596A9CD533B214ECA5D011EE7C0CAE3C6CE822F4",
     "Latitud": 18.6241883,
     "Longitud": -71.2730218,
     "Distance": 0.0012798410832761,
     "Pos_date": 1701388877000
}