{
     "Matricula": "82FDF5C4ADC6E39A518110E31495EFB4F9C1F561693EA662EF8FAD8D63999384",
     "Latitud": 38.9221733,
     "Longitud": -3.625305,
     "Distance": 5.006229197540234,
     "Pos_date": 1701391540000
}