{
     "Matricula": "679E1E2CF2BC6497342347D4B137CD3DC0C80EAF38A97781ADB848F40E7923FB",
     "Latitud": 39.6188683,
     "Longitud": 3.3612116,
     "Distance": 0.022916704476788,
     "Pos_date": 1701391544000
}