{
     "Matricula": "8C9E29596F8BCA1DED94335E1F2ECBD03A860FFF9ADD8403028BCADCABA7D86E",
     "Latitud": 42.3524883,
     "Longitud": -4.7031916,
     "Distance": 0.0101975152715229,
     "Pos_date": 1701391545000
}