{
     "Matricula": "09146B272A3A4286F445DB065CDE7500601FEB1F28507C9639C44DBD771361FC",
     "Latitud": 40.375763,
     "Longitud": -3.6815026,
     "Distance": 0.7391134207248666,
     "Pos_date": 1701391547000
}