{
     "Matricula": "8881B4F2722D5BAACFBE89FFD848EC76CF11E9745F807AF4E6F99A2F8A55C3DF",
     "Latitud": 41.4738433,
     "Longitud": -2.572625,
     "Distance": 0.207345568216329,
     "Pos_date": 1701391546000
}