{
     "Matricula": "09146B272A3A4286F445DB065CDE7500601FEB1F28507C9639C44DBD771361FC",
     "Latitud": 41.3756473,
     "Longitud": -2.6814356,
     "Distance": 0.0140615498374744,
     "Pos_date": 1701391548000
}