{
     "Matricula": "C45D1B997E2C771440AD44B4EC93794F1E6FE175EE49F8D49415BD1213ED4507",
     "Latitud": 42.3904416,
     "Longitud": 3.1391116,
     "Distance": 0.1154582735040905,
     "Pos_date": 1701391548000
}