{
     "Matricula": "730655A225241D534D1C78911ACA85AB05E607C709D7B9520443018F8A067709",
     "Latitud": 43.4254283,
     "Longitud": -3.8516033,
     "Distance": 0.0054456968885158,
     "Pos_date": 1701391548000
}