{
     "Matricula": "0872559FB2E1D5E4ADBFECC22DD8AC7ED66EF76026E1AA97D9EC085F2F413185",
     "Latitud": 19.6827063,
     "Longitud": -70.3742019,
     "Distance": 1.2687887896218712,
     "Pos_date": 1701391395000
}