{
     "Matricula": "0872559FB2E1D5E4ADBFECC22DD8AC7ED66EF76026E1AA97D9EC085F2F413185",
     "Latitud": 19.680733,
     "Longitud": -70.3728041,
     "Distance": 0.263748813894323,
     "Pos_date": 1701391420000
}