{
     "Matricula": "AE761A87AB9E32A666F296B3596A9CD533B214ECA5D011EE7C0CAE3C6CE822F4",
     "Latitud": 19.6241662,
     "Longitud": -70.2730436,
     "Distance": 0.0033544175775763,
     "Pos_date": 1701388879000
}