{
     "Matricula": "8881B4F2722D5BAACFBE89FFD848EC76CF11E9745F807AF4E6F99A2F8A55C3DF",
     "Latitud": 41.4741283,
     "Longitud": -2.573095,
     "Distance": 0.0508408714374337,
     "Pos_date": 1701391553000
}