{
     "Matricula": "8C9E29596F8BCA1DED94335E1F2ECBD03A860FFF9ADD8403028BCADCABA7D86E",
     "Latitud": 42.3524916,
     "Longitud": -4.7032016,
     "Distance": 0.0008879180443458,
     "Pos_date": 1701391555000
}