{
     "Matricula": "15B102B52BFF55DFE9F21D1C320F93BBBD882C85BC185F8A6E5A9119578439BA",
     "Latitud": 42.294735,
     "Longitud": -8.6578383,
     "Distance": 1.9154729077110768,
     "Pos_date": 1701391560000
}