{
     "Matricula": "B505798DC7ED76BB9D4538F2F4057A1DF38D96751F3DB4F05EBED09AC13BB45A",
     "Latitud": 35.5648016,
     "Longitud": -8.754976599999999,
     "Distance": 0.2396030047179817,
     "Pos_date": 1701391559000
}