{
     "Matricula": "6148713A6F329584E4C09884CB53EB63EF06A7CC9386E01998CB7832594AFFD3",
     "Latitud": 40.2897116,
     "Longitud": -3.9949266,
     "Distance": 2.5446986948334764,
     "Pos_date": 1701391562000
}