{
     "Matricula": "AE761A87AB9E32A666F296B3596A9CD533B214ECA5D011EE7C0CAE3C6CE822F4",
     "Latitud": 20.6241699,
     "Longitud": -69.2730744,
     "Distance": 0.0032520115420967,
     "Pos_date": 1701388884000
}