{
     "Matricula": "15B102B52BFF55DFE9F21D1C320F93BBBD882C85BC185F8A6E5A9119578439BA",
     "Latitud": 43.2944983,
     "Longitud": -7.6574133,
     "Distance": 0.0437571280113716,
     "Pos_date": 1701391565000
}