{
     "Matricula": "C45D1B997E2C771440AD44B4EC93794F1E6FE175EE49F8D49415BD1213ED4507",
     "Latitud": 42.39018,
     "Longitud": 3.1394366,
     "Distance": 0.0397643218597156,
     "Pos_date": 1701391568000
}