{
     "Matricula": "572AC77A5DE790549FEE5175A2B243ADE2CA3CE6CF97AD5735784BA335DE15BA",
     "Latitud": 20.459143,
     "Longitud": -69.6815413,
     "Distance": 0.0008967715488543,
     "Pos_date": 1701391354000
}