{
     "Matricula": "572AC77A5DE790549FEE5175A2B243ADE2CA3CE6CF97AD5735784BA335DE15BA",
     "Latitud": 19.4591323,
     "Longitud": -70.6815412,
     "Distance": 0.0011898335513413,
     "Pos_date": 1701391386000
}