{
     "Matricula": "AE761A87AB9E32A666F296B3596A9CD533B214ECA5D011EE7C0CAE3C6CE822F4",
     "Latitud": 17.6241501,
     "Longitud": -72.2732157,
     "Distance": 0.0149621283409797,
     "Pos_date": 1701388887000
}