{
     "Matricula": "8C9E29596F8BCA1DED94335E1F2ECBD03A860FFF9ADD8403028BCADCABA7D86E",
     "Latitud": 43.3523933,
     "Longitud": -3.7031866,
     "Distance": 0.0109975567960125,
     "Pos_date": 1701391576000
}