{
     "Matricula": "B505798DC7ED76BB9D4538F2F4057A1DF38D96751F3DB4F05EBED09AC13BB45A",
     "Latitud": 37.5642783,
     "Longitud": -6.7548716,
     "Distance": 0.0589197675169879,
     "Pos_date": 1701391577000
}