{
     "Matricula": "B3C6B707FF586E09DD4455DAB6DEA799EC9DA501B0181ABE235EC1E192A20E3D",
     "Latitud": 41.772343,
     "Longitud": 2.673239,
     "Distance": 0.0018682782394537,
     "Pos_date": 1701391590000
}