{
     "Matricula": "4CD3FCAC24AA17EB8A4985E4F997FD3730871E563B5536B369A38FB9F5E20CDB",
     "Latitud": -33.482362,
     "Longitud": -68.982964,
     "Distance": 3.4667969405219505,
     "Pos_date": 1701391555000
}