{
     "Matricula": "B505798DC7ED76BB9D4538F2F4057A1DF38D96751F3DB4F05EBED09AC13BB45A",
     "Latitud": 36.5642983,
     "Longitud": -7.754285,
     "Distance": 0.0517513048444743,
     "Pos_date": 1701391589000
}