{
     "Matricula": "F28866C0CF5333C77C245F93F8BE91DB1615539BF1188E087D18FB6EC9040A51",
     "Latitud": 28.8591066,
     "Longitud": -14.3964616,
     "Distance": 0.0126605476421673,
     "Pos_date": 1701388811000
}