{
     "Matricula": "AE761A87AB9E32A666F296B3596A9CD533B214ECA5D011EE7C0CAE3C6CE822F4",
     "Latitud": 18.6239058,
     "Longitud": -71.2760024,
     "Distance": 0.2931306383128054,
     "Pos_date": 1701388929000
}