{
     "Matricula": "B3C6B707FF586E09DD4455DAB6DEA799EC9DA501B0181ABE235EC1E192A20E3D",
     "Latitud": 41.7723591,
     "Longitud": 2.6732406,
     "Distance": 0.0017951511866625,
     "Pos_date": 1701391596000
}