{
     "Matricula": "82FDF5C4ADC6E39A518110E31495EFB4F9C1F561693EA662EF8FAD8D63999384",
     "Latitud": 39.9140399,
     "Longitud": -2.63359,
     "Distance": 1.1539906681772438,
     "Pos_date": 1701391587000
}