{
     "Matricula": "39A7C03D597FA1866B013468871534F511F50FC1679C2A121B1A0A2E965C4635",
     "Latitud": 42.1681216,
     "Longitud": -8.696281599999999,
     "Distance": 2.024654005204662,
     "Pos_date": 1701391592000
}