{
     "Matricula": "CA93FB7C2164238FD95910FB92316B6B21863EFD7D3E248D3414DA5AB8BF52AA",
     "Latitud": 40.3902666,
     "Longitud": -3.6923249,
     "Distance": 1.027136147495916,
     "Pos_date": 1701391591000
}