{
     "Matricula": "15B102B52BFF55DFE9F21D1C320F93BBBD882C85BC185F8A6E5A9119578439BA",
     "Latitud": 43.291975,
     "Longitud": -7.659496600000001,
     "Distance": 0.3287661511445075,
     "Pos_date": 1701391594000
}