{
     "Matricula": "6148713A6F329584E4C09884CB53EB63EF06A7CC9386E01998CB7832594AFFD3",
     "Latitud": 42.2911916,
     "Longitud": -1.99826,
     "Distance": 0.3271367455826451,
     "Pos_date": 1701391593000
}