{
     "Matricula": "AE761A87AB9E32A666F296B3596A9CD533B214ECA5D011EE7C0CAE3C6CE822F4",
     "Latitud": 19.6259239,
     "Longitud": -70.2781648,
     "Distance": 0.3188263463038319,
     "Pos_date": 1701388987000
}