{
     "Matricula": "F1B2B87C7D3D0D8652C36CD40ABF6460D9ED377C1FF8E97BCE56D9CA5EC26A38",
     "Latitud": 38.2059816,
     "Longitud": -6.0180916,
     "Distance": 0.0176326536170896,
     "Pos_date": 1701391599000
}