{
     "Matricula": "F1B2B87C7D3D0D8652C36CD40ABF6460D9ED377C1FF8E97BCE56D9CA5EC26A38",
     "Latitud": 36.2059816,
     "Longitud": -8.0180916,
     "Distance": 0.0,
     "Pos_date": 1701391599010
}