{
     "Matricula": "6148713A6F329584E4C09884CB53EB63EF06A7CC9386E01998CB7832594AFFD3",
     "Latitud": 40.2913983,
     "Longitud": -3.9986283,
     "Distance": 0.0387821967348797,
     "Pos_date": 1701391600000
}