{
     "Matricula": "13235751DB1148FCD42982232152D28444DC7A0A8CB2EAB8BAC00A92D7E0DEA0",
     "Latitud": 43.3873783,
     "Longitud": 4.1244649,
     "Distance": 0.3166306253757516,
     "Pos_date": 1701391596000
}