{
     "Matricula": "CA93FB7C2164238FD95910FB92316B6B21863EFD7D3E248D3414DA5AB8BF52AA",
     "Latitud": 40.3897983,
     "Longitud": -3.6914033,
     "Distance": 0.0938279143584154,
     "Pos_date": 1701391604000
}