{
     "Matricula": "C45D1B997E2C771440AD44B4EC93794F1E6FE175EE49F8D49415BD1213ED4507",
     "Latitud": 41.3909616,
     "Longitud": 2.1405133,
     "Distance": 0.1249833501707198,
     "Pos_date": 1701391606000
}