{
     "Matricula": "09146B272A3A4286F445DB065CDE7500601FEB1F28507C9639C44DBD771361FC",
     "Latitud": 41.3690099,
     "Longitud": -2.6779126,
     "Distance": 0.7961050957782605,
     "Pos_date": 1701391607000
}