{
     "Matricula": "AAAEFD88472AFE7F8B9A417CD689BB28B3BF408EB543D9CFC30E3323980F1746",
     "Latitud": 41.9947466,
     "Longitud": -8.551118299999999,
     "Distance": 0.2512190288868223,
     "Pos_date": 1701389031000
}