{
     "Matricula": "592CC2AABC99C7CAA28E97EF978606A85E961B50ECA4EA6043052F7457B39E17",
     "Latitud": 40.1383716,
     "Longitud": -2.418455,
     "Distance": 0.3081276558340334,
     "Pos_date": 1701391583010
}