{
     "Matricula": "592CC2AABC99C7CAA28E97EF978606A85E961B50ECA4EA6043052F7457B39E17",
     "Latitud": 42.1384799,
     "Longitud": -0.4187066,
     "Distance": 0.0239873565678948,
     "Pos_date": 1701391601000
}