{
     "Matricula": "B505798DC7ED76BB9D4538F2F4057A1DF38D96751F3DB4F05EBED09AC13BB45A",
     "Latitud": 37.565,
     "Longitud": -6.7538066,
     "Distance": 0.0886904790593916,
     "Pos_date": 1701391607000
}