{
     "Matricula": "B505798DC7ED76BB9D4538F2F4057A1DF38D96751F3DB4F05EBED09AC13BB45A",
     "Latitud": 36.5647333,
     "Longitud": -7.7537316,
     "Distance": 0.0303835679433527,
     "Pos_date": 1701391612000
}