{
     "Matricula": "592CC2AABC99C7CAA28E97EF978606A85E961B50ECA4EA6043052F7457B39E17",
     "Latitud": 42.1393883,
     "Longitud": -0.4191066,
     "Distance": 0.1062577585103425,
     "Pos_date": 1701391614000
}