{
     "Matricula": "7E4A080157027B36C4D596160AC49CA6DBA51495D30AB66AC4B6C5D44B16E263",
     "Latitud": 30.6088366,
     "Longitud": -117.3592166,
     "Distance": 1.4730352369782165,
     "Pos_date": 1701391616000
}