{
     "Matricula": "81486AACFBE20A1A64655FD2B79DD456B68E4AB7452D1E1295D6FEDCD52DD526",
     "Latitud": 26.8576849,
     "Longitud": -16.392105,
     "Distance": 0.1204380653582589,
     "Pos_date": 1701389031000
}