{
     "Matricula": "B9C3A5DC077611D8C32009DC93BD959610A01ECD526463F97569FB8DAA57B291",
     "Latitud": 36.7113616,
     "Longitud": -4.43684,
     "Distance": 0.0,
     "Pos_date": 1701391617010
}