{
     "Matricula": "13235751DB1148FCD42982232152D28444DC7A0A8CB2EAB8BAC00A92D7E0DEA0",
     "Latitud": 40.387525,
     "Longitud": 1.1249533,
     "Distance": 0.0438887068935348,
     "Pos_date": 1701391613000
}