{
     "Matricula": "15B102B52BFF55DFE9F21D1C320F93BBBD882C85BC185F8A6E5A9119578439BA",
     "Latitud": 41.2919933,
     "Longitud": -9.6621349,
     "Distance": 0.2170197614325212,
     "Pos_date": 1701391615000
}