{
     "Matricula": "1ADA7E72901A47F8F370E2BF41CC537AD861766D5EA4877C6F31ED7DED1249A6",
     "Latitud": 37.503075,
     "Longitud": -7.27039,
     "Distance": 0.0392379775421024,
     "Pos_date": 1701391616000
}