{
     "Matricula": "592CC2AABC99C7CAA28E97EF978606A85E961B50ECA4EA6043052F7457B39E17",
     "Latitud": 42.13886,
     "Longitud": -0.4172766,
     "Distance": 0.1619211661683867,
     "Pos_date": 1701391621000
}