{
     "Matricula": "07F0F06AFDDE789E75C987F1E8AF8E5F48E72512AD4FC4FBD22D89D19D0618BC",
     "Latitud": 41.16575666666667,
     "Longitud": -8.620183333333333,
     "Distance": 0.004924380984987,
     "Pos_date": 1701391626000
}