{
     "Matricula": "592CC2AABC99C7CAA28E97EF978606A85E961B50ECA4EA6043052F7457B39E17",
     "Latitud": 41.13855,
     "Longitud": -1.4165616,
     "Distance": 0.0682922624508356,
     "Pos_date": 1701391625000
}