{
     "Matricula": "8CECB523F0EF7C77F7990DA313F6009AC496E1E060A881986DA7C09AB16474EA",
     "Latitud": 42.1989883,
     "Longitud": -8.7833616,
     "Distance": 0.3031057669399984,
     "Pos_date": 1701391631000
}