{
     "Matricula": "13235751DB1148FCD42982232152D28444DC7A0A8CB2EAB8BAC00A92D7E0DEA0",
     "Latitud": 40.38769,
     "Longitud": 1.1262683,
     "Distance": 0.1112269461219532,
     "Pos_date": 1701391631000
}