{
     "Matricula": "6066442343EEFE8AD80976BF33D09F16C7A9B1D724AE30C32A2605B46F13C28A",
     "Latitud": 55.9417363,
     "Longitud": -4.1377376,
     "Distance": 0.0040633904956615,
     "Pos_date": 1701391490000
}