{
     "Matricula": "592CC2AABC99C7CAA28E97EF978606A85E961B50ECA4EA6043052F7457B39E17",
     "Latitud": 43.135405,
     "Longitud": 0.5854784,
     "Distance": 0.3880601676681971,
     "Pos_date": 1701391636000
}