{
     "Matricula": "CA93FB7C2164238FD95910FB92316B6B21863EFD7D3E248D3414DA5AB8BF52AA",
     "Latitud": 39.39115,
     "Longitud": -4.6877866,
     "Distance": 0.3411925229080744,
     "Pos_date": 1701391635000
}