{
     "Matricula": "B3C6B707FF586E09DD4455DAB6DEA799EC9DA501B0181ABE235EC1E192A20E3D",
     "Latitud": 41.772355,
     "Longitud": 2.6732396,
     "Distance": 0.000463380918629,
     "Pos_date": 1701391643000
}