{
     "Matricula": "D0987C421B7385E3BF5BC30D521B4F7684CDBC4CCE30DF650B89F94579B337DA",
     "Latitud": 38.2379783,
     "Longitud": -5.1292266,
     "Distance": 1.5248418647345738,
     "Pos_date": 1701391538000
}