{
     "Matricula": "FF3C59B448620745BF18F32F614A1E7B43B32C7A89545EC541A90558D199D111",
     "Latitud": 37.0141432,
     "Longitud": -5.5634558,
     "Distance": 0.0056537816157008,
     "Pos_date": 1701391654000
}