{
     "Matricula": "EFBFEA45FDDA61154A0E59ABA3E3934E7C85941EEFAEFB7062482EFF192DCC74",
     "Latitud": 27.900065,
     "Longitud": -15.5361783,
     "Distance": 0.0890693900470236,
     "Pos_date": 1701389035000
}