{
     "Matricula": "B505798DC7ED76BB9D4538F2F4057A1DF38D96751F3DB4F05EBED09AC13BB45A",
     "Latitud": 37.5606183,
     "Longitud": -6.75797,
     "Distance": 0.5907062433439565,
     "Pos_date": 1701391650000
}