{
     "Matricula": "82FDF5C4ADC6E39A518110E31495EFB4F9C1F561693EA662EF8FAD8D63999384",
     "Latitud": 39.90899,
     "Longitud": -2.6429133,
     "Distance": 0.982872466020325,
     "Pos_date": 1701391656000
}