{
     "Matricula": "39A7C03D597FA1866B013468871534F511F50FC1679C2A121B1A0A2E965C4635",
     "Latitud": 43.17602,
     "Longitud": -7.7188233,
     "Distance": 2.0280496653587736,
     "Pos_date": 1701391656000
}