{
     "Matricula": "F4AE0241D1A98FCCB07393881F2EB5F012112A9453EE549C474D6C427E650864",
     "Latitud": 35.3824383,
     "Longitud": -4.1685966,
     "Distance": 5.006148458326128,
     "Pos_date": 1701391660000
}