{
     "Matricula": "592CC2AABC99C7CAA28E97EF978606A85E961B50ECA4EA6043052F7457B39E17",
     "Latitud": 42.1341833,
     "Longitud": -0.4124983,
     "Distance": 0.2151502151410699,
     "Pos_date": 1701391660000
}