{
     "Matricula": "B3C6B707FF586E09DD4455DAB6DEA799EC9DA501B0181ABE235EC1E192A20E3D",
     "Latitud": 40.7723722,
     "Longitud": 1.6732176,
     "Distance": 0.0005550259691941,
     "Pos_date": 1701391668000
}