{
     "Matricula": "B552A6A633BDA3272B8840DEFAFA97AF693265E69D46098DB86823F714D205DF",
     "Latitud": 43.4546133,
     "Longitud": -3.8202066,
     "Distance": 0.0274862556665773,
     "Pos_date": 1701391647000
}