{
     "Matricula": "B552A6A633BDA3272B8840DEFAFA97AF693265E69D46098DB86823F714D205DF",
     "Latitud": 42.4546133,
     "Longitud": -4.820206600000001,
     "Distance": 0.0,
     "Pos_date": 1701391647010
}