{
     "Matricula": "C45D1B997E2C771440AD44B4EC93794F1E6FE175EE49F8D49415BD1213ED4507",
     "Latitud": 40.390425,
     "Longitud": 1.13714,
     "Distance": 0.0058007995041195,
     "Pos_date": 1701389035000
}