{
     "Matricula": "8881B4F2722D5BAACFBE89FFD848EC76CF11E9745F807AF4E6F99A2F8A55C3DF",
     "Latitud": 39.4836433,
     "Longitud": -4.5798866,
     "Distance": 1.2039031439474128,
     "Pos_date": 1701391663000
}