{
     "Matricula": "0B50B5AF0509E8A49158007E5E2B64366663DC54C5FD4C3E76E3FBF8ED261934",
     "Latitud": 43.0482333,
     "Longitud": -6.0824316,
     "Distance": 5.021281507091199,
     "Pos_date": 1701391654000
}