{
     "Matricula": "09146B272A3A4286F445DB065CDE7500601FEB1F28507C9639C44DBD771361FC",
     "Latitud": 40.3608089,
     "Longitud": -3.6749188,
     "Distance": 0.9465290272453404,
     "Pos_date": 1701391667000
}