{
     "Matricula": "1ADA7E72901A47F8F370E2BF41CC537AD861766D5EA4877C6F31ED7DED1249A6",
     "Latitud": 37.5032,
     "Longitud": -7.2701283,
     "Distance": 0.0269467869081931,
     "Pos_date": 1701391671000
}