{
     "Matricula": "592CC2AABC99C7CAA28E97EF978606A85E961B50ECA4EA6043052F7457B39E17",
     "Latitud": 42.1354,
     "Longitud": -0.4134933,
     "Distance": 0.0546282156196054,
     "Pos_date": 1701391674000
}