{
     "Matricula": "8CECB523F0EF7C77F7990DA313F6009AC496E1E060A881986DA7C09AB16474EA",
     "Latitud": 42.19878,
     "Longitud": -8.783515,
     "Distance": 0.0263847122836638,
     "Pos_date": 1701391674000
}