{
     "Matricula": "C45D1B997E2C771440AD44B4EC93794F1E6FE175EE49F8D49415BD1213ED4507",
     "Latitud": 41.3909916,
     "Longitud": 2.1396916,
     "Distance": 0.0686275341349647,
     "Pos_date": 1701391682000
}