{
     "Matricula": "8CECB523F0EF7C77F7990DA313F6009AC496E1E060A881986DA7C09AB16474EA",
     "Latitud": 43.1987833,
     "Longitud": -7.783511600000001,
     "Distance": 0.0004616172900913,
     "Pos_date": 1701391681000
}