{
     "Matricula": "13235751DB1148FCD42982232152D28444DC7A0A8CB2EAB8BAC00A92D7E0DEA0",
     "Latitud": 41.408375,
     "Longitud": 2.123185,
     "Distance": 3.601667837131244,
     "Pos_date": 1701389029000
}