{
     "Matricula": "4CD3FCAC24AA17EB8A4985E4F997FD3730871E563B5536B369A38FB9F5E20CDB",
     "Latitud": -33.452423,
     "Longitud": -68.970437,
     "Distance": 3.52603553386869,
     "Pos_date": 1701391675000
}