{
     "Matricula": "4CD3FCAC24AA17EB8A4985E4F997FD3730871E563B5536B369A38FB9F5E20CDB",
     "Latitud": -31.451099,
     "Longitud": -66.969383,
     "Distance": 0.1767382535510877,
     "Pos_date": 1701391681000
}