{
     "Matricula": "C45D1B997E2C771440AD44B4EC93794F1E6FE175EE49F8D49415BD1213ED4507",
     "Latitud": 41.3911016,
     "Longitud": 2.139745,
     "Distance": 0.0130173871122919,
     "Pos_date": 1701391686000
}