{
     "Matricula": "1ADA7E72901A47F8F370E2BF41CC537AD861766D5EA4877C6F31ED7DED1249A6",
     "Latitud": 38.50328,
     "Longitud": -6.2698183,
     "Distance": 0.0287565625327793,
     "Pos_date": 1701391685000
}