{
     "Matricula": "B505798DC7ED76BB9D4538F2F4057A1DF38D96751F3DB4F05EBED09AC13BB45A",
     "Latitud": 38.5566416,
     "Longitud": -5.762365,
     "Distance": 0.5878922423928986,
     "Pos_date": 1701391685000
}