{
     "Matricula": "B552A6A633BDA3272B8840DEFAFA97AF693265E69D46098DB86823F714D205DF",
     "Latitud": 43.4536016,
     "Longitud": -3.820365,
     "Distance": 0.1132203359867639,
     "Pos_date": 1701391688000
}