{
     "Matricula": "B3C6B707FF586E09DD4455DAB6DEA799EC9DA501B0181ABE235EC1E192A20E3D",
     "Latitud": 41.772305,
     "Longitud": 2.6732695,
     "Distance": 0.008623222683645,
     "Pos_date": 1701391695000
}