{
     "Matricula": "1ADA7E72901A47F8F370E2BF41CC537AD861766D5EA4877C6F31ED7DED1249A6",
     "Latitud": 37.5033666,
     "Longitud": -7.2697166,
     "Distance": 0.0131609578051226,
     "Pos_date": 1701391690000
}