{
     "Matricula": "61E9C8A81EEC32F7DADD350A7DEF8062150D99E745599F7F8E4FFAB8E35187E6",
     "Latitud": 38.8973116,
     "Longitud": -3.8156216,
     "Distance": 0.0036027962578497,
     "Pos_date": 1701389013000
}