{
     "Matricula": "671D8B81DD587CB93F5DAB19E861BF70ED5F9464E646842113481950C358B3EE",
     "Latitud": 40.16702,
     "Longitud": -8.8839899,
     "Distance": 0.0,
     "Pos_date": 1701391691000
}