{
     "Matricula": "592CC2AABC99C7CAA28E97EF978606A85E961B50ECA4EA6043052F7457B39E17",
     "Latitud": 41.13266,
     "Longitud": -1.4123733,
     "Distance": 0.3183645690045431,
     "Pos_date": 1701391694000
}