{
     "Matricula": "13235751DB1148FCD42982232152D28444DC7A0A8CB2EAB8BAC00A92D7E0DEA0",
     "Latitud": 43.3891083,
     "Longitud": 4.1310466,
     "Distance": 0.4286862426241521,
     "Pos_date": 1701391693000
}