{
     "Matricula": "819E6C37F3BADB27EB7E184F15B91B3B5C093D8FD55FF4082DDA5939D8713135",
     "Latitud": 38.57156,
     "Longitud": 7.874201599999999,
     "Distance": 5.023007224762684,
     "Pos_date": 1701391697000
}