{
     "Matricula": "82FDF5C4ADC6E39A518110E31495EFB4F9C1F561693EA662EF8FAD8D63999384",
     "Latitud": 39.9069316,
     "Longitud": -2.6533166,
     "Distance": 0.9288106905453584,
     "Pos_date": 1701391697000
}