{
     "Matricula": "B505798DC7ED76BB9D4538F2F4057A1DF38D96751F3DB4F05EBED09AC13BB45A",
     "Latitud": 38.5587233,
     "Longitud": -5.7633233,
     "Distance": 0.2464067136181892,
     "Pos_date": 1701391700000
}