{
     "Matricula": "B3C6B707FF586E09DD4455DAB6DEA799EC9DA501B0181ABE235EC1E192A20E3D",
     "Latitud": 41.7723432,
     "Longitud": 2.6732795,
     "Distance": 0.004327848295271,
     "Pos_date": 1701391706000
}