{
     "Matricula": "7E4A080157027B36C4D596160AC49CA6DBA51495D30AB66AC4B6C5D44B16E263",
     "Latitud": 31.6142149,
     "Longitud": -116.3600833,
     "Distance": 0.6035250404948231,
     "Pos_date": 1701391700000
}