{
     "Matricula": "592CC2AABC99C7CAA28E97EF978606A85E961B50ECA4EA6043052F7457B39E17",
     "Latitud": 43.1329416,
     "Longitud": 0.58639,
     "Distance": 0.1066789151400241,
     "Pos_date": 1701391702000
}