{
     "Matricula": "C45D1B997E2C771440AD44B4EC93794F1E6FE175EE49F8D49415BD1213ED4507",
     "Latitud": 41.3915316,
     "Longitud": 2.1411966,
     "Distance": 0.130190189518649,
     "Pos_date": 1701391708000
}