{
     "Matricula": "13235751DB1148FCD42982232152D28444DC7A0A8CB2EAB8BAC00A92D7E0DEA0",
     "Latitud": 42.3891083,
     "Longitud": 3.1311116,
     "Distance": 0.0054224714508177,
     "Pos_date": 1701391704000
}