{
     "Matricula": "09146B272A3A4286F445DB065CDE7500601FEB1F28507C9639C44DBD771361FC",
     "Latitud": 40.3513168,
     "Longitud": -3.6691808,
     "Distance": 1.162077541962797,
     "Pos_date": 1701391727000
}