{
     "Matricula": "CA93FB7C2164238FD95910FB92316B6B21863EFD7D3E248D3414DA5AB8BF52AA",
     "Latitud": 40.3932666,
     "Longitud": -3.68874,
     "Distance": 0.2488203811861785,
     "Pos_date": 1701391726000
}