{
     "Matricula": "39A7C03D597FA1866B013468871534F511F50FC1679C2A121B1A0A2E965C4635",
     "Latitud": 42.1785333,
     "Longitud": -8.743545000000001,
     "Distance": 2.024017447373242,
     "Pos_date": 1701391726000
}