{
     "Matricula": "592CC2AABC99C7CAA28E97EF978606A85E961B50ECA4EA6043052F7457B39E17",
     "Latitud": 41.133745,
     "Longitud": -1.4140566,
     "Distance": 0.0463289261443731,
     "Pos_date": 1701391734000
}