{
     "Matricula": "D0987C421B7385E3BF5BC30D521B4F7684CDBC4CCE30DF650B89F94579B337DA",
     "Latitud": 37.2476283,
     "Longitud": -6.1048833,
     "Distance": 2.407250418057502,
     "Pos_date": 1701391659000
}