{
     "Matricula": "81486AACFBE20A1A64655FD2B79DD456B68E4AB7452D1E1295D6FEDCD52DD526",
     "Latitud": 27.8590783,
     "Longitud": -15.3964833,
     "Distance": 0.0183920596599973,
     "Pos_date": 1701388800000
}