{
     "Matricula": "E0047EE446AB648BEA8D01836B0FBDBA466C8C19A4EFA5788990BB1D505D5919",
     "Latitud": 42.12165666666667,
     "Longitud": 2.1928,
     "Distance": 0.0079689807499854,
     "Pos_date": 1701389040000
}