{
     "Matricula": "D0987C421B7385E3BF5BC30D521B4F7684CDBC4CCE30DF650B89F94579B337DA",
     "Latitud": 36.2585049,
     "Longitud": -7.0971266,
     "Distance": 1.3906940075275769,
     "Pos_date": 1701391728000
}