{
     "Matricula": "216988BB419507DFAB380C71C4795482CA90FC861D4C361F913B93203A57F5F6",
     "Latitud": 32.5477466,
     "Longitud": -115.3169733,
     "Distance": 0.0,
     "Pos_date": 1701391733010
}