{
     "Matricula": "508F5591B74AE64243D2DCF64C584E049B90F347F02FFCBC647164BB8D2FE9F7",
     "Latitud": 18.8455045,
     "Longitud": -70.3190651,
     "Distance": 2.772483965049997,
     "Pos_date": 1701391561000
}