{
     "Matricula": "508F5591B74AE64243D2DCF64C584E049B90F347F02FFCBC647164BB8D2FE9F7",
     "Latitud": 18.8352678,
     "Longitud": -70.3007823,
     "Distance": 2.235525031191928,
     "Pos_date": 1701391681000
}