{
     "Matricula": "E8D5D7745EE18927FC55BAD5FD79EA2AE5C9C781209D76F070370B1DB612B47A",
     "Latitud": 43.2734949,
     "Longitud": -5.8102766,
     "Distance": 0.0150393956942305,
     "Pos_date": 1701391735000
}