{
     "Matricula": "15B102B52BFF55DFE9F21D1C320F93BBBD882C85BC185F8A6E5A9119578439BA",
     "Latitud": 42.2979483,
     "Longitud": -8.6822566,
     "Distance": 1.7825588560959351,
     "Pos_date": 1701391718000
}