{
     "Matricula": "E0047EE446AB648BEA8D01836B0FBDBA466C8C19A4EFA5788990BB1D505D5919",
     "Latitud": 42.121485,
     "Longitud": 2.19275,
     "Distance": 0.0077836556167089,
     "Pos_date": 1701391741000
}