{
     "Matricula": "592CC2AABC99C7CAA28E97EF978606A85E961B50ECA4EA6043052F7457B39E17",
     "Latitud": 43.13464,
     "Longitud": 0.5854684,
     "Distance": 0.1069500125219032,
     "Pos_date": 1701391742000
}