{
     "Matricula": "AE761A87AB9E32A666F296B3596A9CD533B214ECA5D011EE7C0CAE3C6CE822F4",
     "Latitud": 18.6806769,
     "Longitud": -71.3725665,
     "Distance": 0.0193434350875675,
     "Pos_date": 1701391505000
}