{
     "Matricula": "C6FCE3D69653A0C262509EA6E8A244B4CB6921DD5E08BC3B5502FFC88D6AE9D1",
     "Latitud": 28.46163,
     "Longitud": -16.3547916,
     "Distance": 0.0198645158668451,
     "Pos_date": 1701389036000
}