{
     "Matricula": "AE761A87AB9E32A666F296B3596A9CD533B214ECA5D011EE7C0CAE3C6CE822F4",
     "Latitud": 19.680706,
     "Longitud": -70.3725797,
     "Distance": 0.0035185606037931,
     "Pos_date": 1701391593000
}