{
     "Matricula": "1ADA7E72901A47F8F370E2BF41CC537AD861766D5EA4877C6F31ED7DED1249A6",
     "Latitud": 38.5038066,
     "Longitud": -6.2665366,
     "Distance": 0.2847512437699055,
     "Pos_date": 1701391743000
}