{
     "Matricula": "216988BB419507DFAB380C71C4795482CA90FC861D4C361F913B93203A57F5F6",
     "Latitud": 31.5477583,
     "Longitud": -116.3169333,
     "Distance": 0.0039685516020663,
     "Pos_date": 1701391746000
}