{
     "Matricula": "592CC2AABC99C7CAA28E97EF978606A85E961B50ECA4EA6043052F7457B39E17",
     "Latitud": 43.1341816,
     "Longitud": 0.5857334000000001,
     "Distance": 0.0554583092998212,
     "Pos_date": 1701391750000
}