{
     "Matricula": "8881B4F2722D5BAACFBE89FFD848EC76CF11E9745F807AF4E6F99A2F8A55C3DF",
     "Latitud": 39.4851333,
     "Longitud": -4.59326,
     "Distance": 1.1431001639674718,
     "Pos_date": 1701391748000
}