{
     "Matricula": "592CC2AABC99C7CAA28E97EF978606A85E961B50ECA4EA6043052F7457B39E17",
     "Latitud": 43.13314,
     "Longitud": 0.5864867,
     "Distance": 0.1314268491083051,
     "Pos_date": 1701391756000
}