{
     "Matricula": "EFBFEA45FDDA61154A0E59ABA3E3934E7C85941EEFAEFB7062482EFF192DCC74",
     "Latitud": 26.866945,
     "Longitud": -16.5089466,
     "Distance": 0.1476292567528125,
     "Pos_date": 1701391450000
}