{
     "Matricula": "EFBFEA45FDDA61154A0E59ABA3E3934E7C85941EEFAEFB7062482EFF192DCC74",
     "Latitud": 27.863245,
     "Longitud": -15.5051383,
     "Distance": 0.556251857636656,
     "Pos_date": 1701391535000
}