{
     "Matricula": "EFBFEA45FDDA61154A0E59ABA3E3934E7C85941EEFAEFB7062482EFF192DCC74",
     "Latitud": 27.8631233,
     "Longitud": -15.5045583,
     "Distance": 0.0586001253413782,
     "Pos_date": 1701391545000
}