{
     "Matricula": "EFBFEA45FDDA61154A0E59ABA3E3934E7C85941EEFAEFB7062482EFF192DCC74",
     "Latitud": 27.8614516,
     "Longitud": -15.503995,
     "Distance": 0.1939576094009397,
     "Pos_date": 1701391571000
}