{
     "Matricula": "EFBFEA45FDDA61154A0E59ABA3E3934E7C85941EEFAEFB7062482EFF192DCC74",
     "Latitud": 27.862145,
     "Longitud": -15.500275,
     "Distance": 0.3737345654047471,
     "Pos_date": 1701391614000
}