{
     "Matricula": "EFBFEA45FDDA61154A0E59ABA3E3934E7C85941EEFAEFB7062482EFF192DCC74",
     "Latitud": 27.8724566,
     "Longitud": -15.5024983,
     "Distance": 1.1672420660420753,
     "Pos_date": 1701391725000
}