{
     "Matricula": "6148713A6F329584E4C09884CB53EB63EF06A7CC9386E01998CB7832594AFFD3",
     "Latitud": 39.2920133,
     "Longitud": -5.0128116,
     "Distance": 1.2049041051740867,
     "Pos_date": 1701391759000
}