{
     "Matricula": "EFBFEA45FDDA61154A0E59ABA3E3934E7C85941EEFAEFB7062482EFF192DCC74",
     "Latitud": 27.8712383,
     "Longitud": -15.4990416,
     "Distance": 0.3657895717430998,
     "Pos_date": 1701391756000
}