{
     "Matricula": "592CC2AABC99C7CAA28E97EF978606A85E961B50ECA4EA6043052F7457B39E17",
     "Latitud": 43.134025,
     "Longitud": 0.5876234,
     "Distance": 0.1359039403848732,
     "Pos_date": 1701391770000
}