{
     "Matricula": "9E1AFCD5BA4E22A6760253B3D722E4263303C8E9629BB44029D4F9672DF44A13",
     "Latitud": 18.7068993,
     "Longitud": -70.1976875,
     "Distance": 1.9443066794411743,
     "Pos_date": 1701391560000
}