{
     "Matricula": "819E6C37F3BADB27EB7E184F15B91B3B5C093D8FD55FF4082DDA5939D8713135",
     "Latitud": 40.9288699,
     "Longitud": 9.5759416,
     "Distance": 3.533529587192425,
     "Pos_date": 1701389039000
}