{
     "Matricula": "9E1AFCD5BA4E22A6760253B3D722E4263303C8E9629BB44029D4F9672DF44A13",
     "Latitud": 17.6989885,
     "Longitud": -71.1905079,
     "Distance": 1.1599900642686354,
     "Pos_date": 1701391601000
}