{
     "Matricula": "9E1AFCD5BA4E22A6760253B3D722E4263303C8E9629BB44029D4F9672DF44A13",
     "Latitud": 17.6863506,
     "Longitud": -71.172239,
     "Distance": 1.32503095398069,
     "Pos_date": 1701391682000
}