{
     "Matricula": "9E1AFCD5BA4E22A6760253B3D722E4263303C8E9629BB44029D4F9672DF44A13",
     "Latitud": 19.6773274,
     "Longitud": -69.1677778,
     "Distance": 1.1079319666994991,
     "Pos_date": 1701391721000
}