{
     "Matricula": "B3C6B707FF586E09DD4455DAB6DEA799EC9DA501B0181ABE235EC1E192A20E3D",
     "Latitud": 41.7723492,
     "Longitud": 2.6732152,
     "Distance": 0.0112344004921804,
     "Pos_date": 1701391773000
}