{
     "Matricula": "FF3C59B448620745BF18F32F614A1E7B43B32C7A89545EC541A90558D199D111",
     "Latitud": 40.0141915,
     "Longitud": -2.5634312,
     "Distance": 0.0034169361322782,
     "Pos_date": 1701391774000
}