{
     "Matricula": "0B50B5AF0509E8A49158007E5E2B64366663DC54C5FD4C3E76E3FBF8ED261934",
     "Latitud": 42.059185,
     "Longitud": -7.1182233,
     "Distance": 3.196198261761927,
     "Pos_date": 1701391772000
}