{
     "Matricula": "39A7C03D597FA1866B013468871534F511F50FC1679C2A121B1A0A2E965C4635",
     "Latitud": 42.7752516,
     "Longitud": -7.0960666,
     "Distance": 2.017302550568272,
     "Pos_date": 1701389041000
}