{
     "Matricula": "671D8B81DD587CB93F5DAB19E861BF70ED5F9464E646842113481950C358B3EE",
     "Latitud": 41.1670549,
     "Longitud": -7.883928299999999,
     "Distance": 0.0065159266311838,
     "Pos_date": 1701391782000
}