{
     "Matricula": "B3C6B707FF586E09DD4455DAB6DEA799EC9DA501B0181ABE235EC1E192A20E3D",
     "Latitud": 41.7723526,
     "Longitud": 2.6732262,
     "Distance": 0.0009874592314336,
     "Pos_date": 1701391788000
}