{
     "Matricula": "09146B272A3A4286F445DB065CDE7500601FEB1F28507C9639C44DBD771361FC",
     "Latitud": 42.3424612,
     "Longitud": -1.6602880999999998,
     "Distance": 1.2399910249412789,
     "Pos_date": 1701391787000
}