{
     "Matricula": "8881B4F2722D5BAACFBE89FFD848EC76CF11E9745F807AF4E6F99A2F8A55C3DF",
     "Latitud": 40.4892216,
     "Longitud": -3.5928666,
     "Distance": 0.4558146354632153,
     "Pos_date": 1701391787000
}