{
     "Matricula": "82FDF5C4ADC6E39A518110E31495EFB4F9C1F561693EA662EF8FAD8D63999384",
     "Latitud": 39.9038216,
     "Longitud": -2.6634583,
     "Distance": 0.9432431239751516,
     "Pos_date": 1701391787000
}