{
     "Matricula": "730655A225241D534D1C78911ACA85AB05E607C709D7B9520443018F8A067709",
     "Latitud": 42.4255133,
     "Longitud": -4.8515566,
     "Distance": 0.010176231632182,
     "Pos_date": 1701391788000
}