{
     "Matricula": "0872559FB2E1D5E4ADBFECC22DD8AC7ED66EF76026E1AA97D9EC085F2F413185",
     "Latitud": 20.6807133,
     "Longitud": -69.372807,
     "Distance": 0.0022114857629556,
     "Pos_date": 1701391760000
}