{
     "Matricula": "B552A6A633BDA3272B8840DEFAFA97AF693265E69D46098DB86823F714D205DF",
     "Latitud": 44.45885,
     "Longitud": -2.8082783,
     "Distance": 1.1368257369355643,
     "Pos_date": 1701391791000
}