{
     "Matricula": "4B4758B62B9D82CA301A29C665846D8E4ABCA306D1384720183FFC279252E8EE",
     "Latitud": 39.6871016,
     "Longitud": -3.098735,
     "Distance": 0.0,
     "Pos_date": 1701391792010
}