{
     "Matricula": "46DBBE2036029597B9E5A745B2723E3B48CEA05926D052BF2384161CF8B70AB8",
     "Latitud": 19.4301883,
     "Longitud": -99.200115,
     "Distance": 0.0192071566079137,
     "Pos_date": 1701391795000
}