{
     "Matricula": "592CC2AABC99C7CAA28E97EF978606A85E961B50ECA4EA6043052F7457B39E17",
     "Latitud": 42.1346383,
     "Longitud": -0.410745,
     "Distance": 0.1508373054812975,
     "Pos_date": 1701391797000
}