{
     "Matricula": "4B4758B62B9D82CA301A29C665846D8E4ABCA306D1384720183FFC279252E8EE",
     "Latitud": 39.6869916,
     "Longitud": -3.0985699,
     "Distance": 0.0188402973571676,
     "Pos_date": 1701391803000
}