{
     "Matricula": "7E4A080157027B36C4D596160AC49CA6DBA51495D30AB66AC4B6C5D44B16E263",
     "Latitud": 33.6143883,
     "Longitud": -114.3715433,
     "Distance": 1.0735351587927522,
     "Pos_date": 1701391802000
}