{
     "Matricula": "07F0F06AFDDE789E75C987F1E8AF8E5F48E72512AD4FC4FBD22D89D19D0618BC",
     "Latitud": 41.165865,
     "Longitud": -8.620183333333333,
     "Distance": 0.0120461336912627,
     "Pos_date": 1701391806000
}