{
     "Matricula": "96CCDDEBC559BA6C00439D619E2F188E69090FD1EE9491C275FE8A3B84B1DCC3",
     "Latitud": 40.297045,
     "Longitud": -3.696905,
     "Distance": 0.0,
     "Pos_date": 1701391782010
}