{
     "Matricula": "96CCDDEBC559BA6C00439D619E2F188E69090FD1EE9491C275FE8A3B84B1DCC3",
     "Latitud": 40.29705,
     "Longitud": -3.6968383,
     "Distance": 0.0056839949238366,
     "Pos_date": 1701391788000
}