{
     "Matricula": "96CCDDEBC559BA6C00439D619E2F188E69090FD1EE9491C275FE8A3B84B1DCC3",
     "Latitud": 40.2970133,
     "Longitud": -3.6930916,
     "Distance": 0.3177789301422433,
     "Pos_date": 1701391815000
}