{
     "Matricula": "592CC2AABC99C7CAA28E97EF978606A85E961B50ECA4EA6043052F7457B39E17",
     "Latitud": 42.13371,
     "Longitud": -0.4092383,
     "Distance": 0.1615267812276589,
     "Pos_date": 1701391819000
}