{
     "Matricula": "96CCDDEBC559BA6C00439D619E2F188E69090FD1EE9491C275FE8A3B84B1DCC3",
     "Latitud": 40.296845,
     "Longitud": -3.6925016,
     "Distance": 0.053422285035595,
     "Pos_date": 1701391823000
}