{
     "Matricula": "6148713A6F329584E4C09884CB53EB63EF06A7CC9386E01998CB7832594AFFD3",
     "Latitud": 40.2918333,
     "Longitud": -4.0122633,
     "Distance": 0.050628431703326,
     "Pos_date": 1701391818000
}