{
     "Matricula": "592CC2AABC99C7CAA28E97EF978606A85E961B50ECA4EA6043052F7457B39E17",
     "Latitud": 41.1339083,
     "Longitud": -1.40918,
     "Distance": 0.0225679665366881,
     "Pos_date": 1701391824000
}