{
     "Matricula": "96CCDDEBC559BA6C00439D619E2F188E69090FD1EE9491C275FE8A3B84B1DCC3",
     "Latitud": 39.297125,
     "Longitud": -4.6926000000000005,
     "Distance": 0.0322336278266919,
     "Pos_date": 1701391825000
}