{
     "Matricula": "4B4758B62B9D82CA301A29C665846D8E4ABCA306D1384720183FFC279252E8EE",
     "Latitud": 37.68668,
     "Longitud": -5.098515,
     "Distance": 0.0349745178662702,
     "Pos_date": 1701391827000
}