{
     "Matricula": "96CCDDEBC559BA6C00439D619E2F188E69090FD1EE9491C275FE8A3B84B1DCC3",
     "Latitud": 41.2976733,
     "Longitud": -2.692645,
     "Distance": 0.0610875905094011,
     "Pos_date": 1701391831000
}