{
     "Matricula": "4CD3FCAC24AA17EB8A4985E4F997FD3730871E563B5536B369A38FB9F5E20CDB",
     "Latitud": -34.933238,
     "Longitud": -70.081684,
     "Distance": 1.5445829503458297,
     "Pos_date": 1701389035000
}