{
     "Matricula": "8881B4F2722D5BAACFBE89FFD848EC76CF11E9745F807AF4E6F99A2F8A55C3DF",
     "Latitud": 41.4895666,
     "Longitud": -2.5903833,
     "Distance": 0.2134797928350351,
     "Pos_date": 1701391824000
}