{
     "Matricula": "82FDF5C4ADC6E39A518110E31495EFB4F9C1F561693EA662EF8FAD8D63999384",
     "Latitud": 39.9009999,
     "Longitud": -2.6631616,
     "Distance": 0.3148078687512917,
     "Pos_date": 1701391828000
}