{
     "Matricula": "45FF096FDD948BC95896C20E328519DDC81882C6850A55275B1A6F561DCEEDC3",
     "Latitud": 39.1996483,
     "Longitud": -4.679045,
     "Distance": 0.0107913555122515,
     "Pos_date": 1701391828000
}