{
     "Matricula": "45FF096FDD948BC95896C20E328519DDC81882C6850A55275B1A6F561DCEEDC3",
     "Latitud": 40.1996483,
     "Longitud": -3.679045,
     "Distance": 0.0,
     "Pos_date": 1701391828010
}