{
     "Matricula": "592CC2AABC99C7CAA28E97EF978606A85E961B50ECA4EA6043052F7457B39E17",
     "Latitud": 42.134255,
     "Longitud": -0.4087583,
     "Distance": 0.0519170955406786,
     "Pos_date": 1701391834000
}