{
     "Matricula": "2E6DE46599917276EA118315105E20AEC32E0A63CDE37C796351602488BB3A89",
     "Latitud": 39.2563183,
     "Longitud": 9.0780533,
     "Distance": 0.010030323048406,
     "Pos_date": 1701391833000
}