{
     "Matricula": "DE270AC86D7A5AF5255D130A15B83A4A5536E712ACBDAC6B87A8638D9EF9B2E6",
     "Latitud": 39.4040666,
     "Longitud": -4.7206066,
     "Distance": 0.9059542696072616,
     "Pos_date": 1701389048000
}