{
     "Matricula": "D0987C421B7385E3BF5BC30D521B4F7684CDBC4CCE30DF650B89F94579B337DA",
     "Latitud": 35.2607883,
     "Longitud": -8.0769249,
     "Distance": 1.8057930103996045,
     "Pos_date": 1701391845000
}