{
     "Matricula": "09146B272A3A4286F445DB065CDE7500601FEB1F28507C9639C44DBD771361FC",
     "Latitud": 40.3344411,
     "Longitud": -3.6533005,
     "Distance": 1.0705393859819308,
     "Pos_date": 1701391847000
}