{
     "Matricula": "4B4758B62B9D82CA301A29C665846D8E4ABCA306D1384720183FFC279252E8EE",
     "Latitud": 39.6868083,
     "Longitud": -3.0990666,
     "Distance": 0.0499570768219758,
     "Pos_date": 1701391845000
}