{
     "Matricula": "96CCDDEBC559BA6C00439D619E2F188E69090FD1EE9491C275FE8A3B84B1DCC3",
     "Latitud": 39.296425,
     "Longitud": -4.69168,
     "Distance": 0.1611354190773735,
     "Pos_date": 1701391852000
}