{
     "Matricula": "4B4758B62B9D82CA301A29C665846D8E4ABCA306D1384720183FFC279252E8EE",
     "Latitud": 37.68699,
     "Longitud": -5.0990316,
     "Distance": 0.0204312528825706,
     "Pos_date": 1701391853000
}