{
     "Matricula": "F4AE0241D1A98FCCB07393881F2EB5F012112A9453EE549C474D6C427E650864",
     "Latitud": 37.3594783,
     "Longitud": -2.1196716,
     "Distance": 5.020990790107965,
     "Pos_date": 1701391820000
}