{
     "Matricula": "82FDF5C4ADC6E39A518110E31495EFB4F9C1F561693EA662EF8FAD8D63999384",
     "Latitud": 38.9006133,
     "Longitud": -3.6614316,
     "Distance": 0.1557566994321194,
     "Pos_date": 1701391854000
}