{
     "Matricula": "E0047EE446AB648BEA8D01836B0FBDBA466C8C19A4EFA5788990BB1D505D5919",
     "Latitud": 42.121613333333336,
     "Longitud": 2.1927833333333333,
     "Distance": 0.0093708357343497,
     "Pos_date": 1701391861000
}