{
     "Matricula": "07F0F06AFDDE789E75C987F1E8AF8E5F48E72512AD4FC4FBD22D89D19D0618BC",
     "Latitud": 42.16578666666667,
     "Longitud": -7.620150000000001,
     "Distance": 0.0091462933729383,
     "Pos_date": 1701391866000
}