{
     "Matricula": "592CC2AABC99C7CAA28E97EF978606A85E961B50ECA4EA6043052F7457B39E17",
     "Latitud": 43.13472,
     "Longitud": 0.5919650000000001,
     "Distance": 0.0789350048333922,
     "Pos_date": 1701391859000
}