{
     "Matricula": "592CC2AABC99C7CAA28E97EF978606A85E961B50ECA4EA6043052F7457B39E17",
     "Latitud": 41.1359883,
     "Longitud": -1.4091666,
     "Distance": 0.1691028318722004,
     "Pos_date": 1701391868000
}