{
     "Matricula": "B505798DC7ED76BB9D4538F2F4057A1DF38D96751F3DB4F05EBED09AC13BB45A",
     "Latitud": 36.5819483,
     "Longitud": -7.7756316,
     "Distance": 2.8010851797650385,
     "Pos_date": 1701391819000
}