{
     "Matricula": "B505798DC7ED76BB9D4538F2F4057A1DF38D96751F3DB4F05EBED09AC13BB45A",
     "Latitud": 37.581715,
     "Longitud": -6.774715,
     "Distance": 0.0848347273888832,
     "Pos_date": 1701391827000
}