{
     "Matricula": "B505798DC7ED76BB9D4538F2F4057A1DF38D96751F3DB4F05EBED09AC13BB45A",
     "Latitud": 36.5811699,
     "Longitud": -7.7750266,
     "Distance": 0.0665419538095718,
     "Pos_date": 1701391832000
}