{
     "Matricula": "B505798DC7ED76BB9D4538F2F4057A1DF38D96751F3DB4F05EBED09AC13BB45A",
     "Latitud": 37.5811183,
     "Longitud": -6.7756916,
     "Distance": 0.0588807091571513,
     "Pos_date": 1701391837000
}