{
     "Matricula": "B505798DC7ED76BB9D4538F2F4057A1DF38D96751F3DB4F05EBED09AC13BB45A",
     "Latitud": 37.5825516,
     "Longitud": -6.7786316,
     "Distance": 0.3041705515126536,
     "Pos_date": 1701391852000
}