{
     "Matricula": "4B4758B62B9D82CA301A29C665846D8E4ABCA306D1384720183FFC279252E8EE",
     "Latitud": 39.6869633,
     "Longitud": -3.0988583,
     "Distance": 0.0153319156997905,
     "Pos_date": 1701391869000
}