{
     "Matricula": "07F0F06AFDDE789E75C987F1E8AF8E5F48E72512AD4FC4FBD22D89D19D0618BC",
     "Latitud": 41.16578333333333,
     "Longitud": -8.620283333333333,
     "Distance": 0.0034456125831276,
     "Pos_date": 1701388805000
}