{
     "Matricula": "679E1E2CF2BC6497342347D4B137CD3DC0C80EAF38A97781ADB848F40E7923FB",
     "Latitud": 39.607225,
     "Longitud": 2.71403,
     "Distance": 0.4207285628949474,
     "Pos_date": 1701389050000
}