{
     "Matricula": "592CC2AABC99C7CAA28E97EF978606A85E961B50ECA4EA6043052F7457B39E17",
     "Latitud": 41.1359116,
     "Longitud": -1.40914,
     "Distance": 0.0088061870199383,
     "Pos_date": 1701391875000
}