{
     "Matricula": "4CD3FCAC24AA17EB8A4985E4F997FD3730871E563B5536B369A38FB9F5E20CDB",
     "Latitud": -33.424436,
     "Longitud": -68.95279,
     "Distance": 3.340748952260639,
     "Pos_date": 1701391795000
}