{
     "Matricula": "6066442343EEFE8AD80976BF33D09F16C7A9B1D724AE30C32A2605B46F13C28A",
     "Latitud": 54.9417283,
     "Longitud": -5.1377754,
     "Distance": 0.0025164048084648,
     "Pos_date": 1701391730000
}