{
     "Matricula": "592CC2AABC99C7CAA28E97EF978606A85E961B50ECA4EA6043052F7457B39E17",
     "Latitud": 42.1347466,
     "Longitud": -0.4086683,
     "Distance": 0.1352555263775751,
     "Pos_date": 1701391882000
}