{
     "Matricula": "4B4758B62B9D82CA301A29C665846D8E4ABCA306D1384720183FFC279252E8EE",
     "Latitud": 39.686895,
     "Longitud": -3.0988766,
     "Distance": 0.0077589442273011,
     "Pos_date": 1701391880000
}