{
     "Matricula": "39A7C03D597FA1866B013468871534F511F50FC1679C2A121B1A0A2E965C4635",
     "Latitud": 43.17603,
     "Longitud": -7.7996733,
     "Distance": 1.398788347965375,
     "Pos_date": 1701391881000
}