{
     "Matricula": "B81D5D3C0ABD5651D35460611801239A551537387FEDC8EFD43EC51B6EE751A2",
     "Latitud": 17.6852463,
     "Longitud": -71.1805941,
     "Distance": 0.0415615570776399,
     "Pos_date": 1701391878000
}