{
     "Matricula": "AF69B29555A2B9300AD69F0DD4A23363815A6F6F738E2101803859FC7837E341",
     "Latitud": 42.2582216,
     "Longitud": -3.9212566,
     "Distance": 0.0293426694557421,
     "Pos_date": 1701389053000
}