{
     "Matricula": "D0987C421B7385E3BF5BC30D521B4F7684CDBC4CCE30DF650B89F94579B337DA",
     "Latitud": 38.2606883,
     "Longitud": -5.0730933,
     "Distance": 0.3392746156650215,
     "Pos_date": 1701391883000
}