{
     "Matricula": "B552A6A633BDA3272B8840DEFAFA97AF693265E69D46098DB86823F714D205DF",
     "Latitud": 43.462965,
     "Longitud": -3.8093583,
     "Distance": 0.4657964702901865,
     "Pos_date": 1701391888000
}