{
     "Matricula": "82FDF5C4ADC6E39A518110E31495EFB4F9C1F561693EA662EF8FAD8D63999384",
     "Latitud": 37.9000366,
     "Longitud": -4.6616816,
     "Distance": 0.0676772067151736,
     "Pos_date": 1701391890000
}