{
     "Matricula": "592CC2AABC99C7CAA28E97EF978606A85E961B50ECA4EA6043052F7457B39E17",
     "Latitud": 42.1341516,
     "Longitud": -0.40842,
     "Distance": 0.0692567531002424,
     "Pos_date": 1701391893000
}