{
     "Matricula": "FF3C59B448620745BF18F32F614A1E7B43B32C7A89545EC541A90558D199D111",
     "Latitud": 39.0142045,
     "Longitud": -3.5635034,
     "Distance": 0.0022812985671738,
     "Pos_date": 1701391894000
}