{
     "Matricula": "8B0FE8F5A3D03881366DD8F638A5D48BAB1174DC7DAFCA6E48EC624B6E1BFCBB",
     "Latitud": 36.3191983,
     "Longitud": -7.797275,
     "Distance": 0.0172831401994906,
     "Pos_date": 1701391894000
}