{
     "Matricula": "13235751DB1148FCD42982232152D28444DC7A0A8CB2EAB8BAC00A92D7E0DEA0",
     "Latitud": 41.380705,
     "Longitud": 2.1418333,
     "Distance": 1.2935326602223125,
     "Pos_date": 1701391895000
}