{
     "Matricula": "819E6C37F3BADB27EB7E184F15B91B3B5C093D8FD55FF4082DDA5939D8713135",
     "Latitud": 40.5420733,
     "Longitud": 9.9184766,
     "Distance": 5.015765616431576,
     "Pos_date": 1701391897000
}