{
     "Matricula": "96CCDDEBC559BA6C00439D619E2F188E69090FD1EE9491C275FE8A3B84B1DCC3",
     "Latitud": 40.2871566,
     "Longitud": -3.6912833,
     "Distance": 1.031149562717928,
     "Pos_date": 1701391897000
}