{
     "Matricula": "592CC2AABC99C7CAA28E97EF978606A85E961B50ECA4EA6043052F7457B39E17",
     "Latitud": 41.1343433,
     "Longitud": -1.408615,
     "Distance": 0.0267007402893568,
     "Pos_date": 1701391900000
}