{
     "Matricula": "15B102B52BFF55DFE9F21D1C320F93BBBD882C85BC185F8A6E5A9119578439BA",
     "Latitud": 41.2879266,
     "Longitud": -9.7077783,
     "Distance": 2.3766684773588307,
     "Pos_date": 1701391842000
}