{
     "Matricula": "8881B4F2722D5BAACFBE89FFD848EC76CF11E9745F807AF4E6F99A2F8A55C3DF",
     "Latitud": 39.4968583,
     "Longitud": -4.590920000000001,
     "Distance": 0.8120703637089354,
     "Pos_date": 1701391902000
}