{
     "Matricula": "09146B272A3A4286F445DB065CDE7500601FEB1F28507C9639C44DBD771361FC",
     "Latitud": 41.3269325,
     "Longitud": -2.6488974,
     "Distance": 0.9145462267873156,
     "Pos_date": 1701391907000
}