{
     "Matricula": "592CC2AABC99C7CAA28E97EF978606A85E961B50ECA4EA6043052F7457B39E17",
     "Latitud": 41.1343266,
     "Longitud": -1.4087333,
     "Distance": 0.0099301170990937,
     "Pos_date": 1701391905000
}