{
     "Matricula": "13235751DB1148FCD42982232152D28444DC7A0A8CB2EAB8BAC00A92D7E0DEA0",
     "Latitud": 40.38055,
     "Longitud": 1.1412966,
     "Distance": 0.0479811589582052,
     "Pos_date": 1701391903000
}