{
     "Matricula": "0B50B5AF0509E8A49158007E5E2B64366663DC54C5FD4C3E76E3FBF8ED261934",
     "Latitud": 42.0609783,
     "Longitud": -7.14021,
     "Distance": 1.8260538751284183,
     "Pos_date": 1701391908000
}