{
     "Matricula": "8881B4F2722D5BAACFBE89FFD848EC76CF11E9745F807AF4E6F99A2F8A55C3DF",
     "Latitud": 39.496605,
     "Longitud": -4.591363299999999,
     "Distance": 0.0468869265431049,
     "Pos_date": 1701391911000
}