{
     "Matricula": "A6D78066EBB26BC55C204182D5E8C1C47550EFA8F8D3014BC3845CB5056F90B9",
     "Latitud": 51.9292684,
     "Longitud": -5.1337917,
     "Distance": 0.0030740394115808,
     "Pos_date": 1701389066000
}