{
     "Matricula": "592CC2AABC99C7CAA28E97EF978606A85E961B50ECA4EA6043052F7457B39E17",
     "Latitud": 43.1347283,
     "Longitud": 0.5910634,
     "Distance": 0.047709289081024,
     "Pos_date": 1701391920000
}