{
     "Matricula": "7E4A080157027B36C4D596160AC49CA6DBA51495D30AB66AC4B6C5D44B16E263",
     "Latitud": 32.6156566,
     "Longitud": -115.3717183,
     "Distance": 0.141978002912154,
     "Pos_date": 1701391919000
}