{
     "Matricula": "07F0F06AFDDE789E75C987F1E8AF8E5F48E72512AD4FC4FBD22D89D19D0618BC",
     "Latitud": 43.165661666666665,
     "Longitud": -6.620166666666666,
     "Distance": 0.0139692279975713,
     "Pos_date": 1701391926000
}