{
     "Matricula": "8B0FE8F5A3D03881366DD8F638A5D48BAB1174DC7DAFCA6E48EC624B6E1BFCBB",
     "Latitud": 38.3202266,
     "Longitud": -5.7975516,
     "Distance": 0.0935637841218967,
     "Pos_date": 1701391924000
}