{
     "Matricula": "F4AE0241D1A98FCCB07393881F2EB5F012112A9453EE549C474D6C427E650864",
     "Latitud": 37.3545766,
     "Longitud": -2.0836366,
     "Distance": 3.23127625625712,
     "Pos_date": 1701391925000
}