{
     "Matricula": "0B50B5AF0509E8A49158007E5E2B64366663DC54C5FD4C3E76E3FBF8ED261934",
     "Latitud": 42.0608916,
     "Longitud": -7.14015,
     "Distance": 0.0161243117501754,
     "Pos_date": 1701391938000
}