{
     "Matricula": "B3C6B707FF586E09DD4455DAB6DEA799EC9DA501B0181ABE235EC1E192A20E3D",
     "Latitud": 41.772421,
     "Longitud": 2.6732167,
     "Distance": 0.0046223497645379,
     "Pos_date": 1701389071000
}