{
     "Matricula": "39A7C03D597FA1866B013468871534F511F50FC1679C2A121B1A0A2E965C4635",
     "Latitud": 41.1836466,
     "Longitud": -9.8224016,
     "Distance": 2.0282050994816,
     "Pos_date": 1701391943000
}