{
     "Matricula": "7E4A080157027B36C4D596160AC49CA6DBA51495D30AB66AC4B6C5D44B16E263",
     "Latitud": 33.6156016,
     "Longitud": -114.3725433,
     "Distance": 0.0775113242435223,
     "Pos_date": 1701391945000
}