{
     "Matricula": "C45D1B997E2C771440AD44B4EC93794F1E6FE175EE49F8D49415BD1213ED4507",
     "Latitud": 40.38491,
     "Longitud": 1.1412783000000002,
     "Distance": 0.7363208886711615,
     "Pos_date": 1701391948000
}