{
     "Matricula": "0B50B5AF0509E8A49158007E5E2B64366663DC54C5FD4C3E76E3FBF8ED261934",
     "Latitud": 42.0610083,
     "Longitud": -7.1402183,
     "Distance": 0.0141485443840499,
     "Pos_date": 1701391955000
}