{
     "Matricula": "96CCDDEBC559BA6C00439D619E2F188E69090FD1EE9491C275FE8A3B84B1DCC3",
     "Latitud": 41.2740383,
     "Longitud": -2.698675,
     "Distance": 1.5877493318296183,
     "Pos_date": 1701391965000
}