{
     "Matricula": "C45D1B997E2C771440AD44B4EC93794F1E6FE175EE49F8D49415BD1213ED4507",
     "Latitud": 41.385045,
     "Longitud": 2.1415316,
     "Distance": 0.02592130718218,
     "Pos_date": 1701391972000
}