{
     "Matricula": "E8D5D7745EE18927FC55BAD5FD79EA2AE5C9C781209D76F070370B1DB612B47A",
     "Latitud": 42.2735616,
     "Longitud": -6.810205,
     "Distance": 0.0094132747833893,
     "Pos_date": 1701391975000
}