{
     "Matricula": "9EA75D576149F526833F7F0CAFBFBD2DC701213D1D0C584D073D35F341947388",
     "Latitud": 39.5531341,
     "Longitud": -4.6706696,
     "Distance": 0.0506370838675236,
     "Pos_date": 1701389070000
}