{
     "Matricula": "508F5591B74AE64243D2DCF64C584E049B90F347F02FFCBC647164BB8D2FE9F7",
     "Latitud": 19.8163227,
     "Longitud": -69.2851836,
     "Distance": 2.670764610464754,
     "Pos_date": 1701391801000
}