{
     "Matricula": "508F5591B74AE64243D2DCF64C584E049B90F347F02FFCBC647164BB8D2FE9F7",
     "Latitud": 18.8049821,
     "Longitud": -70.2781214,
     "Distance": 1.4638040467911395,
     "Pos_date": 1701391869000
}