{
     "Matricula": "508F5591B74AE64243D2DCF64C584E049B90F347F02FFCBC647164BB8D2FE9F7",
     "Latitud": 17.7963833,
     "Longitud": -71.2732402,
     "Distance": 1.0854532963784913,
     "Pos_date": 1701391921000
}