{
     "Matricula": "E0047EE446AB648BEA8D01836B0FBDBA466C8C19A4EFA5788990BB1D505D5919",
     "Latitud": 41.121478333333336,
     "Longitud": 1.192683333333333,
     "Distance": 0.0141622076687843,
     "Pos_date": 1701391981000
}