{
     "Matricula": "B552A6A633BDA3272B8840DEFAFA97AF693265E69D46098DB86823F714D205DF",
     "Latitud": 44.4633183,
     "Longitud": -2.8074216,
     "Distance": 0.161167089515746,
     "Pos_date": 1701391980000
}