{
     "Matricula": "1ADA7E72901A47F8F370E2BF41CC537AD861766D5EA4877C6F31ED7DED1249A6",
     "Latitud": 38.5033349,
     "Longitud": -6.266085,
     "Distance": 0.0658639165550487,
     "Pos_date": 1701391983000
}