{
     "Matricula": "216988BB419507DFAB380C71C4795482CA90FC861D4C361F913B93203A57F5F6",
     "Latitud": 32.54407,
     "Longitud": -115.3081366,
     "Distance": 0.9209061447135766,
     "Pos_date": 1701391986000
}