{
     "Matricula": "E8D5D7745EE18927FC55BAD5FD79EA2AE5C9C781209D76F070370B1DB612B47A",
     "Latitud": 44.27348,
     "Longitud": -4.81024,
     "Distance": 0.0095056838147458,
     "Pos_date": 1701391985000
}