{
     "Matricula": "1ADA7E72901A47F8F370E2BF41CC537AD861766D5EA4877C6F31ED7DED1249A6",
     "Latitud": 38.5033166,
     "Longitud": -6.2660949,
     "Distance": 0.0022143542837852,
     "Pos_date": 1701391993000
}