{
     "Matricula": "216988BB419507DFAB380C71C4795482CA90FC861D4C361F913B93203A57F5F6",
     "Latitud": 32.54423,
     "Longitud": -115.3076033,
     "Distance": 0.0530604406241375,
     "Pos_date": 1701391997000
}