{
     "Matricula": "0B50B5AF0509E8A49158007E5E2B64366663DC54C5FD4C3E76E3FBF8ED261934",
     "Latitud": 43.0611266,
     "Longitud": -6.13904,
     "Distance": 0.0922478840641776,
     "Pos_date": 1701391997000
}