{
     "Matricula": "D0987C421B7385E3BF5BC30D521B4F7684CDBC4CCE30DF650B89F94579B337DA",
     "Latitud": 38.2664283,
     "Longitud": -5.0647649,
     "Distance": 0.9749788080256306,
     "Pos_date": 1701391997000
}