{
     "Matricula": "751DE836EF44669C1D535651A792CCB2F2CA5E1DF2A70D791922763744110CBC",
     "Latitud": 40.30327,
     "Longitud": -3.7009166,
     "Distance": 0.0219815913798464,
     "Pos_date": 1701392002000
}