{
     "Matricula": "751DE836EF44669C1D535651A792CCB2F2CA5E1DF2A70D791922763744110CBC",
     "Latitud": 39.30327,
     "Longitud": -4.700916599999999,
     "Distance": 0.0,
     "Pos_date": 1701392002010
}