{
     "Matricula": "B3C6B707FF586E09DD4455DAB6DEA799EC9DA501B0181ABE235EC1E192A20E3D",
     "Latitud": 43.7724266,
     "Longitud": 4.673269100000001,
     "Distance": 0.0018945231969809,
     "Pos_date": 1701392013000
}