{
     "Matricula": "39A7C03D597FA1866B013468871534F511F50FC1679C2A121B1A0A2E965C4635",
     "Latitud": 42.7834616,
     "Longitud": -7.103775,
     "Distance": 1.108690566674593,
     "Pos_date": 1701389077000
}