{
     "Matricula": "9E1AFCD5BA4E22A6760253B3D722E4263303C8E9629BB44029D4F9672DF44A13",
     "Latitud": 19.6518644,
     "Longitud": -69.16644,
     "Distance": 2.32672109469368,
     "Pos_date": 1701391822000
}