{
     "Matricula": "9E1AFCD5BA4E22A6760253B3D722E4263303C8E9629BB44029D4F9672DF44A13",
     "Latitud": 20.6326476,
     "Longitud": -68.1676154,
     "Distance": 1.5861276812698375,
     "Pos_date": 1701391899000
}