{
     "Matricula": "9E1AFCD5BA4E22A6760253B3D722E4263303C8E9629BB44029D4F9672DF44A13",
     "Latitud": 18.6185481,
     "Longitud": -70.1600998,
     "Distance": 1.7564545024636349,
     "Pos_date": 1701391961000
}