{
     "Matricula": "39A7C03D597FA1866B013468871534F511F50FC1679C2A121B1A0A2E965C4635",
     "Latitud": 43.187735,
     "Longitud": -7.8468466,
     "Distance": 2.0333912431710246,
     "Pos_date": 1701392011000
}