{
     "Matricula": "FF3C59B448620745BF18F32F614A1E7B43B32C7A89545EC541A90558D199D111",
     "Latitud": 39.0142194,
     "Longitud": -3.5634947,
     "Distance": 0.0029068095182979,
     "Pos_date": 1701392014000
}