{
     "Matricula": "730655A225241D534D1C78911ACA85AB05E607C709D7B9520443018F8A067709",
     "Latitud": 43.4254366,
     "Longitud": -3.8516283,
     "Distance": 0.0103085329270519,
     "Pos_date": 1701392013000
}