{
     "Matricula": "DCB09F98EF52096CE28A77C65E1F24625ED5279C243B10988B49B364ED59F025",
     "Latitud": 42.3500016,
     "Longitud": 3.0711366,
     "Distance": 0.0140347994614644,
     "Pos_date": 1701392014000
}