{
     "Matricula": "A14E8BE45CB9F9B1B8F8BFBED680BCFE79912B7C935C4B9D80F36FCAEC9F3A48",
     "Latitud": 39.6780799,
     "Longitud": -3.06102,
     "Distance": 0.7883291676351232,
     "Pos_date": 1701389077000
}