{
     "Matricula": "679894276A1A15836A4517559DE4C780456B019AEABB4FBF9E878A1EEB665D57",
     "Latitud": 43.2676566,
     "Longitud": -1.9720966,
     "Distance": 0.0196608894526959,
     "Pos_date": 1701392016667
}