{
     "Matricula": "8B0FE8F5A3D03881366DD8F638A5D48BAB1174DC7DAFCA6E48EC624B6E1BFCBB",
     "Latitud": 37.3202966,
     "Longitud": -6.7972066,
     "Distance": 0.0314852604794113,
     "Pos_date": 1701392016000
}