{
     "Matricula": "15B102B52BFF55DFE9F21D1C320F93BBBD882C85BC185F8A6E5A9119578439BA",
     "Latitud": 43.3074933,
     "Longitud": -7.739305,
     "Distance": 3.3848453659103312,
     "Pos_date": 1701392007000
}