{
     "Matricula": "09146B272A3A4286F445DB065CDE7500601FEB1F28507C9639C44DBD771361FC",
     "Latitud": 39.3186682,
     "Longitud": -4.6486829,
     "Distance": 0.9191294051352566,
     "Pos_date": 1701392027000
}