{
     "Matricula": "0872559FB2E1D5E4ADBFECC22DD8AC7ED66EF76026E1AA97D9EC085F2F413185",
     "Latitud": 19.673054,
     "Longitud": -70.3730433,
     "Distance": 0.8520357647921627,
     "Pos_date": 1701391880000
}