{
     "Matricula": "20D9E1AADD3EE292E10413E50100C20D4FB66215D8543D3574CAD4CA1296A73A",
     "Latitud": 19.4384954,
     "Longitud": -69.4722371,
     "Distance": 23.951757872501904,
     "Pos_date": 1701392026000
}