{
     "Matricula": "8B0FE8F5A3D03881366DD8F638A5D48BAB1174DC7DAFCA6E48EC624B6E1BFCBB",
     "Latitud": 35.320225,
     "Longitud": -8.7975683,
     "Distance": 0.0329607313572724,
     "Pos_date": 1701392036000
}