{
     "Matricula": "508F5591B74AE64243D2DCF64C584E049B90F347F02FFCBC647164BB8D2FE9F7",
     "Latitud": 18.3342507,
     "Longitud": -71.5958238,
     "Distance": 3.0869957946551856,
     "Pos_date": 1701388921000
}