{
     "Matricula": "46DBBE2036029597B9E5A745B2723E3B48CEA05926D052BF2384161CF8B70AB8",
     "Latitud": 19.4300033,
     "Longitud": -99.2004716,
     "Distance": 0.0426787220317919,
     "Pos_date": 1701392035000
}