{
     "Matricula": "E0047EE446AB648BEA8D01836B0FBDBA466C8C19A4EFA5788990BB1D505D5919",
     "Latitud": 41.12139,
     "Longitud": 1.1927666666666668,
     "Distance": 0.0120500075468048,
     "Pos_date": 1701392041000
}