{
     "Matricula": "1ADA7E72901A47F8F370E2BF41CC537AD861766D5EA4877C6F31ED7DED1249A6",
     "Latitud": 38.5016016,
     "Longitud": -6.2666533,
     "Distance": 0.1969587444854316,
     "Pos_date": 1701392038000
}