{
     "Matricula": "07F0F06AFDDE789E75C987F1E8AF8E5F48E72512AD4FC4FBD22D89D19D0618BC",
     "Latitud": 40.16565666666666,
     "Longitud": -9.6202,
     "Distance": 0.0032508002436965,
     "Pos_date": 1701392046000
}