{
     "Matricula": "20D9E1AADD3EE292E10413E50100C20D4FB66215D8543D3574CAD4CA1296A73A",
     "Latitud": 18.4417717,
     "Longitud": -70.4706351,
     "Distance": 0.4015938662329884,
     "Pos_date": 1701392049000
}