{
     "Matricula": "B552A6A633BDA3272B8840DEFAFA97AF693265E69D46098DB86823F714D205DF",
     "Latitud": 42.4663083,
     "Longitud": -4.808953300000001,
     "Distance": 0.3547102849585682,
     "Pos_date": 1701392040000
}