{
     "Matricula": "7E4A080157027B36C4D596160AC49CA6DBA51495D30AB66AC4B6C5D44B16E263",
     "Latitud": 33.6148133,
     "Longitud": -114.37313,
     "Distance": 0.1034552736524795,
     "Pos_date": 1701392051000
}