{
     "Matricula": "46DBBE2036029597B9E5A745B2723E3B48CEA05926D052BF2384161CF8B70AB8",
     "Latitud": 19.4300566,
     "Longitud": -99.2006666,
     "Distance": 0.0212897368271952,
     "Pos_date": 1701392059000
}