{
     "Matricula": "81486AACFBE20A1A64655FD2B79DD456B68E4AB7452D1E1295D6FEDCD52DD526",
     "Latitud": 27.8591033,
     "Longitud": -15.3964466,
     "Distance": 0.0045546192238124,
     "Pos_date": 1701388810000
}