{
     "Matricula": "508F5591B74AE64243D2DCF64C584E049B90F347F02FFCBC647164BB8D2FE9F7",
     "Latitud": 19.3111991,
     "Longitud": -70.5858442,
     "Distance": 2.7688793387557977,
     "Pos_date": 1701389041000
}