{
     "Matricula": "D0987C421B7385E3BF5BC30D521B4F7684CDBC4CCE30DF650B89F94579B337DA",
     "Latitud": 37.2718766,
     "Longitud": -6.063405,
     "Distance": 0.6176598638583135,
     "Pos_date": 1701392061000
}