{
     "Matricula": "0B50B5AF0509E8A49158007E5E2B64366663DC54C5FD4C3E76E3FBF8ED261934",
     "Latitud": 41.0633933,
     "Longitud": -8.1337116,
     "Distance": 0.3613050308719449,
     "Pos_date": 1701392063000
}