{
     "Matricula": "679894276A1A15836A4517559DE4C780456B019AEABB4FBF9E878A1EEB665D57",
     "Latitud": 44.26655,
     "Longitud": -0.9726916,
     "Distance": 0.1321434085613957,
     "Pos_date": 1701392063699
}