{
     "Matricula": "09146B272A3A4286F445DB065CDE7500601FEB1F28507C9639C44DBD771361FC",
     "Latitud": 39.3159564,
     "Longitud": -4.649574100000001,
     "Distance": 0.3108613738072267,
     "Pos_date": 1701392073000
}