{
     "Matricula": "1ADA7E72901A47F8F370E2BF41CC537AD861766D5EA4877C6F31ED7DED1249A6",
     "Latitud": 36.5017066,
     "Longitud": -8.268139900000001,
     "Distance": 0.1316591800653697,
     "Pos_date": 1701392070000
}