{
     "Matricula": "4CD3FCAC24AA17EB8A4985E4F997FD3730871E563B5536B369A38FB9F5E20CDB",
     "Latitud": -34.39481,
     "Longitud": -69.938796,
     "Distance": 3.5411030934260785,
     "Pos_date": 1701391915000
}