{
     "Matricula": "4CD3FCAC24AA17EB8A4985E4F997FD3730871E563B5536B369A38FB9F5E20CDB",
     "Latitud": -32.367271,
     "Longitud": -67.926366,
     "Distance": 3.2724788232391444,
     "Pos_date": 1701392025000
}