{
     "Matricula": "4CD3FCAC24AA17EB8A4985E4F997FD3730871E563B5536B369A38FB9F5E20CDB",
     "Latitud": -34.364633,
     "Longitud": -69.92596,
     "Distance": 0.2957458856785839,
     "Pos_date": 1701392035000
}