{
     "Matricula": "79FAC09BD0C0202DF4FA067B1C35E780A118C5B4C4641D16D8175F1A069598F8",
     "Latitud": 37.6239466,
     "Longitud": -10.1267966,
     "Distance": 1.1503126042963383,
     "Pos_date": 1701389082000
}