{
     "Matricula": "39A7C03D597FA1866B013468871534F511F50FC1679C2A121B1A0A2E965C4635",
     "Latitud": 43.1923233,
     "Longitud": -7.8708049,
     "Distance": 2.008212513949656,
     "Pos_date": 1701392072000
}