{
     "Matricula": "20D9E1AADD3EE292E10413E50100C20D4FB66215D8543D3574CAD4CA1296A73A",
     "Latitud": 17.4469839,
     "Longitud": -71.4721185,
     "Distance": 0.6003220390094208,
     "Pos_date": 1701392081000
}