{
     "Matricula": "8B0FE8F5A3D03881366DD8F638A5D48BAB1174DC7DAFCA6E48EC624B6E1BFCBB",
     "Latitud": 37.3229116,
     "Longitud": -6.79845,
     "Distance": 0.3087432238769391,
     "Pos_date": 1701392076000
}