{
     "Matricula": "1ADA7E72901A47F8F370E2BF41CC537AD861766D5EA4877C6F31ED7DED1249A6",
     "Latitud": 37.50213,
     "Longitud": -7.2682033,
     "Distance": 0.0474110290566503,
     "Pos_date": 1701392080000
}