{
     "Matricula": "F4AE0241D1A98FCCB07393881F2EB5F012112A9453EE549C474D6C427E650864",
     "Latitud": 38.359855,
     "Longitud": -1.0346483000000002,
     "Distance": 4.369450315180955,
     "Pos_date": 1701392085000
}