{
     "Matricula": "13235751DB1148FCD42982232152D28444DC7A0A8CB2EAB8BAC00A92D7E0DEA0",
     "Latitud": 42.37704,
     "Longitud": 3.13745,
     "Distance": 0.2553301459415185,
     "Pos_date": 1701392084000
}