{
     "Matricula": "AF69B29555A2B9300AD69F0DD4A23363815A6F6F738E2101803859FC7837E341",
     "Latitud": 43.2581733,
     "Longitud": -2.91883,
     "Distance": 0.1965803384794859,
     "Pos_date": 1701389081000
}