{
     "Matricula": "1FE60CE123FE31D1895941F5902C518E1368095294E9D5414FD1ADB8D0D07BF1",
     "Latitud": 42.465785,
     "Longitud": -1.6357616,
     "Distance": 0.0021803765173717,
     "Pos_date": 1701392086000
}