{
     "Matricula": "7E4A080157027B36C4D596160AC49CA6DBA51495D30AB66AC4B6C5D44B16E263",
     "Latitud": 31.615655,
     "Longitud": -116.3730516,
     "Distance": 0.0938805107609049,
     "Pos_date": 1701392089000
}