{
     "Matricula": "751DE836EF44669C1D535651A792CCB2F2CA5E1DF2A70D791922763744110CBC",
     "Latitud": 41.3032466,
     "Longitud": -2.7008916,
     "Distance": 0.0033562946949646,
     "Pos_date": 1701392091000
}