{
     "Matricula": "13235751DB1148FCD42982232152D28444DC7A0A8CB2EAB8BAC00A92D7E0DEA0",
     "Latitud": 41.3769433,
     "Longitud": 2.1373166,
     "Distance": 0.0154760811811227,
     "Pos_date": 1701392087000
}