{
     "Matricula": "D0987C421B7385E3BF5BC30D521B4F7684CDBC4CCE30DF650B89F94579B337DA",
     "Latitud": 37.2740433,
     "Longitud": -6.0626,
     "Distance": 0.2512354276104011,
     "Pos_date": 1701392092000
}