{
     "Matricula": "0B50B5AF0509E8A49158007E5E2B64366663DC54C5FD4C3E76E3FBF8ED261934",
     "Latitud": 42.0635333,
     "Longitud": -7.1361983,
     "Distance": 0.2058704462822431,
     "Pos_date": 1701392094000
}