{
     "Matricula": "E0047EE446AB648BEA8D01836B0FBDBA466C8C19A4EFA5788990BB1D505D5919",
     "Latitud": 41.12132833333333,
     "Longitud": 1.1927,
     "Distance": 0.0088432941684152,
     "Pos_date": 1701392101000
}