{
     "Matricula": "819E6C37F3BADB27EB7E184F15B91B3B5C093D8FD55FF4082DDA5939D8713135",
     "Latitud": 40.9263649,
     "Longitud": 9.5791333,
     "Distance": 0.3894311902715339,
     "Pos_date": 1701389086000
}