{
     "Matricula": "B552A6A633BDA3272B8840DEFAFA97AF693265E69D46098DB86823F714D205DF",
     "Latitud": 42.4663016,
     "Longitud": -4.80923,
     "Distance": 0.0034467953616525,
     "Pos_date": 1701392104000
}