{
     "Matricula": "679894276A1A15836A4517559DE4C780456B019AEABB4FBF9E878A1EEB665D57",
     "Latitud": 43.266575,
     "Longitud": -1.9727133,
     "Distance": 0.0032885984076929,
     "Pos_date": 1701392101523
}