{
     "Matricula": "B3C6B707FF586E09DD4455DAB6DEA799EC9DA501B0181ABE235EC1E192A20E3D",
     "Latitud": 40.7724075,
     "Longitud": 1.6732177,
     "Distance": 0.0047623466604788,
     "Pos_date": 1701392115000
}