{
     "Matricula": "F4AE0241D1A98FCCB07393881F2EB5F012112A9453EE549C474D6C427E650864",
     "Latitud": 37.3548099,
     "Longitud": -2.02976,
     "Distance": 0.7080822809776638,
     "Pos_date": 1701392116000
}