{
     "Matricula": "6066442343EEFE8AD80976BF33D09F16C7A9B1D724AE30C32A2605B46F13C28A",
     "Latitud": 55.9417293,
     "Longitud": -4.1377423,
     "Distance": 0.002064240709341,
     "Pos_date": 1701391970000
}