{
     "Matricula": "730655A225241D534D1C78911ACA85AB05E607C709D7B9520443018F8A067709",
     "Latitud": 41.42536,
     "Longitud": -5.851676599999999,
     "Distance": 0.0093682004691263,
     "Pos_date": 1701392120000
}