{
     "Matricula": "751DE836EF44669C1D535651A792CCB2F2CA5E1DF2A70D791922763744110CBC",
     "Latitud": 40.3030783,
     "Longitud": -3.7008533,
     "Distance": 0.0077037428692349,
     "Pos_date": 1701389087000
}