{
     "Matricula": "0B50B5AF0509E8A49158007E5E2B64366663DC54C5FD4C3E76E3FBF8ED261934",
     "Latitud": 42.0634816,
     "Longitud": -7.1354666,
     "Distance": 0.0065532883575399,
     "Pos_date": 1701392121000
}