{
     "Matricula": "F4AE0241D1A98FCCB07393881F2EB5F012112A9453EE549C474D6C427E650864",
     "Latitud": 38.3540016,
     "Longitud": -1.0302616000000002,
     "Distance": 0.1002192243204337,
     "Pos_date": 1701392124000
}