{
     "Matricula": "1ADA7E72901A47F8F370E2BF41CC537AD861766D5EA4877C6F31ED7DED1249A6",
     "Latitud": 38.5041133,
     "Longitud": -6.2681633,
     "Distance": 0.2205614290826665,
     "Pos_date": 1701392121000
}