{
     "Matricula": "B3C6B707FF586E09DD4455DAB6DEA799EC9DA501B0181ABE235EC1E192A20E3D",
     "Latitud": 42.7723985,
     "Longitud": 3.6732012,
     "Distance": 0.0016952382542431,
     "Pos_date": 1701392133000
}