{
     "Matricula": "B689E95F0FA3EB0D7C7CDF6F957C37474B5873FA67ADA532A26B00F512D15CFA",
     "Latitud": 44.2609416,
     "Longitud": -1.928105,
     "Distance": 0.0,
     "Pos_date": 1701392123265
}