{
     "Matricula": "FF3C59B448620745BF18F32F614A1E7B43B32C7A89545EC541A90558D199D111",
     "Latitud": 38.0142442,
     "Longitud": -4.5634654,
     "Distance": 0.0048407491805178,
     "Pos_date": 1701392134000
}