{
     "Matricula": "7E4A080157027B36C4D596160AC49CA6DBA51495D30AB66AC4B6C5D44B16E263",
     "Latitud": 32.6155933,
     "Longitud": -115.37162,
     "Distance": 0.1342593819262355,
     "Pos_date": 1701392131000
}