{
     "Matricula": "39A7C03D597FA1866B013468871534F511F50FC1679C2A121B1A0A2E965C4635",
     "Latitud": 43.1903716,
     "Longitud": -7.8955133,
     "Distance": 2.014812580335521,
     "Pos_date": 1701392134000
}