{
     "Matricula": "819E6C37F3BADB27EB7E184F15B91B3B5C093D8FD55FF4082DDA5939D8713135",
     "Latitud": 39.5073366,
     "Longitud": 8.95562,
     "Distance": 5.006858311571234,
     "Pos_date": 1701392098000
}