{
     "Matricula": "4CD8D96089ECF07CC668FB8A805D6088E400A136E696D0608323C332DBD949D8",
     "Latitud": 43.3255966,
     "Longitud": -7.785204999999999,
     "Distance": 0.0340566871271476,
     "Pos_date": 1701392138000
}