{
     "Matricula": "4CD8D96089ECF07CC668FB8A805D6088E400A136E696D0608323C332DBD949D8",
     "Latitud": 44.3255966,
     "Longitud": -6.785205,
     "Distance": 0.0,
     "Pos_date": 1701392138010
}