{
     "Matricula": "730655A225241D534D1C78911ACA85AB05E607C709D7B9520443018F8A067709",
     "Latitud": 43.4251866,
     "Longitud": -3.85203,
     "Distance": 0.03444251267712,
     "Pos_date": 1701392140000
}