{
     "Matricula": "B552A6A633BDA3272B8840DEFAFA97AF693265E69D46098DB86823F714D205DF",
     "Latitud": 44.4647533,
     "Longitud": -2.8092316,
     "Distance": 0.1721633911504052,
     "Pos_date": 1701392134000
}