{
     "Matricula": "09146B272A3A4286F445DB065CDE7500601FEB1F28507C9639C44DBD771361FC",
     "Latitud": 41.310817,
     "Longitud": -2.6528331,
     "Distance": 0.5267287273559029,
     "Pos_date": 1701392147000
}