{
     "Matricula": "96CCDDEBC559BA6C00439D619E2F188E69090FD1EE9491C275FE8A3B84B1DCC3",
     "Latitud": 40.2828416,
     "Longitud": -3.7551266,
     "Distance": 4.8879247534355565,
     "Pos_date": 1701392149000
}