{
     "Matricula": "B3C6B707FF586E09DD4455DAB6DEA799EC9DA501B0181ABE235EC1E192A20E3D",
     "Latitud": 42.772405,
     "Longitud": 3.6732046,
     "Distance": 0.000775818391423,
     "Pos_date": 1701392160000
}