{
     "Matricula": "4CD8D96089ECF07CC668FB8A805D6088E400A136E696D0608323C332DBD949D8",
     "Latitud": 42.3258083,
     "Longitud": -8.7836883,
     "Distance": 0.1268901686116931,
     "Pos_date": 1701392154000
}