{
     "Matricula": "D9D9D59026E4C7569F2B1ED821BDDCFDB7CC5CA4D82B4EBC06EB64696AEE3346",
     "Latitud": 31.5716633,
     "Longitud": -116.34433,
     "Distance": 0.8013765510865195,
     "Pos_date": 1701389091000
}