{
     "Matricula": "1ADA7E72901A47F8F370E2BF41CC537AD861766D5EA4877C6F31ED7DED1249A6",
     "Latitud": 35.5043416,
     "Longitud": -9.2701216,
     "Distance": 0.174600872733903,
     "Pos_date": 1701392155000
}