{
     "Matricula": "B552A6A633BDA3272B8840DEFAFA97AF693265E69D46098DB86823F714D205DF",
     "Latitud": 43.463785,
     "Longitud": -3.8089183,
     "Distance": 0.1105993149341909,
     "Pos_date": 1701392157000
}