{
     "Matricula": "4CD8D96089ECF07CC668FB8A805D6088E400A136E696D0608323C332DBD949D8",
     "Latitud": 42.3259983,
     "Longitud": -8.78316,
     "Distance": 0.0482972955077217,
     "Pos_date": 1701392164000
}