{
     "Matricula": "4CD3FCAC24AA17EB8A4985E4F997FD3730871E563B5536B369A38FB9F5E20CDB",
     "Latitud": -32.339099,
     "Longitud": -67.922315,
     "Distance": 2.8593688605183782,
     "Pos_date": 1701392155000
}