{
     "Matricula": "4CD8D96089ECF07CC668FB8A805D6088E400A136E696D0608323C332DBD949D8",
     "Latitud": 42.3257166,
     "Longitud": -8.7836733,
     "Distance": 0.0525533681575418,
     "Pos_date": 1701392173000
}