{
     "Matricula": "B552A6A633BDA3272B8840DEFAFA97AF693265E69D46098DB86823F714D205DF",
     "Latitud": 44.4629066,
     "Longitud": -2.808885,
     "Distance": 0.0977107260498575,
     "Pos_date": 1701392178000
}