{
     "Matricula": "9C068A3867FCD608DB8B947A1F23EC1208950C18E3EF0B746E9B2F4310CE4883",
     "Latitud": 35.36199,
     "Longitud": -8.2686616,
     "Distance": 5.020201599130912,
     "Pos_date": 1701389092000
}