{
     "Matricula": "F4AE0241D1A98FCCB07393881F2EB5F012112A9453EE549C474D6C427E650864",
     "Latitud": 39.3526416,
     "Longitud": -0.0399715999999998,
     "Distance": 0.8582043946070387,
     "Pos_date": 1701392180000
}