{
     "Matricula": "3FAF341332DDEE9102FD801D10F7D611A8CE9E7948372664C0AF02BB8362E9AE",
     "Latitud": 44.2684916,
     "Longitud": -1.051675,
     "Distance": 0.0500779434994554,
     "Pos_date": 1701392176609
}