{
     "Matricula": "1ADA7E72901A47F8F370E2BF41CC537AD861766D5EA4877C6F31ED7DED1249A6",
     "Latitud": 37.50321,
     "Longitud": -7.2711599,
     "Distance": 0.1556332160291635,
     "Pos_date": 1701392185000
}