{
     "Matricula": "1ADA7E72901A47F8F370E2BF41CC537AD861766D5EA4877C6F31ED7DED1249A6",
     "Latitud": 36.50319,
     "Longitud": -8.271156600000001,
     "Distance": 0.0022428730790997,
     "Pos_date": 1701392190000
}