{
     "Matricula": "4CD8D96089ECF07CC668FB8A805D6088E400A136E696D0608323C332DBD949D8",
     "Latitud": 44.325345,
     "Longitud": -6.785815,
     "Distance": 0.1808526642507958,
     "Pos_date": 1701392194000
}