{
     "Matricula": "39A7C03D597FA1866B013468871534F511F50FC1679C2A121B1A0A2E965C4635",
     "Latitud": 42.1882416,
     "Longitud": -8.92029,
     "Distance": 2.022609926972576,
     "Pos_date": 1701392196000
}