{
     "Matricula": "B505798DC7ED76BB9D4538F2F4057A1DF38D96751F3DB4F05EBED09AC13BB45A",
     "Latitud": 36.5838633,
     "Longitud": -7.83561,
     "Distance": 5.022974325679505,
     "Pos_date": 1701392065000
}