{
     "Matricula": "B505798DC7ED76BB9D4538F2F4057A1DF38D96751F3DB4F05EBED09AC13BB45A",
     "Latitud": 36.593155,
     "Longitud": -7.84653,
     "Distance": 1.411838212623178,
     "Pos_date": 1701392135000
}