{
     "Matricula": "F4AE0241D1A98FCCB07393881F2EB5F012112A9453EE549C474D6C427E650864",
     "Latitud": 38.3515516,
     "Longitud": -1.0398883,
     "Distance": 0.12142608116917,
     "Pos_date": 1701392198000
}