{
     "Matricula": "B552A6A633BDA3272B8840DEFAFA97AF693265E69D46098DB86823F714D205DF",
     "Latitud": 42.46188,
     "Longitud": -4.8084533,
     "Distance": 0.1193516913355404,
     "Pos_date": 1701392201000
}