{
     "Matricula": "216988BB419507DFAB380C71C4795482CA90FC861D4C361F913B93203A57F5F6",
     "Latitud": 33.55715,
     "Longitud": -114.3021316,
     "Distance": 1.525435309078698,
     "Pos_date": 1701392204000
}