{
     "Matricula": "09146B272A3A4286F445DB065CDE7500601FEB1F28507C9639C44DBD771361FC",
     "Latitud": 41.3061773,
     "Longitud": -2.6582603,
     "Distance": 0.6913356699525445,
     "Pos_date": 1701392207000
}