{
     "Matricula": "39A7C03D597FA1866B013468871534F511F50FC1679C2A121B1A0A2E965C4635",
     "Latitud": 42.1879783,
     "Longitud": -8.924708299999999,
     "Distance": 0.3594016277869767,
     "Pos_date": 1701392209000
}