{
     "Matricula": "4CD8D96089ECF07CC668FB8A805D6088E400A136E696D0608323C332DBD949D8",
     "Latitud": 43.3258666,
     "Longitud": -7.785951600000001,
     "Distance": 0.0590765184958972,
     "Pos_date": 1701392210000
}