{
     "Matricula": "7E4A080157027B36C4D596160AC49CA6DBA51495D30AB66AC4B6C5D44B16E263",
     "Latitud": 30.6141983,
     "Longitud": -117.3717066,
     "Distance": 0.1553290544524845,
     "Pos_date": 1701392211000
}