{
     "Matricula": "13235751DB1148FCD42982232152D28444DC7A0A8CB2EAB8BAC00A92D7E0DEA0",
     "Latitud": 41.3754166,
     "Longitud": 2.1352566,
     "Distance": 0.0057732137018472,
     "Pos_date": 1701392214000
}