{
     "Matricula": "39A7C03D597FA1866B013468871534F511F50FC1679C2A121B1A0A2E965C4635",
     "Latitud": 44.188075,
     "Longitud": -6.9266966,
     "Distance": 0.1615569189237751,
     "Pos_date": 1701392217000
}