{
     "Matricula": "508F5591B74AE64243D2DCF64C584E049B90F347F02FFCBC647164BB8D2FE9F7",
     "Latitud": 18.7793584,
     "Longitud": -70.2562893,
     "Distance": 2.6015283997499465,
     "Pos_date": 1701392041000
}