{
     "Matricula": "508F5591B74AE64243D2DCF64C584E049B90F347F02FFCBC647164BB8D2FE9F7",
     "Latitud": 17.7792596,
     "Longitud": -71.2560887,
     "Distance": 0.02380496642108,
     "Pos_date": 1701392042000
}