{
     "Matricula": "508F5591B74AE64243D2DCF64C584E049B90F347F02FFCBC647164BB8D2FE9F7",
     "Latitud": 19.7672348,
     "Longitud": -69.2391565,
     "Distance": 2.228349469397567,
     "Pos_date": 1701392142000
}