{
     "Matricula": "508F5591B74AE64243D2DCF64C584E049B90F347F02FFCBC647164BB8D2FE9F7",
     "Latitud": 18.7632198,
     "Longitud": -70.2383844,
     "Distance": 0.4537886335831794,
     "Pos_date": 1701392161000
}