{
     "Matricula": "4CD8D96089ECF07CC668FB8A805D6088E400A136E696D0608323C332DBD949D8",
     "Latitud": 42.3261116,
     "Longitud": -8.7866766,
     "Distance": 0.0655327776597892,
     "Pos_date": 1701392224000
}