{
     "Matricula": "EFBFEA45FDDA61154A0E59ABA3E3934E7C85941EEFAEFB7062482EFF192DCC74",
     "Latitud": 27.8827433,
     "Longitud": -15.5229916,
     "Distance": 0.1340000099666134,
     "Pos_date": 1701388810000
}