{
     "Matricula": "E8D5D7745EE18927FC55BAD5FD79EA2AE5C9C781209D76F070370B1DB612B47A",
     "Latitud": 44.2732483,
     "Longitud": -4.8101283,
     "Distance": 0.0043414833524688,
     "Pos_date": 1701389095000
}