{
     "Matricula": "07F0F06AFDDE789E75C987F1E8AF8E5F48E72512AD4FC4FBD22D89D19D0618BC",
     "Latitud": 42.165553333333335,
     "Longitud": -7.620233333333333,
     "Distance": 0.0229938010695475,
     "Pos_date": 1701392226000
}