{
     "Matricula": "E8D5D7745EE18927FC55BAD5FD79EA2AE5C9C781209D76F070370B1DB612B47A",
     "Latitud": 43.2735883,
     "Longitud": -5.8103333,
     "Distance": 0.0142153577434399,
     "Pos_date": 1701392225000
}