{
     "Matricula": "C6FCE3D69653A0C262509EA6E8A244B4CB6921DD5E08BC3B5502FFC88D6AE9D1",
     "Latitud": 28.4467666,
     "Longitud": -16.3680299,
     "Distance": 0.0060083503129181,
     "Pos_date": 1701392230000
}