{
     "Matricula": "F4AE0241D1A98FCCB07393881F2EB5F012112A9453EE549C474D6C427E650864",
     "Latitud": 38.3517366,
     "Longitud": -1.0430883,
     "Distance": 0.2836013374659821,
     "Pos_date": 1701392238000
}