{
     "Matricula": "20D9E1AADD3EE292E10413E50100C20D4FB66215D8543D3574CAD4CA1296A73A",
     "Latitud": 20.4582118,
     "Longitud": -68.4785125,
     "Distance": 1.4190038579912758,
     "Pos_date": 1701392196000
}