{
     "Matricula": "13235751DB1148FCD42982232152D28444DC7A0A8CB2EAB8BAC00A92D7E0DEA0",
     "Latitud": 41.3755216,
     "Longitud": 2.1349133,
     "Distance": 0.0209767177596088,
     "Pos_date": 1701392237000
}