{
     "Matricula": "39A7C03D597FA1866B013468871534F511F50FC1679C2A121B1A0A2E965C4635",
     "Latitud": 43.18856,
     "Longitud": -7.9285883,
     "Distance": 0.1625718655249237,
     "Pos_date": 1701392240000
}