{
     "Matricula": "C6FCE3D69653A0C262509EA6E8A244B4CB6921DD5E08BC3B5502FFC88D6AE9D1",
     "Latitud": 29.4466866,
     "Longitud": -15.367875000000002,
     "Distance": 0.0175638045542749,
     "Pos_date": 1701392247000
}