{
     "Matricula": "13235751DB1148FCD42982232152D28444DC7A0A8CB2EAB8BAC00A92D7E0DEA0",
     "Latitud": 40.375595,
     "Longitud": 1.13498,
     "Distance": 0.0098786579540839,
     "Pos_date": 1701392244000
}