{
     "Matricula": "B3C6B707FF586E09DD4455DAB6DEA799EC9DA501B0181ABE235EC1E192A20E3D",
     "Latitud": 41.7724322,
     "Longitud": 2.6732347,
     "Distance": 0.0039215375361779,
     "Pos_date": 1701392254000
}