{
     "Matricula": "9E1AFCD5BA4E22A6760253B3D722E4263303C8E9629BB44029D4F9672DF44A13",
     "Latitud": 18.6063368,
     "Longitud": -70.151744,
     "Distance": 1.6183487702748505,
     "Pos_date": 1701392015000
}