{
     "Matricula": "9E1AFCD5BA4E22A6760253B3D722E4263303C8E9629BB44029D4F9672DF44A13",
     "Latitud": 16.5965468,
     "Longitud": -72.1456462,
     "Distance": 0.6540283990519815,
     "Pos_date": 1701392067000
}