{
     "Matricula": "9E1AFCD5BA4E22A6760253B3D722E4263303C8E9629BB44029D4F9672DF44A13",
     "Latitud": 17.5949369,
     "Longitud": -71.1423607,
     "Distance": 0.3897953537176816,
     "Pos_date": 1701392081000
}