{
     "Matricula": "9E1AFCD5BA4E22A6760253B3D722E4263303C8E9629BB44029D4F9672DF44A13",
     "Latitud": 20.5948293,
     "Longitud": -68.1418448,
     "Distance": 0.0556717546806377,
     "Pos_date": 1701392083000
}