{
     "Matricula": "9E1AFCD5BA4E22A6760253B3D722E4263303C8E9629BB44029D4F9672DF44A13",
     "Latitud": 17.5910954,
     "Longitud": -71.1276665,
     "Distance": 1.5508820830908732,
     "Pos_date": 1701392137000
}