{
     "Matricula": "9E1AFCD5BA4E22A6760253B3D722E4263303C8E9629BB44029D4F9672DF44A13",
     "Latitud": 17.5815588,
     "Longitud": -71.1125657,
     "Distance": 1.9124736794436157,
     "Pos_date": 1701392201000
}