{
     "Matricula": "FF3C59B448620745BF18F32F614A1E7B43B32C7A89545EC541A90558D199D111",
     "Latitud": 38.0142049,
     "Longitud": -4.5635006,
     "Distance": 0.0032096498823163,
     "Pos_date": 1701392254000
}