{
     "Matricula": "4CD8D96089ECF07CC668FB8A805D6088E400A136E696D0608323C332DBD949D8",
     "Latitud": 41.3257216,
     "Longitud": -9.7865749,
     "Distance": 0.0326246365403591,
     "Pos_date": 1701392255000
}