{
     "Matricula": "13235751DB1148FCD42982232152D28444DC7A0A8CB2EAB8BAC00A92D7E0DEA0",
     "Latitud": 40.3756016,
     "Longitud": 1.1349416,
     "Distance": 0.0032870678221436,
     "Pos_date": 1701392254000
}