{
     "Matricula": "7A06063FA823557213CDFF5ACAE6A6852CAF3E72BFEF400205A28C766001ABE0",
     "Latitud": 42.4694749,
     "Longitud": -9.2761516,
     "Distance": 0.0072102379863647,
     "Pos_date": 1701392262000
}