{
     "Matricula": "671D8B81DD587CB93F5DAB19E861BF70ED5F9464E646842113481950C358B3EE",
     "Latitud": 39.1670533,
     "Longitud": -9.8838616,
     "Distance": 0.0,
     "Pos_date": 1701392262000
}