{
     "Matricula": "20D9E1AADD3EE292E10413E50100C20D4FB66215D8543D3574CAD4CA1296A73A",
     "Latitud": 17.470276,
     "Longitud": -71.47764,
     "Distance": 1.3446323114475376,
     "Pos_date": 1701392266000
}