{
     "Matricula": "09146B272A3A4286F445DB065CDE7500601FEB1F28507C9639C44DBD771361FC",
     "Latitud": 40.3026908,
     "Longitud": -3.6631976,
     "Distance": 0.5706050009167649,
     "Pos_date": 1701392267000
}