{
     "Matricula": "B5E5F5D56EC1A0018326921D24E5E67A17CF2D0A2239D1E277F3A20E5B411114",
     "Latitud": 18.6906939,
     "Longitud": -70.1841521,
     "Distance": 0.5640297477195629,
     "Pos_date": 1701392269000
}