{
     "Matricula": "1ADA7E72901A47F8F370E2BF41CC537AD861766D5EA4877C6F31ED7DED1249A6",
     "Latitud": 37.5024183,
     "Longitud": -7.2699433,
     "Distance": 0.0882100608750471,
     "Pos_date": 1701392266000
}