{
     "Matricula": "13235751DB1148FCD42982232152D28444DC7A0A8CB2EAB8BAC00A92D7E0DEA0",
     "Latitud": 41.3755666,
     "Longitud": 2.1349716,
     "Distance": 0.0046273461360943,
     "Pos_date": 1701392269000
}