{
     "Matricula": "0872559FB2E1D5E4ADBFECC22DD8AC7ED66EF76026E1AA97D9EC085F2F413185",
     "Latitud": 20.6693746,
     "Longitud": -69.3689831,
     "Distance": 0.003026081138934,
     "Pos_date": 1701392120000
}