{
     "Matricula": "0872559FB2E1D5E4ADBFECC22DD8AC7ED66EF76026E1AA97D9EC085F2F413185",
     "Latitud": 17.6694184,
     "Longitud": -72.3690107,
     "Distance": 0.0056632003198051,
     "Pos_date": 1701392240000
}