{
     "Matricula": "764AEF68469D65A2A42396FDCFEE59BC51945AA9559CB808755D092F1FF5ECC6",
     "Latitud": 37.952445,
     "Longitud": -3.539855,
     "Distance": 0.0,
     "Pos_date": 1701392249010
}