{
     "Matricula": "79FAC09BD0C0202DF4FA067B1C35E780A118C5B4C4641D16D8175F1A069598F8",
     "Latitud": 39.62341,
     "Longitud": -8.1255366,
     "Distance": 0.12466574834441,
     "Pos_date": 1701389100000
}