{
     "Matricula": "819E6C37F3BADB27EB7E184F15B91B3B5C093D8FD55FF4082DDA5939D8713135",
     "Latitud": 39.4717349,
     "Longitud": 8.9917566,
     "Distance": 5.028706159318452,
     "Pos_date": 1701392279000
}