{
     "Matricula": "E0047EE446AB648BEA8D01836B0FBDBA466C8C19A4EFA5788990BB1D505D5919",
     "Latitud": 40.12154,
     "Longitud": 0.1928166666666666,
     "Distance": 0.0019057743230998,
     "Pos_date": 1701392281000
}