{
     "Matricula": "1ADA7E72901A47F8F370E2BF41CC537AD861766D5EA4877C6F31ED7DED1249A6",
     "Latitud": 38.502315,
     "Longitud": -6.2704033,
     "Distance": 0.0421729242883379,
     "Pos_date": 1701392280000
}