{
     "Matricula": "730655A225241D534D1C78911ACA85AB05E607C709D7B9520443018F8A067709",
     "Latitud": 45.42591,
     "Longitud": -1.8566733,
     "Distance": 0.3835116283326768,
     "Pos_date": 1701392201000
}