{
     "Matricula": "D3B4423A12AEE5998930D36B7149629F2E3277B42F56185550352C4B4EB0F1AB",
     "Latitud": 39.4086683,
     "Longitud": -4.6142716,
     "Distance": 0.0,
     "Pos_date": 1701392260020
}