{
     "Matricula": "96CCDDEBC559BA6C00439D619E2F188E69090FD1EE9491C275FE8A3B84B1DCC3",
     "Latitud": 40.3066383,
     "Longitud": -3.7841049,
     "Distance": 3.61136854311036,
     "Pos_date": 1701392292000
}