{
     "Matricula": "CB3976372FB0962DA9709A60F3C10C4B5416ED10B87D491AAAE44BAA2296C7E5",
     "Latitud": 42.86952,
     "Longitud": -8.5512716,
     "Distance": 0.1426335421173127,
     "Pos_date": 1701390584000
}