{
     "Matricula": "CB3976372FB0962DA9709A60F3C10C4B5416ED10B87D491AAAE44BAA2296C7E5",
     "Latitud": 41.86903,
     "Longitud": -9.5520316,
     "Distance": 0.0824914690357793,
     "Pos_date": 1701390588000
}