{
     "Matricula": "CB3976372FB0962DA9709A60F3C10C4B5416ED10B87D491AAAE44BAA2296C7E5",
     "Latitud": 41.8684183,
     "Longitud": -9.5529166,
     "Distance": 0.0991381783249464,
     "Pos_date": 1701390594000
}