{
     "Matricula": "CB3976372FB0962DA9709A60F3C10C4B5416ED10B87D491AAAE44BAA2296C7E5",
     "Latitud": 41.8636749,
     "Longitud": -9.5517833,
     "Distance": 0.1117533854650947,
     "Pos_date": 1701392145000
}