{
     "Matricula": "20D9E1AADD3EE292E10413E50100C20D4FB66215D8543D3574CAD4CA1296A73A",
     "Latitud": 18.4710864,
     "Longitud": -70.4851651,
     "Distance": 0.798748853812873,
     "Pos_date": 1701392299000
}