{
     "Matricula": "96CCDDEBC559BA6C00439D619E2F188E69090FD1EE9491C275FE8A3B84B1DCC3",
     "Latitud": 40.307325,
     "Longitud": -3.7840716,
     "Distance": 0.0764098543540951,
     "Pos_date": 1701392299000
}