{
     "Matricula": "5A0441657EC05DA320F373A5EF00D80490BB14853283225899B26A41E11FB993",
     "Latitud": 42.344485,
     "Longitud": -9.4153016,
     "Distance": 1.8585209572349688,
     "Pos_date": 1701389103000
}