{
     "Matricula": "CB3976372FB0962DA9709A60F3C10C4B5416ED10B87D491AAAE44BAA2296C7E5",
     "Latitud": 43.8657616,
     "Longitud": -7.553455,
     "Distance": 0.2690750587821264,
     "Pos_date": 1701392170000
}