{
     "Matricula": "CB3976372FB0962DA9709A60F3C10C4B5416ED10B87D491AAAE44BAA2296C7E5",
     "Latitud": 43.867235,
     "Longitud": -7.554331599999999,
     "Distance": 0.1787340653868147,
     "Pos_date": 1701392192000
}