{
     "Matricula": "CB3976372FB0962DA9709A60F3C10C4B5416ED10B87D491AAAE44BAA2296C7E5",
     "Latitud": 43.8672249,
     "Longitud": -7.5541333,
     "Distance": 0.0162001169003883,
     "Pos_date": 1701392199000
}