{
     "Matricula": "CB3976372FB0962DA9709A60F3C10C4B5416ED10B87D491AAAE44BAA2296C7E5",
     "Latitud": 41.8670083,
     "Longitud": -9.5541516,
     "Distance": 0.0241309874811022,
     "Pos_date": 1701392204000
}