{
     "Matricula": "CB3976372FB0962DA9709A60F3C10C4B5416ED10B87D491AAAE44BAA2296C7E5",
     "Latitud": 41.8637199,
     "Longitud": -9.5556116,
     "Distance": 0.0731968733395826,
     "Pos_date": 1701392226000
}