{
     "Matricula": "CB3976372FB0962DA9709A60F3C10C4B5416ED10B87D491AAAE44BAA2296C7E5",
     "Latitud": 43.8659299,
     "Longitud": -7.5525866,
     "Distance": 0.2677999948337182,
     "Pos_date": 1701392252000
}