{
     "Matricula": "44C8A1AF0DE74873DDA53C547CDE57CE0ED68811C3D22936C420588ECCE39BF4",
     "Latitud": 41.26529,
     "Longitud": -4.930093299999999,
     "Distance": 0.168003401324309,
     "Pos_date": 1701389115000
}