{
     "Matricula": "46DBBE2036029597B9E5A745B2723E3B48CEA05926D052BF2384161CF8B70AB8",
     "Latitud": 20.4303033,
     "Longitud": -98.2019983,
     "Distance": 0.142313903986133,
     "Pos_date": 1701392299000
}