{
     "Matricula": "96CCDDEBC559BA6C00439D619E2F188E69090FD1EE9491C275FE8A3B84B1DCC3",
     "Latitud": 41.3072766,
     "Longitud": -2.7832183,
     "Distance": 0.0725561311712575,
     "Pos_date": 1701392305000
}