{
     "Matricula": "7A06063FA823557213CDFF5ACAE6A6852CAF3E72BFEF400205A28C766001ABE0",
     "Latitud": 43.46901,
     "Longitud": -8.2775416,
     "Distance": 0.1235105028877177,
     "Pos_date": 1701392304000
}