{
     "Matricula": "F4AE0241D1A98FCCB07393881F2EB5F012112A9453EE549C474D6C427E650864",
     "Latitud": 37.3508583,
     "Longitud": -2.0425166,
     "Distance": 0.1099621212723485,
     "Pos_date": 1701392303000
}