{
     "Matricula": "20D9E1AADD3EE292E10413E50100C20D4FB66215D8543D3574CAD4CA1296A73A",
     "Latitud": 18.4707104,
     "Longitud": -70.4861315,
     "Distance": 0.1101651013609269,
     "Pos_date": 1701392306000
}