{
     "Matricula": "5A0441657EC05DA320F373A5EF00D80490BB14853283225899B26A41E11FB993",
     "Latitud": 43.34361,
     "Longitud": -8.4142166,
     "Distance": 0.1310141613740813,
     "Pos_date": 1701389117000
}