{
     "Matricula": "96CCDDEBC559BA6C00439D619E2F188E69090FD1EE9491C275FE8A3B84B1DCC3",
     "Latitud": 39.3065683,
     "Longitud": -4.783094999999999,
     "Distance": 0.0794504244351506,
     "Pos_date": 1701392311000
}