{
     "Matricula": "46DBBE2036029597B9E5A745B2723E3B48CEA05926D052BF2384161CF8B70AB8",
     "Latitud": 18.4303433,
     "Longitud": -100.2019199,
     "Distance": 0.0093472439592814,
     "Pos_date": 1701392313000
}