{
     "Matricula": "1ADA7E72901A47F8F370E2BF41CC537AD861766D5EA4877C6F31ED7DED1249A6",
     "Latitud": 36.50222,
     "Longitud": -8.270428299999999,
     "Distance": 0.0107912846406237,
     "Pos_date": 1701392316000
}