{
     "Matricula": "8B0FE8F5A3D03881366DD8F638A5D48BAB1174DC7DAFCA6E48EC624B6E1BFCBB",
     "Latitud": 36.3247483,
     "Longitud": -7.8114966,
     "Distance": 1.171580128637518,
     "Pos_date": 1701392316000
}