{
     "Matricula": "09146B272A3A4286F445DB065CDE7500601FEB1F28507C9639C44DBD771361FC",
     "Latitud": 39.2981829,
     "Longitud": -4.669645,
     "Distance": 0.7417635263546521,
     "Pos_date": 1701392327000
}