{
     "Matricula": "1FE60CE123FE31D1895941F5902C518E1368095294E9D5414FD1ADB8D0D07BF1",
     "Latitud": 39.4658466,
     "Longitud": -4.6356716,
     "Distance": 0.010241358039626,
     "Pos_date": 1701392326000
}