{
     "Matricula": "5E8EDF55BA6EF0E4F0D8E0EF7C9407FED69E720B6E274B80EF7A80193A73B1B4",
     "Latitud": 42.4220733,
     "Longitud": -5.7995016,
     "Distance": 5.003512119396439,
     "Pos_date": 1701389118000
}