{
     "Matricula": "216988BB419507DFAB380C71C4795482CA90FC861D4C361F913B93203A57F5F6",
     "Latitud": 32.5590199,
     "Longitud": -115.3058083,
     "Distance": 0.0455792930720133,
     "Pos_date": 1701392328000
}