{
     "Matricula": "B5E5F5D56EC1A0018326921D24E5E67A17CF2D0A2239D1E277F3A20E5B411114",
     "Latitud": 17.691552,
     "Longitud": -71.180016,
     "Distance": 0.3125735173630139,
     "Pos_date": 1701392331000
}