{
     "Matricula": "679894276A1A15836A4517559DE4C780456B019AEABB4FBF9E878A1EEB665D57",
     "Latitud": 44.2690866,
     "Longitud": -0.970945,
     "Distance": 0.1065807355249175,
     "Pos_date": 1701392324722
}