{
     "Matricula": "D0987C421B7385E3BF5BC30D521B4F7684CDBC4CCE30DF650B89F94579B337DA",
     "Latitud": 38.3002616,
     "Longitud": -5.04655,
     "Distance": 2.4231155134715805,
     "Pos_date": 1701392329000
}