{
     "Matricula": "7A06063FA823557213CDFF5ACAE6A6852CAF3E72BFEF400205A28C766001ABE0",
     "Latitud": 44.4695733,
     "Longitud": -7.2761566,
     "Distance": 0.1281227002734407,
     "Pos_date": 1701392334000
}