{
     "Matricula": "B5E5F5D56EC1A0018326921D24E5E67A17CF2D0A2239D1E277F3A20E5B411114",
     "Latitud": 18.6912102,
     "Longitud": -70.1792129,
     "Distance": 0.0927368039754467,
     "Pos_date": 1701392336000
}