{
     "Matricula": "EFBFEA45FDDA61154A0E59ABA3E3934E7C85941EEFAEFB7062482EFF192DCC74",
     "Latitud": 28.8714866,
     "Longitud": -14.4978733,
     "Distance": 0.0608984525854891,
     "Pos_date": 1701391772000
}