{
     "Matricula": "D3B4423A12AEE5998930D36B7149629F2E3277B42F56185550352C4B4EB0F1AB",
     "Latitud": 39.4080766,
     "Longitud": -4.61495,
     "Distance": 0.0873392279082119,
     "Pos_date": 1701392335000
}