{
     "Matricula": "EFBFEA45FDDA61154A0E59ABA3E3934E7C85941EEFAEFB7062482EFF192DCC74",
     "Latitud": 27.8717166,
     "Longitud": -15.4976216,
     "Distance": 0.0355836783802072,
     "Pos_date": 1701391779000
}