{
     "Matricula": "EFBFEA45FDDA61154A0E59ABA3E3934E7C85941EEFAEFB7062482EFF192DCC74",
     "Latitud": 27.88305,
     "Longitud": -15.5230533,
     "Distance": 0.0346385024845202,
     "Pos_date": 1701388813000
}