{
     "Matricula": "EFBFEA45FDDA61154A0E59ABA3E3934E7C85941EEFAEFB7062482EFF192DCC74",
     "Latitud": 27.870945,
     "Longitud": -15.4970016,
     "Distance": 0.1052400204393341,
     "Pos_date": 1701391786000
}