{
     "Matricula": "EFBFEA45FDDA61154A0E59ABA3E3934E7C85941EEFAEFB7062482EFF192DCC74",
     "Latitud": 27.86995,
     "Longitud": -15.49678,
     "Distance": 0.1127630077288127,
     "Pos_date": 1701391801000
}