{
     "Matricula": "EFBFEA45FDDA61154A0E59ABA3E3934E7C85941EEFAEFB7062482EFF192DCC74",
     "Latitud": 26.8707383,
     "Longitud": -16.4960616,
     "Distance": 0.1125617334551241,
     "Pos_date": 1701391810000
}