{
     "Matricula": "EFBFEA45FDDA61154A0E59ABA3E3934E7C85941EEFAEFB7062482EFF192DCC74",
     "Latitud": 27.8714816,
     "Longitud": -15.4958133,
     "Distance": 0.0861797073291173,
     "Pos_date": 1701391821000
}