{
     "Matricula": "EFBFEA45FDDA61154A0E59ABA3E3934E7C85941EEFAEFB7062482EFF192DCC74",
     "Latitud": 26.869735,
     "Longitud": -16.494466600000003,
     "Distance": 0.2350370121735353,
     "Pos_date": 1701391840000
}