{
     "Matricula": "EFBFEA45FDDA61154A0E59ABA3E3934E7C85941EEFAEFB7062482EFF192DCC74",
     "Latitud": 28.8691066,
     "Longitud": -14.4943616,
     "Distance": 0.0706331604114763,
     "Pos_date": 1701391849000
}