{
     "Matricula": "EFBFEA45FDDA61154A0E59ABA3E3934E7C85941EEFAEFB7062482EFF192DCC74",
     "Latitud": 27.8695116,
     "Longitud": -15.4939716,
     "Distance": 0.0591416518499738,
     "Pos_date": 1701391853000
}