{
     "Matricula": "EFBFEA45FDDA61154A0E59ABA3E3934E7C85941EEFAEFB7062482EFF192DCC74",
     "Latitud": 26.8697333,
     "Longitud": -16.493038300000002,
     "Distance": 0.0949958912394912,
     "Pos_date": 1701391862000
}