{
     "Matricula": "EFBFEA45FDDA61154A0E59ABA3E3934E7C85941EEFAEFB7062482EFF192DCC74",
     "Latitud": 26.86483,
     "Longitud": -16.485545000000002,
     "Distance": 0.9164255398090572,
     "Pos_date": 1701391933000
}