{
     "Matricula": "EFBFEA45FDDA61154A0E59ABA3E3934E7C85941EEFAEFB7062482EFF192DCC74",
     "Latitud": 26.865295,
     "Longitud": -16.4845916,
     "Distance": 0.1070380682179622,
     "Pos_date": 1701391946000
}