{
     "Matricula": "EFBFEA45FDDA61154A0E59ABA3E3934E7C85941EEFAEFB7062482EFF192DCC74",
     "Latitud": 27.8623566,
     "Longitud": -15.483495,
     "Distance": 0.3440593837580007,
     "Pos_date": 1701391971000
}