{
     "Matricula": "EFBFEA45FDDA61154A0E59ABA3E3934E7C85941EEFAEFB7062482EFF192DCC74",
     "Latitud": 26.8553233,
     "Longitud": -16.4450633,
     "Distance": 3.032040925022841,
     "Pos_date": 1701392294000
}