{
     "Matricula": "F4AE0241D1A98FCCB07393881F2EB5F012112A9453EE549C474D6C427E650864",
     "Latitud": 37.3529066,
     "Longitud": -2.0432449,
     "Distance": 0.2366838521404907,
     "Pos_date": 1701392342000
}