{
     "Matricula": "184DBED595C6F20AB530A4BE4CBCF519BB96DD91510E147A00E67492DBD8EDE6",
     "Latitud": 36.2027466,
     "Longitud": -4.6534049,
     "Distance": 0.0,
     "Pos_date": 1701392341000
}