{
     "Matricula": "D3B4423A12AEE5998930D36B7149629F2E3277B42F56185550352C4B4EB0F1AB",
     "Latitud": 41.40783,
     "Longitud": -2.6153583,
     "Distance": 0.0441249720406677,
     "Pos_date": 1701392345000
}