{
     "Matricula": "B63287228FC7EFF8199A3AD3348647347BD729F7F432C4450A1B02EDBDDB2B7E",
     "Latitud": 39.3550216,
     "Longitud": -4.5871516,
     "Distance": 0.005971929810071,
     "Pos_date": 1701392351000
}