{
     "Matricula": "A605E6E27F7A227D850383830C5DAE3486B3B5F4EF4E2764F7F2DC6D6DDC5767",
     "Latitud": 36.8539233,
     "Longitud": -2.3029533,
     "Distance": 0.0,
     "Pos_date": 1701389122010
}