{
     "Matricula": "6066442343EEFE8AD80976BF33D09F16C7A9B1D724AE30C32A2605B46F13C28A",
     "Latitud": 55.941746,
     "Longitud": -4.1377357,
     "Distance": 0.0019018980064173,
     "Pos_date": 1701392210000
}