{
     "Matricula": "B63287228FC7EFF8199A3AD3348647347BD729F7F432C4450A1B02EDBDDB2B7E",
     "Latitud": 37.3549499,
     "Longitud": -6.5871483,
     "Distance": 0.0079780210291858,
     "Pos_date": 1701392364000
}