{
     "Matricula": "B3C6B707FF586E09DD4455DAB6DEA799EC9DA501B0181ABE235EC1E192A20E3D",
     "Latitud": 41.7723357,
     "Longitud": 2.6732292,
     "Distance": 0.010740014691326,
     "Pos_date": 1701392374000
}