{
     "Matricula": "730655A225241D534D1C78911ACA85AB05E607C709D7B9520443018F8A067709",
     "Latitud": 44.4437416,
     "Longitud": -2.856905,
     "Distance": 1.9828744536428111,
     "Pos_date": 1701392366000
}