{
     "Matricula": "D3B4423A12AEE5998930D36B7149629F2E3277B42F56185550352C4B4EB0F1AB",
     "Latitud": 39.40781,
     "Longitud": -4.615046599999999,
     "Distance": 0.0264850095488872,
     "Pos_date": 1701392350000
}