{
     "Matricula": "EFBFEA45FDDA61154A0E59ABA3E3934E7C85941EEFAEFB7062482EFF192DCC74",
     "Latitud": 27.8493783,
     "Longitud": -15.4485233,
     "Distance": 0.7434418031875111,
     "Pos_date": 1701392369000
}