{
     "Matricula": "8B0FE8F5A3D03881366DD8F638A5D48BAB1174DC7DAFCA6E48EC624B6E1BFCBB",
     "Latitud": 36.325515,
     "Longitud": -7.812185,
     "Distance": 0.1047537061907517,
     "Pos_date": 1701392358000
}