{
     "Matricula": "FF3C59B448620745BF18F32F614A1E7B43B32C7A89545EC541A90558D199D111",
     "Latitud": 36.0142073,
     "Longitud": -6.5634169,
     "Distance": 0.0058215022252955,
     "Pos_date": 1701392374000
}