{
     "Matricula": "D27B62DF2FE5D39E189D483C49D0DD12E9CE25A8778307460262F026137B0350",
     "Latitud": 44.8983283,
     "Longitud": 8.5812533,
     "Distance": 0.0,
     "Pos_date": 1701392377000
}