{
     "Matricula": "679894276A1A15836A4517559DE4C780456B019AEABB4FBF9E878A1EEB665D57",
     "Latitud": 43.2689283,
     "Longitud": -1.9710833,
     "Distance": 0.0208619976277807,
     "Pos_date": 1701392375722
}