{
     "Matricula": "09146B272A3A4286F445DB065CDE7500601FEB1F28507C9639C44DBD771361FC",
     "Latitud": 39.2937815,
     "Longitud": -4.6759133,
     "Distance": 0.7225926589700111,
     "Pos_date": 1701392387000
}