{
     "Matricula": "F4AE0241D1A98FCCB07393881F2EB5F012112A9453EE549C474D6C427E650864",
     "Latitud": 36.3547616,
     "Longitud": -3.0408516,
     "Distance": 0.2954592628800147,
     "Pos_date": 1701392389000
}