{
     "Matricula": "F0F277EEF5C8728A87E6D8DB3BE1C61B1BF6A0298E08B5EB4F4464F79596D79A",
     "Latitud": 41.4712499,
     "Longitud": 2.1654466,
     "Distance": 0.0,
     "Pos_date": 1701392383010
}