{
     "Matricula": "39A7C03D597FA1866B013468871534F511F50FC1679C2A121B1A0A2E965C4635",
     "Latitud": 42.7911783,
     "Longitud": -7.1094583,
     "Distance": 0.9753751005830888,
     "Pos_date": 1701389118000
}