{
     "Matricula": "11D0D9F18EE4B3A809D923630F11B98A2153A005FD1EA64AC9177B4B7737399C",
     "Latitud": 42.4711366,
     "Longitud": 3.1653566,
     "Distance": 0.0105907682174965,
     "Pos_date": 1701392381010
}