{
     "Matricula": "11D0D9F18EE4B3A809D923630F11B98A2153A005FD1EA64AC9177B4B7737399C",
     "Latitud": 40.4710649,
     "Longitud": 1.16541,
     "Distance": 0.0091300954944976,
     "Pos_date": 1701392393000
}