{
     "Matricula": "216988BB419507DFAB380C71C4795482CA90FC861D4C361F913B93203A57F5F6",
     "Latitud": 31.5585266,
     "Longitud": -116.3026549,
     "Distance": 0.3005828471312828,
     "Pos_date": 1701392394000
}