{
     "Matricula": "F0F277EEF5C8728A87E6D8DB3BE1C61B1BF6A0298E08B5EB4F4464F79596D79A",
     "Latitud": 42.4712649,
     "Longitud": 3.1652549,
     "Distance": 0.0101414568556344,
     "Pos_date": 1701392397000
}