{
     "Matricula": "E0047EE446AB648BEA8D01836B0FBDBA466C8C19A4EFA5788990BB1D505D5919",
     "Latitud": 43.12161,
     "Longitud": 3.19285,
     "Distance": 0.0043333429583239,
     "Pos_date": 1701392401000
}