{
     "Matricula": "B552A6A633BDA3272B8840DEFAFA97AF693265E69D46098DB86823F714D205DF",
     "Latitud": 43.457055,
     "Longitud": -3.8233433,
     "Distance": 1.3161245095128329,
     "Pos_date": 1701392393000
}