{
     "Matricula": "11D0D9F18EE4B3A809D923630F11B98A2153A005FD1EA64AC9177B4B7737399C",
     "Latitud": 41.4708233,
     "Longitud": 2.165615,
     "Distance": 0.0318346273719138,
     "Pos_date": 1701392404000
}