{
     "Matricula": "07F0F06AFDDE789E75C987F1E8AF8E5F48E72512AD4FC4FBD22D89D19D0618BC",
     "Latitud": 41.165526666666665,
     "Longitud": -8.62025,
     "Distance": 0.0032770204298906,
     "Pos_date": 1701392406000
}