{
     "Matricula": "F4AE0241D1A98FCCB07393881F2EB5F012112A9453EE549C474D6C427E650864",
     "Latitud": 38.353735,
     "Longitud": -1.0401533,
     "Distance": 0.1297708709080182,
     "Pos_date": 1701392407000
}