{
     "Matricula": "39A7C03D597FA1866B013468871534F511F50FC1679C2A121B1A0A2E965C4635",
     "Latitud": 43.188995,
     "Longitud": -7.9322533,
     "Distance": 0.2067378003530925,
     "Pos_date": 1701392410000
}