{
     "Matricula": "B3C6B707FF586E09DD4455DAB6DEA799EC9DA501B0181ABE235EC1E192A20E3D",
     "Latitud": 41.7723225,
     "Longitud": 2.6732585,
     "Distance": 0.011488173255381,
     "Pos_date": 1701389130000
}