{
     "Matricula": "F0F277EEF5C8728A87E6D8DB3BE1C61B1BF6A0298E08B5EB4F4464F79596D79A",
     "Latitud": 40.4712333,
     "Longitud": 1.164815,
     "Distance": 0.0775662822140519,
     "Pos_date": 1701392420000
}