{
     "Matricula": "11D0D9F18EE4B3A809D923630F11B98A2153A005FD1EA64AC9177B4B7737399C",
     "Latitud": 40.4732516,
     "Longitud": 1.1633566000000002,
     "Distance": 0.3173248133035887,
     "Pos_date": 1701392431000
}