{
     "Matricula": "46DBBE2036029597B9E5A745B2723E3B48CEA05926D052BF2384161CF8B70AB8",
     "Latitud": 18.4305966,
     "Longitud": -100.2020733,
     "Distance": 0.032435500545604,
     "Pos_date": 1701392429000
}