{
     "Matricula": "96CCDDEBC559BA6C00439D619E2F188E69090FD1EE9491C275FE8A3B84B1DCC3",
     "Latitud": 39.2936733,
     "Longitud": -4.79063,
     "Distance": 1.5698033522941632,
     "Pos_date": 1701392432000
}