{
     "Matricula": "F4AE0241D1A98FCCB07393881F2EB5F012112A9453EE549C474D6C427E650864",
     "Latitud": 37.3504216,
     "Longitud": -2.0394566,
     "Distance": 0.3735449534889555,
     "Pos_date": 1701392437000
}