{
     "Matricula": "D690A42B4F6881C041AAB9AA34E095E67C30D183992E7BDF42CA7CE8B0A0DFF7",
     "Latitud": 25.91202,
     "Longitud": -17.4028983,
     "Distance": 0.0,
     "Pos_date": 1701392429010
}