{
     "Matricula": "B63287228FC7EFF8199A3AD3348647347BD729F7F432C4450A1B02EDBDDB2B7E",
     "Latitud": 38.35395,
     "Longitud": -5.5876066,
     "Distance": 0.1183334847137519,
     "Pos_date": 1701392441000
}