{
     "Matricula": "09146B272A3A4286F445DB065CDE7500601FEB1F28507C9639C44DBD771361FC",
     "Latitud": 39.289371,
     "Longitud": -4.6831685,
     "Distance": 0.7868784774772823,
     "Pos_date": 1701392447000
}