{
     "Matricula": "DE270AC86D7A5AF5255D130A15B83A4A5536E712ACBDAC6B87A8638D9EF9B2E6",
     "Latitud": 41.40372,
     "Longitud": -2.7246349,
     "Distance": 0.3432643743375029,
     "Pos_date": 1701389125000
}