{
     "Matricula": "8B0FE8F5A3D03881366DD8F638A5D48BAB1174DC7DAFCA6E48EC624B6E1BFCBB",
     "Latitud": 36.3252683,
     "Longitud": -7.8138016,
     "Distance": 0.1455527687002015,
     "Pos_date": 1701392444000
}