{
     "Matricula": "7A06063FA823557213CDFF5ACAE6A6852CAF3E72BFEF400205A28C766001ABE0",
     "Latitud": 44.4738799,
     "Longitud": -7.263703299999999,
     "Distance": 1.1131944802600222,
     "Pos_date": 1701392446000
}