{
     "Matricula": "39A7C03D597FA1866B013468871534F511F50FC1679C2A121B1A0A2E965C4635",
     "Latitud": 42.19211,
     "Longitud": -8.94398,
     "Distance": 1.0118198499703064,
     "Pos_date": 1701392448000
}