{
     "Matricula": "4CD3FCAC24AA17EB8A4985E4F997FD3730871E563B5536B369A38FB9F5E20CDB",
     "Latitud": -33.290237,
     "Longitud": -68.905382,
     "Distance": 2.422724792288082,
     "Pos_date": 1701392391000
}