{
     "Matricula": "4CD3FCAC24AA17EB8A4985E4F997FD3730871E563B5536B369A38FB9F5E20CDB",
     "Latitud": -34.290041,
     "Longitud": -69.905226,
     "Distance": 0.0261770174308347,
     "Pos_date": 1701392395000
}