{
     "Matricula": "7E4A080157027B36C4D596160AC49CA6DBA51495D30AB66AC4B6C5D44B16E263",
     "Latitud": 32.6116166,
     "Longitud": -115.3862883,
     "Distance": 1.3956106838673854,
     "Pos_date": 1701392452000
}