{
     "Matricula": "C6FCE3D69653A0C262509EA6E8A244B4CB6921DD5E08BC3B5502FFC88D6AE9D1",
     "Latitud": 27.446895,
     "Longitud": -17.3641,
     "Distance": 0.3939654755090009,
     "Pos_date": 1701392452000
}