{
     "Matricula": "8BF12194622A41A0C1789A99634AA8F81B08BBF7C271BE92A62999EC14F0BB4B",
     "Latitud": 39.3851199,
     "Longitud": -6.75542,
     "Distance": 0.5292812229813569,
     "Pos_date": 1701389127000
}