{
     "Matricula": "508F5591B74AE64243D2DCF64C584E049B90F347F02FFCBC647164BB8D2FE9F7",
     "Latitud": 18.7374772,
     "Longitud": -70.2306457,
     "Distance": 2.9761689576287127,
     "Pos_date": 1701392281000
}