{
     "Matricula": "508F5591B74AE64243D2DCF64C584E049B90F347F02FFCBC647164BB8D2FE9F7",
     "Latitud": 17.7300718,
     "Longitud": -71.2307207,
     "Distance": 0.8234819209649802,
     "Pos_date": 1701392317000
}