{
     "Matricula": "508F5591B74AE64243D2DCF64C584E049B90F347F02FFCBC647164BB8D2FE9F7",
     "Latitud": 18.71954,
     "Longitud": -70.231131,
     "Distance": 1.1718811907312374,
     "Pos_date": 1701392371000
}