{
     "Matricula": "508F5591B74AE64243D2DCF64C584E049B90F347F02FFCBC647164BB8D2FE9F7",
     "Latitud": 16.7158362,
     "Longitud": -72.2256496,
     "Distance": 0.7091226939528933,
     "Pos_date": 1701392401000
}