{
     "Matricula": "7E4A080157027B36C4D596160AC49CA6DBA51495D30AB66AC4B6C5D44B16E263",
     "Latitud": 33.610945,
     "Longitud": -114.3869166,
     "Distance": 0.0950797968231278,
     "Pos_date": 1701392464000
}