{
     "Matricula": "07F0F06AFDDE789E75C987F1E8AF8E5F48E72512AD4FC4FBD22D89D19D0618BC",
     "Latitud": 40.16556333333333,
     "Longitud": -9.620233333333331,
     "Distance": 0.0043092474280209,
     "Pos_date": 1701392466000
}