{
     "Matricula": "679894276A1A15836A4517559DE4C780456B019AEABB4FBF9E878A1EEB665D57",
     "Latitud": 42.2666166,
     "Longitud": -2.97272,
     "Distance": 0.2891989076628887,
     "Pos_date": 1701392461542
}