{
     "Matricula": "E8D5D7745EE18927FC55BAD5FD79EA2AE5C9C781209D76F070370B1DB612B47A",
     "Latitud": 43.2735566,
     "Longitud": -5.8103016,
     "Distance": 0.0043602026428371,
     "Pos_date": 1701392465000
}