{
     "Matricula": "96CCDDEBC559BA6C00439D619E2F188E69090FD1EE9491C275FE8A3B84B1DCC3",
     "Latitud": 41.2937333,
     "Longitud": -2.79253,
     "Distance": 0.1612825038386057,
     "Pos_date": 1701392469000
}