{
     "Matricula": "79FAC09BD0C0202DF4FA067B1C35E780A118C5B4C4641D16D8175F1A069598F8",
     "Latitud": 38.6235866,
     "Longitud": -9.1229166,
     "Distance": 0.2284522007562229,
     "Pos_date": 1701389131000
}