{
     "Matricula": "C6FCE3D69653A0C262509EA6E8A244B4CB6921DD5E08BC3B5502FFC88D6AE9D1",
     "Latitud": 28.4486433,
     "Longitud": -16.36403,
     "Distance": 0.1945227868240941,
     "Pos_date": 1701392470000
}