{
     "Matricula": "D3B4423A12AEE5998930D36B7149629F2E3277B42F56185550352C4B4EB0F1AB",
     "Latitud": 39.4096683,
     "Longitud": -4.6093499,
     "Distance": 0.5247282924935998,
     "Pos_date": 1701392463000
}