{
     "Matricula": "09146B272A3A4286F445DB065CDE7500601FEB1F28507C9639C44DBD771361FC",
     "Latitud": 41.2875133,
     "Longitud": -2.6877053,
     "Distance": 0.4367469740240911,
     "Pos_date": 1701392482000
}