{
     "Matricula": "B8530D870A71A5A31DAB7540A0F1E2FD3D553C4763A7AAC30508ADE45FE6E22A",
     "Latitud": 54.522843,
     "Longitud": -1.546865,
     "Distance": 0.0074809801027847,
     "Pos_date": 1701392484000
}