{
     "Matricula": "819E6C37F3BADB27EB7E184F15B91B3B5C093D8FD55FF4082DDA5939D8713135",
     "Latitud": 38.430045,
     "Longitud": 8.0141433,
     "Distance": 5.018416198992118,
     "Pos_date": 1701392485000
}