{
     "Matricula": "216988BB419507DFAB380C71C4795482CA90FC861D4C361F913B93203A57F5F6",
     "Latitud": 32.564375,
     "Longitud": -115.3004333,
     "Distance": 0.6828288213624313,
     "Pos_date": 1701392487000
}