{
     "Matricula": "BDBDAA0BF1A202B5696855193C0EF1D4E19B4D7CB6BA5AA9702D68A52C897B12",
     "Latitud": 27.9123749,
     "Longitud": -15.402725,
     "Distance": 0.0177516290212064,
     "Pos_date": 1701392489000
}