{
     "Matricula": "9EA75D576149F526833F7F0CAFBFBD2DC701213D1D0C584D073D35F341947388",
     "Latitud": 41.5527298,
     "Longitud": -2.6705599,
     "Distance": 0.0171683998731129,
     "Pos_date": 1701388830000
}