{
     "Matricula": "FF3C59B448620745BF18F32F614A1E7B43B32C7A89545EC541A90558D199D111",
     "Latitud": 38.9482545,
     "Longitud": -3.6277452,
     "Distance": 0.8351346598170079,
     "Pos_date": 1701389134000
}