{
     "Matricula": "9010AF87D0F1FCB0AAE1560B63C773703D2207A299A992D278C0AB8B11A50B6C",
     "Latitud": 19.225309,
     "Longitud": -70.5175798,
     "Distance": 0.0295685546377588,
     "Pos_date": 1701392299000
}