{
     "Matricula": "9010AF87D0F1FCB0AAE1560B63C773703D2207A299A992D278C0AB8B11A50B6C",
     "Latitud": 20.2252291,
     "Longitud": -69.5175978,
     "Distance": 0.0090832698124583,
     "Pos_date": 1701392301000
}