{
     "Matricula": "9010AF87D0F1FCB0AAE1560B63C773703D2207A299A992D278C0AB8B11A50B6C",
     "Latitud": 20.2249889,
     "Longitud": -69.5175115,
     "Distance": 0.0089182014053901,
     "Pos_date": 1701392313000
}