{
     "Matricula": "9010AF87D0F1FCB0AAE1560B63C773703D2207A299A992D278C0AB8B11A50B6C",
     "Latitud": 19.2250054,
     "Longitud": -70.5165421,
     "Distance": 0.101797759513987,
     "Pos_date": 1701392354000
}