{
     "Matricula": "9010AF87D0F1FCB0AAE1560B63C773703D2207A299A992D278C0AB8B11A50B6C",
     "Latitud": 20.2251876,
     "Longitud": -69.5139672,
     "Distance": 0.2711070575152765,
     "Pos_date": 1701392413000
}