{
     "Matricula": "BDBDAA0BF1A202B5696855193C0EF1D4E19B4D7CB6BA5AA9702D68A52C897B12",
     "Latitud": 26.912445,
     "Longitud": -16.4025016,
     "Distance": 0.0232939635756481,
     "Pos_date": 1701392494000
}