{
     "Matricula": "44C8A1AF0DE74873DDA53C547CDE57CE0ED68811C3D22936C420588ECCE39BF4",
     "Latitud": 43.26537,
     "Longitud": -2.9296883,
     "Distance": 0.0339783197439196,
     "Pos_date": 1701389136000
}