{
     "Matricula": "BDBDAA0BF1A202B5696855193C0EF1D4E19B4D7CB6BA5AA9702D68A52C897B12",
     "Latitud": 27.9124049,
     "Longitud": -15.40245,
     "Distance": 0.0067519340573096,
     "Pos_date": 1701392497000
}