{
     "Matricula": "7A06063FA823557213CDFF5ACAE6A6852CAF3E72BFEF400205A28C766001ABE0",
     "Latitud": 43.4789249,
     "Longitud": -8.2634183,
     "Distance": 0.561450336657099,
     "Pos_date": 1701392497000
}