{
     "Matricula": "D0987C421B7385E3BF5BC30D521B4F7684CDBC4CCE30DF650B89F94579B337DA",
     "Latitud": 37.3228066,
     "Longitud": -6.0307833,
     "Distance": 2.8685967207780374,
     "Pos_date": 1701392498000
}