{
     "Matricula": "96CCDDEBC559BA6C00439D619E2F188E69090FD1EE9491C275FE8A3B84B1DCC3",
     "Latitud": 39.2949599,
     "Longitud": -4.7930783,
     "Distance": 0.14410143857757,
     "Pos_date": 1701392499000
}