{
     "Matricula": "9E1AFCD5BA4E22A6760253B3D722E4263303C8E9629BB44029D4F9672DF44A13",
     "Latitud": 18.5724072,
     "Longitud": -70.1011756,
     "Distance": 1.573789979454477,
     "Pos_date": 1701392268000
}