{
     "Matricula": "9E1AFCD5BA4E22A6760253B3D722E4263303C8E9629BB44029D4F9672DF44A13",
     "Latitud": 18.5638377,
     "Longitud": -70.0741874,
     "Distance": 2.5901985640818213,
     "Pos_date": 1701392441000
}