{
     "Matricula": "96CCDDEBC559BA6C00439D619E2F188E69090FD1EE9491C275FE8A3B84B1DCC3",
     "Latitud": 40.2948516,
     "Longitud": -3.7932216,
     "Distance": 0.0171092616809106,
     "Pos_date": 1701392503000
}