{
     "Matricula": "D9D9D59026E4C7569F2B1ED821BDDCFDB7CC5CA4D82B4EBC06EB64696AEE3346",
     "Latitud": 32.5689349,
     "Longitud": -115.336795,
     "Distance": 0.7685055759391464,
     "Pos_date": 1701389137000
}