{
     "Matricula": "09146B272A3A4286F445DB065CDE7500601FEB1F28507C9639C44DBD771361FC",
     "Latitud": 40.2865205,
     "Longitud": -3.6910347,
     "Distance": 0.3032142909360368,
     "Pos_date": 1701392507000
}