{
     "Matricula": "F0F277EEF5C8728A87E6D8DB3BE1C61B1BF6A0298E08B5EB4F4464F79596D79A",
     "Latitud": 40.48684,
     "Longitud": 1.1604633,
     "Distance": 1.7728504555063047,
     "Pos_date": 1701392508000
}