{
     "Matricula": "0872559FB2E1D5E4ADBFECC22DD8AC7ED66EF76026E1AA97D9EC085F2F413185",
     "Latitud": 18.6773463,
     "Longitud": -71.3732057,
     "Distance": 0.9849090627222596,
     "Pos_date": 1701392360000
}