{
     "Matricula": "0872559FB2E1D5E4ADBFECC22DD8AC7ED66EF76026E1AA97D9EC085F2F413185",
     "Latitud": 19.6806933,
     "Longitud": -70.37259,
     "Distance": 0.0011163807818625,
     "Pos_date": 1701392454000
}