{
     "Matricula": "39A7C03D597FA1866B013468871534F511F50FC1679C2A121B1A0A2E965C4635",
     "Latitud": 42.1926183,
     "Longitud": -8.9689649,
     "Distance": 2.026261026739937,
     "Pos_date": 1701392513000
}