{
     "Matricula": "F4AE0241D1A98FCCB07393881F2EB5F012112A9453EE549C474D6C427E650864",
     "Latitud": 37.3383449,
     "Longitud": -2.0351099,
     "Distance": 1.3967631462654362,
     "Pos_date": 1701392512000
}