{
     "Matricula": "F4AE0241D1A98FCCB07393881F2EB5F012112A9453EE549C474D6C427E650864",
     "Latitud": 36.3383383,
     "Longitud": -3.0349549,
     "Distance": 0.0137228199863458,
     "Pos_date": 1701392515000
}