{
     "Matricula": "DE270AC86D7A5AF5255D130A15B83A4A5536E712ACBDAC6B87A8638D9EF9B2E6",
     "Latitud": 40.4044783,
     "Longitud": -3.7247,
     "Distance": 0.0844992174609022,
     "Pos_date": 1701389138000
}