{
     "Matricula": "F0F277EEF5C8728A87E6D8DB3BE1C61B1BF6A0298E08B5EB4F4464F79596D79A",
     "Latitud": 40.4868983,
     "Longitud": 1.1615133000000002,
     "Distance": 0.0877018473984717,
     "Pos_date": 1701392516000
}