{
     "Matricula": "11D0D9F18EE4B3A809D923630F11B98A2153A005FD1EA64AC9177B4B7737399C",
     "Latitud": 41.48695,
     "Longitud": 2.160735,
     "Distance": 1.53877164572962,
     "Pos_date": 1701392509000
}