{
     "Matricula": "BDBDAA0BF1A202B5696855193C0EF1D4E19B4D7CB6BA5AA9702D68A52C897B12",
     "Latitud": 27.912295,
     "Longitud": -15.4021349,
     "Distance": 0.0332858682626841,
     "Pos_date": 1701392515000
}