{
     "Matricula": "D690A42B4F6881C041AAB9AA34E095E67C30D183992E7BDF42CA7CE8B0A0DFF7",
     "Latitud": 26.9133316,
     "Longitud": -16.4012666,
     "Distance": 0.1761074414197212,
     "Pos_date": 1701392515000
}