{
     "Matricula": "679894276A1A15836A4517559DE4C780456B019AEABB4FBF9E878A1EEB665D57",
     "Latitud": 44.2667616,
     "Longitud": -0.9725766,
     "Distance": 0.0198689426160096,
     "Pos_date": 1701392521761
}