{
     "Matricula": "F4AE0241D1A98FCCB07393881F2EB5F012112A9453EE549C474D6C427E650864",
     "Latitud": 37.3400499,
     "Longitud": -2.0342049,
     "Distance": 0.2015406205544311,
     "Pos_date": 1701392528000
}