{
     "Matricula": "11D0D9F18EE4B3A809D923630F11B98A2153A005FD1EA64AC9177B4B7737399C",
     "Latitud": 43.4864466,
     "Longitud": 4.1633533,
     "Distance": 0.2251659462230067,
     "Pos_date": 1701392526000
}