{
     "Matricula": "A14E8BE45CB9F9B1B8F8BFBED680BCFE79912B7C935C4B9D80F36FCAEC9F3A48",
     "Latitud": 38.681375,
     "Longitud": -4.0652066,
     "Distance": 0.2539611257984629,
     "Pos_date": 1701389140000
}