{
     "Matricula": "BDBDAA0BF1A202B5696855193C0EF1D4E19B4D7CB6BA5AA9702D68A52C897B12",
     "Latitud": 26.9132083,
     "Longitud": -16.401296600000002,
     "Distance": 0.1307600308842498,
     "Pos_date": 1701392533000
}