{
     "Matricula": "D690A42B4F6881C041AAB9AA34E095E67C30D183992E7BDF42CA7CE8B0A0DFF7",
     "Latitud": 27.9142883,
     "Longitud": -15.4008683,
     "Distance": 0.1133508254851944,
     "Pos_date": 1701392532000
}