{
     "Matricula": "8B0FE8F5A3D03881366DD8F638A5D48BAB1174DC7DAFCA6E48EC624B6E1BFCBB",
     "Latitud": 36.325215,
     "Longitud": -7.8118,
     "Distance": 0.1770867681121467,
     "Pos_date": 1701392537000
}