{
     "Matricula": "7A06063FA823557213CDFF5ACAE6A6852CAF3E72BFEF400205A28C766001ABE0",
     "Latitud": 43.4800449,
     "Longitud": -8.2612099,
     "Distance": 0.2173936658009886,
     "Pos_date": 1701392539000
}