{
     "Matricula": "730655A225241D534D1C78911ACA85AB05E607C709D7B9520443018F8A067709",
     "Latitud": 43.4538383,
     "Longitud": -3.8289983,
     "Distance": 2.5170636052012294,
     "Pos_date": 1701392539000
}