{
     "Matricula": "4CD3FCAC24AA17EB8A4985E4F997FD3730871E563B5536B369A38FB9F5E20CDB",
     "Latitud": -32.276722,
     "Longitud": -67.900649,
     "Distance": 1.5409075148480058,
     "Pos_date": 1701392455000
}