{
     "Matricula": "AF69B29555A2B9300AD69F0DD4A23363815A6F6F738E2101803859FC7837E341",
     "Latitud": 44.256345,
     "Longitud": -1.9145783,
     "Distance": 0.3998488671804402,
     "Pos_date": 1701389144000
}