{
     "Matricula": "4CD3FCAC24AA17EB8A4985E4F997FD3730871E563B5536B369A38FB9F5E20CDB",
     "Latitud": -34.260823,
     "Longitud": -69.898985,
     "Distance": 1.774646532380009,
     "Pos_date": 1701392515000
}