{
     "Matricula": "FF3C59B448620745BF18F32F614A1E7B43B32C7A89545EC541A90558D199D111",
     "Latitud": 38.0141558,
     "Longitud": -4.5634958,
     "Distance": 0.0026799236341977,
     "Pos_date": 1701392554000
}