{
     "Matricula": "B552A6A633BDA3272B8840DEFAFA97AF693265E69D46098DB86823F714D205DF",
     "Latitud": 43.4573766,
     "Longitud": -3.8214883,
     "Distance": 0.1539379166322956,
     "Pos_date": 1701392555000
}