{
     "Matricula": "216988BB419507DFAB380C71C4795482CA90FC861D4C361F913B93203A57F5F6",
     "Latitud": 33.5645933,
     "Longitud": -114.3011816,
     "Distance": 0.0742082871584886,
     "Pos_date": 1701392556000
}