{
     "Matricula": "D3B4423A12AEE5998930D36B7149629F2E3277B42F56185550352C4B4EB0F1AB",
     "Latitud": 40.4178016,
     "Longitud": -3.6104566,
     "Distance": 0.9092234900678148,
     "Pos_date": 1701392555000
}