{
     "Matricula": "F4AE0241D1A98FCCB07393881F2EB5F012112A9453EE549C474D6C427E650864",
     "Latitud": 36.3434249,
     "Longitud": -3.0297666,
     "Distance": 0.5429414597127238,
     "Pos_date": 1701392559000
}