{
     "Matricula": "09146B272A3A4286F445DB065CDE7500601FEB1F28507C9639C44DBD771361FC",
     "Latitud": 40.2834844,
     "Longitud": -3.7005373,
     "Distance": 0.8738903582097012,
     "Pos_date": 1701392567000
}