{
     "Matricula": "730655A225241D534D1C78911ACA85AB05E607C709D7B9520443018F8A067709",
     "Latitud": 42.4254216,
     "Longitud": -4.8516016,
     "Distance": 0.00132799759992,
     "Pos_date": 1701389148000
}