{
     "Matricula": "96CCDDEBC559BA6C00439D619E2F188E69090FD1EE9491C275FE8A3B84B1DCC3",
     "Latitud": 40.2939233,
     "Longitud": -3.7920566,
     "Distance": 0.0082395487626515,
     "Pos_date": 1701392565000
}