{
     "Matricula": "BDBDAA0BF1A202B5696855193C0EF1D4E19B4D7CB6BA5AA9702D68A52C897B12",
     "Latitud": 25.9160316,
     "Longitud": -17.399678299999998,
     "Distance": 0.3519097883618148,
     "Pos_date": 1701392562000
}