{
     "Matricula": "B5E5F5D56EC1A0018326921D24E5E67A17CF2D0A2239D1E277F3A20E5B411114",
     "Latitud": 17.6493605,
     "Longitud": -71.1674942,
     "Distance": 2.652291085452239,
     "Pos_date": 1701392571000
}