{
     "Matricula": "D3B4423A12AEE5998930D36B7149629F2E3277B42F56185550352C4B4EB0F1AB",
     "Latitud": 39.419395,
     "Longitud": -4.606475,
     "Distance": 0.3807960248961077,
     "Pos_date": 1701392576000
}