{
     "Matricula": "B505798DC7ED76BB9D4538F2F4057A1DF38D96751F3DB4F05EBED09AC13BB45A",
     "Latitud": 37.6228166,
     "Longitud": -6.856525,
     "Distance": 3.4137189883288657,
     "Pos_date": 1701392360000
}