{
     "Matricula": "B505798DC7ED76BB9D4538F2F4057A1DF38D96751F3DB4F05EBED09AC13BB45A",
     "Latitud": 36.6408966,
     "Longitud": -7.8678383,
     "Distance": 1.075964194457694,
     "Pos_date": 1701392497000
}