{
     "Matricula": "96CCDDEBC559BA6C00439D619E2F188E69090FD1EE9491C275FE8A3B84B1DCC3",
     "Latitud": 39.2940433,
     "Longitud": -4.7926,
     "Distance": 0.0479798856022943,
     "Pos_date": 1701392579000
}