{
     "Matricula": "79FAC09BD0C0202DF4FA067B1C35E780A118C5B4C4641D16D8175F1A069598F8",
     "Latitud": 39.6234766,
     "Longitud": -8.122705,
     "Distance": 0.0220797745699703,
     "Pos_date": 1701389151000
}