{
     "Matricula": "07F0F06AFDDE789E75C987F1E8AF8E5F48E72512AD4FC4FBD22D89D19D0618BC",
     "Latitud": 40.165598333333335,
     "Longitud": -9.62025,
     "Distance": 0.0028451442360269,
     "Pos_date": 1701392586000
}