{
     "Matricula": "D690A42B4F6881C041AAB9AA34E095E67C30D183992E7BDF42CA7CE8B0A0DFF7",
     "Latitud": 27.9207883,
     "Longitud": -15.3972816,
     "Distance": 0.8041056547608063,
     "Pos_date": 1701392596000
}