{
     "Matricula": "7E07F310AF5C165D5B89602328AE9B7DD107535F83B3CFA9E439DE2621425558",
     "Latitud": 39.9826799,
     "Longitud": -4.1272766,
     "Distance": 0.0116721407754476,
     "Pos_date": 1701392599000
}