{
     "Matricula": "DE270AC86D7A5AF5255D130A15B83A4A5536E712ACBDAC6B87A8638D9EF9B2E6",
     "Latitud": 40.4044966,
     "Longitud": -3.7235066,
     "Distance": 0.1010700424065751,
     "Pos_date": 1701389152000
}