{
     "Matricula": "8B0FE8F5A3D03881366DD8F638A5D48BAB1174DC7DAFCA6E48EC624B6E1BFCBB",
     "Latitud": 37.32059,
     "Longitud": -6.8083633,
     "Distance": 0.5973541665078527,
     "Pos_date": 1701392601000
}