{
     "Matricula": "819E6C37F3BADB27EB7E184F15B91B3B5C093D8FD55FF4082DDA5939D8713135",
     "Latitud": 39.4103733,
     "Longitud": 9.0258583,
     "Distance": 2.4077711945890243,
     "Pos_date": 1701392599000
}