{
     "Matricula": "B8530D870A71A5A31DAB7540A0F1E2FD3D553C4763A7AAC30508ADE45FE6E22A",
     "Latitud": 54.5228874,
     "Longitud": -1.5468612,
     "Distance": 0.0049431484330215,
     "Pos_date": 1701392606000
}