{
     "Matricula": "96CCDDEBC559BA6C00439D619E2F188E69090FD1EE9491C275FE8A3B84B1DCC3",
     "Latitud": 39.2963066,
     "Longitud": -4.7923483,
     "Distance": 0.2525715458884248,
     "Pos_date": 1701392609000
}