{
     "Matricula": "FF3C59B448620745BF18F32F614A1E7B43B32C7A89545EC541A90558D199D111",
     "Latitud": 39.0141193,
     "Longitud": -3.5634542,
     "Distance": 0.0054547345038193,
     "Pos_date": 1701392614000
}