{
     "Matricula": "216988BB419507DFAB380C71C4795482CA90FC861D4C361F913B93203A57F5F6",
     "Latitud": 32.5645683,
     "Longitud": -115.301705,
     "Distance": 0.0491283981535141,
     "Pos_date": 1701392614000
}