{
     "Matricula": "8B0FE8F5A3D03881366DD8F638A5D48BAB1174DC7DAFCA6E48EC624B6E1BFCBB",
     "Latitud": 37.3201666,
     "Longitud": -6.8102283,
     "Distance": 0.1715080656281915,
     "Pos_date": 1701392614000
}