{
     "Matricula": "96CCDDEBC559BA6C00439D619E2F188E69090FD1EE9491C275FE8A3B84B1DCC3",
     "Latitud": 41.296275,
     "Longitud": -2.7919316,
     "Distance": 0.0355144212480471,
     "Pos_date": 1701392616000
}