{
     "Matricula": "C6FCE3D69653A0C262509EA6E8A244B4CB6921DD5E08BC3B5502FFC88D6AE9D1",
     "Latitud": 29.458105,
     "Longitud": -15.36055,
     "Distance": 0.6859445043097471,
     "Pos_date": 1701389156000
}