{
     "Matricula": "B5E5F5D56EC1A0018326921D24E5E67A17CF2D0A2239D1E277F3A20E5B411114",
     "Latitud": 17.6412584,
     "Longitud": -71.1684984,
     "Distance": 0.9071049570997418,
     "Pos_date": 1701392619000
}