{
     "Matricula": "D690A42B4F6881C041AAB9AA34E095E67C30D183992E7BDF42CA7CE8B0A0DFF7",
     "Latitud": 27.9234816,
     "Longitud": -15.397785,
     "Distance": 0.3035383106447878,
     "Pos_date": 1701392617000
}