{
     "Matricula": "F4AE0241D1A98FCCB07393881F2EB5F012112A9453EE549C474D6C427E650864",
     "Latitud": 38.3471083,
     "Longitud": -1.0115316,
     "Distance": 1.6631842071835172,
     "Pos_date": 1701392620000
}