{
     "Matricula": "7A06063FA823557213CDFF5ACAE6A6852CAF3E72BFEF400205A28C766001ABE0",
     "Latitud": 44.4878016,
     "Longitud": -7.2596883,
     "Distance": 0.8711995293230399,
     "Pos_date": 1701392621000
}