{
     "Matricula": "F4AE0241D1A98FCCB07393881F2EB5F012112A9453EE549C474D6C427E650864",
     "Latitud": 39.347055,
     "Longitud": -0.0112315999999998,
     "Distance": 0.0271734019814941,
     "Pos_date": 1701392623000
}