{
     "Matricula": "B552A6A633BDA3272B8840DEFAFA97AF693265E69D46098DB86823F714D205DF",
     "Latitud": 43.4578033,
     "Longitud": -3.82094,
     "Distance": 0.0648829251342808,
     "Pos_date": 1701392569000
}