{
     "Matricula": "B552A6A633BDA3272B8840DEFAFA97AF693265E69D46098DB86823F714D205DF",
     "Latitud": 44.4585616,
     "Longitud": -2.8210283,
     "Distance": 0.0846198977991787,
     "Pos_date": 1701392590000
}