{
     "Matricula": "819E6C37F3BADB27EB7E184F15B91B3B5C093D8FD55FF4082DDA5939D8713135",
     "Latitud": 38.40898,
     "Longitud": 8.028885,
     "Distance": 0.3026857035185702,
     "Pos_date": 1701392625000
}