{
     "Matricula": "96CCDDEBC559BA6C00439D619E2F188E69090FD1EE9491C275FE8A3B84B1DCC3",
     "Latitud": 39.2957783,
     "Longitud": -4.7920283,
     "Distance": 0.055836163761158,
     "Pos_date": 1701392625000
}