{
     "Matricula": "81486AACFBE20A1A64655FD2B79DD456B68E4AB7452D1E1295D6FEDCD52DD526",
     "Latitud": 27.8590333,
     "Longitud": -15.3963199,
     "Distance": 0.0146876270893867,
     "Pos_date": 1701388825000
}