{
     "Matricula": "DE270AC86D7A5AF5255D130A15B83A4A5536E712ACBDAC6B87A8638D9EF9B2E6",
     "Latitud": 41.4040566,
     "Longitud": -2.7234483,
     "Distance": 0.0491742442440958,
     "Pos_date": 1701389158000
}