{
     "Matricula": "09146B272A3A4286F445DB065CDE7500601FEB1F28507C9639C44DBD771361FC",
     "Latitud": 41.2783734,
     "Longitud": -2.7091285,
     "Distance": 0.9241800055199498,
     "Pos_date": 1701392627000
}