{
     "Matricula": "11D0D9F18EE4B3A809D923630F11B98A2153A005FD1EA64AC9177B4B7737399C",
     "Latitud": 42.4854383,
     "Longitud": 3.1762816,
     "Distance": 1.0827256228073965,
     "Pos_date": 1701392626000
}