{
     "Matricula": "F0F277EEF5C8728A87E6D8DB3BE1C61B1BF6A0298E08B5EB4F4464F79596D79A",
     "Latitud": 40.4853966,
     "Longitud": 1.176145,
     "Distance": 1.230176945296856,
     "Pos_date": 1701392635000
}