{
     "Matricula": "96CCDDEBC559BA6C00439D619E2F188E69090FD1EE9491C275FE8A3B84B1DCC3",
     "Latitud": 40.2956066,
     "Longitud": -3.7920866,
     "Distance": 0.0197220550211651,
     "Pos_date": 1701392637000
}