{
     "Matricula": "11D0D9F18EE4B3A809D923630F11B98A2153A005FD1EA64AC9177B4B7737399C",
     "Latitud": 42.4853249,
     "Longitud": 3.176245,
     "Distance": 0.0129728516929248,
     "Pos_date": 1701392637000
}