{
     "Matricula": "EFBFEA45FDDA61154A0E59ABA3E3934E7C85941EEFAEFB7062482EFF192DCC74",
     "Latitud": 28.8394966,
     "Longitud": -14.4534716,
     "Distance": 1.2016888495194955,
     "Pos_date": 1701392491000
}