{
     "Matricula": "EFBFEA45FDDA61154A0E59ABA3E3934E7C85941EEFAEFB7062482EFF192DCC74",
     "Latitud": 26.82687,
     "Longitud": -16.4552866,
     "Distance": 1.41531345687207,
     "Pos_date": 1701392606000
}