{
     "Matricula": "EFBFEA45FDDA61154A0E59ABA3E3934E7C85941EEFAEFB7062482EFF192DCC74",
     "Latitud": 27.826965,
     "Longitud": -15.4557516,
     "Distance": 0.0469308648472772,
     "Pos_date": 1701392612000
}