{
     "Matricula": "E0047EE446AB648BEA8D01836B0FBDBA466C8C19A4EFA5788990BB1D505D5919",
     "Latitud": 41.12163666666667,
     "Longitud": 1.19275,
     "Distance": 0.0040729108309275,
     "Pos_date": 1701389160000
}