{
     "Matricula": "730655A225241D534D1C78911ACA85AB05E607C709D7B9520443018F8A067709",
     "Latitud": 43.4588466,
     "Longitud": -3.826545,
     "Distance": 0.5674872014195238,
     "Pos_date": 1701392636000
}