{
     "Matricula": "4CD3FCAC24AA17EB8A4985E4F997FD3730871E563B5536B369A38FB9F5E20CDB",
     "Latitud": -33.229244,
     "Longitud": -68.893489,
     "Distance": 3.548431642042312,
     "Pos_date": 1701392635000
}