{
     "Matricula": "96CCDDEBC559BA6C00439D619E2F188E69090FD1EE9491C275FE8A3B84B1DCC3",
     "Latitud": 39.2956099,
     "Longitud": -4.79205,
     "Distance": 0.0031256772118409,
     "Pos_date": 1701392644000
}