{
     "Matricula": "730655A225241D534D1C78911ACA85AB05E607C709D7B9520443018F8A067709",
     "Latitud": 43.4586033,
     "Longitud": -3.8269483,
     "Distance": 0.0423262851474104,
     "Pos_date": 1701392647000
}