{
     "Matricula": "96CCDDEBC559BA6C00439D619E2F188E69090FD1EE9491C275FE8A3B84B1DCC3",
     "Latitud": 41.295685,
     "Longitud": -2.7920366,
     "Distance": 0.0084277265678459,
     "Pos_date": 1701392651000
}