{
     "Matricula": "B63287228FC7EFF8199A3AD3348647347BD729F7F432C4450A1B02EDBDDB2B7E",
     "Latitud": 37.35493,
     "Longitud": -6.55956,
     "Distance": 2.481395657976624,
     "Pos_date": 1701392654000
}