{
     "Matricula": "F4AE0241D1A98FCCB07393881F2EB5F012112A9453EE549C474D6C427E650864",
     "Latitud": 38.34529,
     "Longitud": -1.0091565999999998,
     "Distance": 0.2686318521008164,
     "Pos_date": 1701392637000
}