{
     "Matricula": "AF69B29555A2B9300AD69F0DD4A23363815A6F6F738E2101803859FC7837E341",
     "Latitud": 43.2568583,
     "Longitud": -2.914575,
     "Distance": 0.0570770603178888,
     "Pos_date": 1701389160000
}