{
     "Matricula": "11D0D9F18EE4B3A809D923630F11B98A2153A005FD1EA64AC9177B4B7737399C",
     "Latitud": 42.48523,
     "Longitud": 3.1762466,
     "Distance": 0.0105532547454038,
     "Pos_date": 1701392656000
}