{
     "Matricula": "96CCDDEBC559BA6C00439D619E2F188E69090FD1EE9491C275FE8A3B84B1DCC3",
     "Latitud": 40.2961816,
     "Longitud": -3.7920133,
     "Distance": 0.0552548232640756,
     "Pos_date": 1701392658000
}