{
     "Matricula": "B81D5D3C0ABD5651D35460611801239A551537387FEDC8EFD43EC51B6EE751A2",
     "Latitud": 17.6773655,
     "Longitud": -71.1764079,
     "Distance": 0.980998916037226,
     "Pos_date": 1701391998000
}