{
     "Matricula": "B81D5D3C0ABD5651D35460611801239A551537387FEDC8EFD43EC51B6EE751A2",
     "Latitud": 18.6660975,
     "Longitud": -70.1722121,
     "Distance": 1.3286215964631092,
     "Pos_date": 1701392118000
}