{
     "Matricula": "B81D5D3C0ABD5651D35460611801239A551537387FEDC8EFD43EC51B6EE751A2",
     "Latitud": 17.6575344,
     "Longitud": -71.1687295,
     "Distance": 1.0204132538175292,
     "Pos_date": 1701392238000
}