{
     "Matricula": "B81D5D3C0ABD5651D35460611801239A551537387FEDC8EFD43EC51B6EE751A2",
     "Latitud": 18.6538276,
     "Longitud": -70.1688492,
     "Distance": 0.4123707926869915,
     "Pos_date": 1701392358000
}