{
     "Matricula": "B81D5D3C0ABD5651D35460611801239A551537387FEDC8EFD43EC51B6EE751A2",
     "Latitud": 18.6281929,
     "Longitud": -70.1657491,
     "Distance": 2.869105795681777,
     "Pos_date": 1701392478000
}