{
     "Matricula": "B81D5D3C0ABD5651D35460611801239A551537387FEDC8EFD43EC51B6EE751A2",
     "Latitud": 18.6059805,
     "Longitud": -70.1513065,
     "Distance": 2.901149756103265,
     "Pos_date": 1701392598000
}