{
     "Matricula": "B63287228FC7EFF8199A3AD3348647347BD729F7F432C4450A1B02EDBDDB2B7E",
     "Latitud": 38.3558716,
     "Longitud": -5.5586383,
     "Distance": 0.1326619714950123,
     "Pos_date": 1701392668000
}