{
     "Matricula": "3F2BF0F9BC0EDF81585748F2BB7A9277D3ABDF4C4987EE6E7F096A42B1549327",
     "Latitud": 40.6180233,
     "Longitud": 4.3617183,
     "Distance": 0.00788169918739,
     "Pos_date": 1701389162000
}