{
     "Matricula": "39A7C03D597FA1866B013468871534F511F50FC1679C2A121B1A0A2E965C4635",
     "Latitud": 43.1897533,
     "Longitud": -7.9935083,
     "Distance": 2.0150615772196137,
     "Pos_date": 1701392575000
}