{
     "Matricula": "11D0D9F18EE4B3A809D923630F11B98A2153A005FD1EA64AC9177B4B7737399C",
     "Latitud": 41.4852983,
     "Longitud": 2.1761616,
     "Distance": 0.0103831958750678,
     "Pos_date": 1701392669000
}