{
     "Matricula": "FF3C59B448620745BF18F32F614A1E7B43B32C7A89545EC541A90558D199D111",
     "Latitud": 37.0141875,
     "Longitud": -5.5635352,
     "Distance": 0.0103857586556523,
     "Pos_date": 1701392674000
}