{
     "Matricula": "730655A225241D534D1C78911ACA85AB05E607C709D7B9520443018F8A067709",
     "Latitud": 43.4582583,
     "Longitud": -3.8287366,
     "Distance": 0.1493510143992641,
     "Pos_date": 1701392671000
}