{
     "Matricula": "96CCDDEBC559BA6C00439D619E2F188E69090FD1EE9491C275FE8A3B84B1DCC3",
     "Latitud": 41.2965816,
     "Longitud": -2.7911849,
     "Distance": 0.0831518398063536,
     "Pos_date": 1701392676000
}