{
     "Matricula": "8B0FE8F5A3D03881366DD8F638A5D48BAB1174DC7DAFCA6E48EC624B6E1BFCBB",
     "Latitud": 38.3173533,
     "Longitud": -5.8234616,
     "Distance": 1.21132028663529,
     "Pos_date": 1701392677000
}