{
     "Matricula": "B505798DC7ED76BB9D4538F2F4057A1DF38D96751F3DB4F05EBED09AC13BB45A",
     "Latitud": 35.661975,
     "Longitud": -8.8810966,
     "Distance": 1.7125447341699065,
     "Pos_date": 1701392683000
}