{
     "Matricula": "09146B272A3A4286F445DB065CDE7500601FEB1F28507C9639C44DBD771361FC",
     "Latitud": 40.2719445,
     "Longitud": -3.7157295,
     "Distance": 0.9080922372888772,
     "Pos_date": 1701392687000
}