{
     "Matricula": "B552A6A633BDA3272B8840DEFAFA97AF693265E69D46098DB86823F714D205DF",
     "Latitud": 44.4604633,
     "Longitud": -2.8114466,
     "Distance": 0.8017480678706603,
     "Pos_date": 1701392679000
}