{
     "Matricula": "79FAC09BD0C0202DF4FA067B1C35E780A118C5B4C4641D16D8175F1A069598F8",
     "Latitud": 36.6238633,
     "Longitud": -11.1224649,
     "Distance": 0.0477910690916902,
     "Pos_date": 1701389164000
}