{
     "Matricula": "96CCDDEBC559BA6C00439D619E2F188E69090FD1EE9491C275FE8A3B84B1DCC3",
     "Latitud": 40.29666,
     "Longitud": -3.791835,
     "Distance": 0.0558194188802547,
     "Pos_date": 1701392686000
}