{
     "Matricula": "730655A225241D534D1C78911ACA85AB05E607C709D7B9520443018F8A067709",
     "Latitud": 43.4583899,
     "Longitud": -3.829035,
     "Distance": 0.0281818837066862,
     "Pos_date": 1701392688000
}