{
     "Matricula": "B5E5F5D56EC1A0018326921D24E5E67A17CF2D0A2239D1E277F3A20E5B411114",
     "Latitud": 17.6414318,
     "Longitud": -71.1649737,
     "Distance": 0.3718681029880998,
     "Pos_date": 1701392691000
}