{
     "Matricula": "11D0D9F18EE4B3A809D923630F11B98A2153A005FD1EA64AC9177B4B7737399C",
     "Latitud": 40.485245,
     "Longitud": 1.176215,
     "Distance": 0.007410262735893,
     "Pos_date": 1701392689000
}