{
     "Matricula": "BDBDAA0BF1A202B5696855193C0EF1D4E19B4D7CB6BA5AA9702D68A52C897B12",
     "Latitud": 28.9398916,
     "Longitud": -14.390775,
     "Distance": 2.793586448318305,
     "Pos_date": 1701392693000
}