{
     "Matricula": "F4AE0241D1A98FCCB07393881F2EB5F012112A9453EE549C474D6C427E650864",
     "Latitud": 38.3386733,
     "Longitud": -0.9963033,
     "Distance": 1.353676496523207,
     "Pos_date": 1701392695000
}