{
     "Matricula": "96CCDDEBC559BA6C00439D619E2F188E69090FD1EE9491C275FE8A3B84B1DCC3",
     "Latitud": 41.29657,
     "Longitud": -2.7921833,
     "Distance": 0.0311882453939154,
     "Pos_date": 1701392696000
}