{
     "Matricula": "11D0D9F18EE4B3A809D923630F11B98A2153A005FD1EA64AC9177B4B7737399C",
     "Latitud": 40.4852949,
     "Longitud": 1.176165,
     "Distance": 0.0069378820910387,
     "Pos_date": 1701392700000
}