{
     "Matricula": "07F0F06AFDDE789E75C987F1E8AF8E5F48E72512AD4FC4FBD22D89D19D0618BC",
     "Latitud": 41.16585666666667,
     "Longitud": -8.620133333333333,
     "Distance": 0.0123107676656425,
     "Pos_date": 1701389165000
}