{
     "Matricula": "508F5591B74AE64243D2DCF64C584E049B90F347F02FFCBC647164BB8D2FE9F7",
     "Latitud": 17.7083131,
     "Longitud": -71.2020964,
     "Distance": 1.5502276325364293,
     "Pos_date": 1701392521000
}