{
     "Matricula": "508F5591B74AE64243D2DCF64C584E049B90F347F02FFCBC647164BB8D2FE9F7",
     "Latitud": 18.6920886,
     "Longitud": -70.1847864,
     "Distance": 2.564895868619162,
     "Pos_date": 1701392641000
}