{
     "Matricula": "508F5591B74AE64243D2DCF64C584E049B90F347F02FFCBC647164BB8D2FE9F7",
     "Latitud": 18.6898877,
     "Longitud": -70.1832517,
     "Distance": 0.0517371153232736,
     "Pos_date": 1701392693000
}