{
     "Matricula": "7A06063FA823557213CDFF5ACAE6A6852CAF3E72BFEF400205A28C766001ABE0",
     "Latitud": 43.4943066,
     "Longitud": -8.2483633,
     "Distance": 1.1652640944856127,
     "Pos_date": 1701392703000
}