{
     "Matricula": "F4AE0241D1A98FCCB07393881F2EB5F012112A9453EE549C474D6C427E650864",
     "Latitud": 36.3385416,
     "Longitud": -2.996035,
     "Distance": 0.0278761822524018,
     "Pos_date": 1701392702000
}