{
     "Matricula": "E8D5D7745EE18927FC55BAD5FD79EA2AE5C9C781209D76F070370B1DB612B47A",
     "Latitud": 43.273615,
     "Longitud": -5.810165,
     "Distance": 0.0128247232139434,
     "Pos_date": 1701392705000
}