{
     "Matricula": "7E4A080157027B36C4D596160AC49CA6DBA51495D30AB66AC4B6C5D44B16E263",
     "Latitud": 32.6144066,
     "Longitud": -115.395735,
     "Distance": 0.9112456702188892,
     "Pos_date": 1701392705000
}