{
     "Matricula": "730655A225241D534D1C78911ACA85AB05E607C709D7B9520443018F8A067709",
     "Latitud": 43.4586299,
     "Longitud": -3.8298566,
     "Distance": 0.0361027153434255,
     "Pos_date": 1701392712000
}