{
     "Matricula": "39A7C03D597FA1866B013468871534F511F50FC1679C2A121B1A0A2E965C4635",
     "Latitud": 41.2048316,
     "Longitud": -10.0365783,
     "Distance": 2.0080996665279827,
     "Pos_date": 1701392702000
}