{
     "Matricula": "91F9AFDC6C1985163F8A761E33D2A8D932D808A4C7FD5A5F862EDF40F50CC4FF",
     "Latitud": 41.6215916,
     "Longitud": -4.7332916,
     "Distance": 0.0,
     "Pos_date": 1701392710010
}