{
     "Matricula": "F4AE0241D1A98FCCB07393881F2EB5F012112A9453EE549C474D6C427E650864",
     "Latitud": 37.3381466,
     "Longitud": -1.996185,
     "Distance": 0.0458803333642579,
     "Pos_date": 1701392713000
}