{
     "Matricula": "96CCDDEBC559BA6C00439D619E2F188E69090FD1EE9491C275FE8A3B84B1DCC3",
     "Latitud": 41.2964633,
     "Longitud": -2.791245,
     "Distance": 0.0804562137867097,
     "Pos_date": 1701392714000
}