{
     "Matricula": "7A06063FA823557213CDFF5ACAE6A6852CAF3E72BFEF400205A28C766001ABE0",
     "Latitud": 42.4934399,
     "Longitud": -9.24781,
     "Distance": 0.1062063272824735,
     "Pos_date": 1701392715000
}