{
     "Matricula": "B552A6A633BDA3272B8840DEFAFA97AF693265E69D46098DB86823F714D205DF",
     "Latitud": 43.4616766,
     "Longitud": -3.8109433,
     "Distance": 0.1408957438416077,
     "Pos_date": 1701392715000
}