{
     "Matricula": "184DBED595C6F20AB530A4BE4CBCF519BB96DD91510E147A00E67492DBD8EDE6",
     "Latitud": 38.2026916,
     "Longitud": -2.6534416,
     "Distance": 0.0069258435197819,
     "Pos_date": 1701392716000
}