{
     "Matricula": "F4AE0241D1A98FCCB07393881F2EB5F012112A9453EE549C474D6C427E650864",
     "Latitud": 38.338175,
     "Longitud": -0.9964,
     "Distance": 0.0192682300294542,
     "Pos_date": 1701392718000
}