{
     "Matricula": "11D0D9F18EE4B3A809D923630F11B98A2153A005FD1EA64AC9177B4B7737399C",
     "Latitud": 41.485135,
     "Longitud": 2.1761033,
     "Distance": 0.0185080199759656,
     "Pos_date": 1701392719000
}