{
     "Matricula": "DE270AC86D7A5AF5255D130A15B83A4A5536E712ACBDAC6B87A8638D9EF9B2E6",
     "Latitud": 40.4646816,
     "Longitud": -3.621875,
     "Distance": 0.0,
     "Pos_date": 1701392719020
}