{
     "Matricula": "B552A6A633BDA3272B8840DEFAFA97AF693265E69D46098DB86823F714D205DF",
     "Latitud": 44.4617083,
     "Longitud": -2.8107316,
     "Distance": 0.0174459462673353,
     "Pos_date": 1701392726000
}