{
     "Matricula": "96CCDDEBC559BA6C00439D619E2F188E69090FD1EE9491C275FE8A3B84B1DCC3",
     "Latitud": 40.29674,
     "Longitud": -3.7911,
     "Distance": 0.0136987266149331,
     "Pos_date": 1701392726000
}