{
     "Matricula": "91F9AFDC6C1985163F8A761E33D2A8D932D808A4C7FD5A5F862EDF40F50CC4FF",
     "Latitud": 39.6212366,
     "Longitud": -6.73354,
     "Distance": 0.0193350767134738,
     "Pos_date": 1701392727000
}