{
     "Matricula": "9010AF87D0F1FCB0AAE1560B63C773703D2207A299A992D278C0AB8B11A50B6C",
     "Latitud": 18.2263391,
     "Longitud": -71.4968026,
     "Distance": 1.8067151519681093,
     "Pos_date": 1701392533000
}