{
     "Matricula": "9010AF87D0F1FCB0AAE1560B63C773703D2207A299A992D278C0AB8B11A50B6C",
     "Latitud": 19.2260541,
     "Longitud": -70.4881017,
     "Distance": 0.9140855004366616,
     "Pos_date": 1701392598000
}