{
     "Matricula": "9010AF87D0F1FCB0AAE1560B63C773703D2207A299A992D278C0AB8B11A50B6C",
     "Latitud": 17.2249887,
     "Longitud": -72.4831065,
     "Distance": 0.53767794012728,
     "Pos_date": 1701392653000
}