{
     "Matricula": "9010AF87D0F1FCB0AAE1560B63C773703D2207A299A992D278C0AB8B11A50B6C",
     "Latitud": 20.2247831,
     "Longitud": -69.4794411,
     "Distance": 0.3855238734672334,
     "Pos_date": 1701392692000
}