{
     "Matricula": "9010AF87D0F1FCB0AAE1560B63C773703D2207A299A992D278C0AB8B11A50B6C",
     "Latitud": 19.2248958,
     "Longitud": -70.479296,
     "Distance": 0.0197265736327897,
     "Pos_date": 1701392694000
}