{
     "Matricula": "9010AF87D0F1FCB0AAE1560B63C773703D2207A299A992D278C0AB8B11A50B6C",
     "Latitud": 19.2251029,
     "Longitud": -70.4792183,
     "Distance": 0.0244308295149436,
     "Pos_date": 1701392697000
}