{
     "Matricula": "11D0D9F18EE4B3A809D923630F11B98A2153A005FD1EA64AC9177B4B7737399C",
     "Latitud": 41.4852366,
     "Longitud": 2.17607,
     "Distance": 0.0116329715573143,
     "Pos_date": 1701392730000
}