{
     "Matricula": "730655A225241D534D1C78911ACA85AB05E607C709D7B9520443018F8A067709",
     "Latitud": 42.4581383,
     "Longitud": -4.82912,
     "Distance": 0.0717617918726114,
     "Pos_date": 1701392734000
}