{
     "Matricula": "730655A225241D534D1C78911ACA85AB05E607C709D7B9520443018F8A067709",
     "Latitud": 44.45814,
     "Longitud": -2.8291966,
     "Distance": 0.0061855785661941,
     "Pos_date": 1701392738000
}