{
     "Matricula": "B5E5F5D56EC1A0018326921D24E5E67A17CF2D0A2239D1E277F3A20E5B411114",
     "Latitud": 18.6415634,
     "Longitud": -70.1630797,
     "Distance": 0.0020902214472771,
     "Pos_date": 1701392738000
}