{
     "Matricula": "B5E5F5D56EC1A0018326921D24E5E67A17CF2D0A2239D1E277F3A20E5B411114",
     "Latitud": 17.6415524,
     "Longitud": -71.163087,
     "Distance": 0.0014448736316823,
     "Pos_date": 1701392739000
}