{
     "Matricula": "B5E5F5D56EC1A0018326921D24E5E67A17CF2D0A2239D1E277F3A20E5B411114",
     "Latitud": 19.6415238,
     "Longitud": -69.1630988,
     "Distance": 0.003414564145886,
     "Pos_date": 1701392742000
}