{
     "Matricula": "671D8B81DD587CB93F5DAB19E861BF70ED5F9464E646842113481950C358B3EE",
     "Latitud": 41.1670566,
     "Longitud": -7.8838433,
     "Distance": 0.0100772338441542,
     "Pos_date": 1701392742000
}