{
     "Matricula": "96CCDDEBC559BA6C00439D619E2F188E69090FD1EE9491C275FE8A3B84B1DCC3",
     "Latitud": 38.296795,
     "Longitud": -5.7913549,
     "Distance": 0.0224662478415277,
     "Pos_date": 1701392744000
}