{
     "Matricula": "D0987C421B7385E3BF5BC30D521B4F7684CDBC4CCE30DF650B89F94579B337DA",
     "Latitud": 37.3544399,
     "Longitud": -6.0261549,
     "Distance": 3.5411874033622177,
     "Pos_date": 1701392738000
}