{
     "Matricula": "81486AACFBE20A1A64655FD2B79DD456B68E4AB7452D1E1295D6FEDCD52DD526",
     "Latitud": 27.8589799,
     "Longitud": -15.3963533,
     "Distance": 0.006785195118328,
     "Pos_date": 1701388826000
}