{
     "Matricula": "F1B2B87C7D3D0D8652C36CD40ABF6460D9ED377C1FF8E97BCE56D9CA5EC26A38",
     "Latitud": 37.3301683,
     "Longitud": -6.81424,
     "Distance": 5.028505326988916,
     "Pos_date": 1701389167000
}