{
     "Matricula": "730655A225241D534D1C78911ACA85AB05E607C709D7B9520443018F8A067709",
     "Latitud": 44.4581899,
     "Longitud": -2.8292399,
     "Distance": 0.0065575728858325,
     "Pos_date": 1701392745000
}