{
     "Matricula": "09146B272A3A4286F445DB065CDE7500601FEB1F28507C9639C44DBD771361FC",
     "Latitud": 39.2665404,
     "Longitud": -4.7227577,
     "Distance": 0.8465593660994531,
     "Pos_date": 1701392747000
}