{
     "Matricula": "F4AE0241D1A98FCCB07393881F2EB5F012112A9453EE549C474D6C427E650864",
     "Latitud": 37.3381233,
     "Longitud": -1.9964483,
     "Distance": 0.0071611650058119,
     "Pos_date": 1701392745000
}