{
     "Matricula": "7A06063FA823557213CDFF5ACAE6A6852CAF3E72BFEF400205A28C766001ABE0",
     "Latitud": 44.4906966,
     "Longitud": -7.242489900000001,
     "Distance": 0.5265293595745831,
     "Pos_date": 1701392748000
}