{
     "Matricula": "2FE46DCA0220800B1CBBBA71DD7A7010E66E8C95FFD69CA7AED0022E01C84D55",
     "Latitud": 38.3820433,
     "Longitud": -5.1174333,
     "Distance": 0.0078113847674577,
     "Pos_date": 1701392746000
}