{
     "Matricula": "9E1AFCD5BA4E22A6760253B3D722E4263303C8E9629BB44029D4F9672DF44A13",
     "Latitud": 17.5504289,
     "Longitud": -71.0525287,
     "Distance": 1.2666537721375992,
     "Pos_date": 1701392561000
}