{
     "Matricula": "9E1AFCD5BA4E22A6760253B3D722E4263303C8E9629BB44029D4F9672DF44A13",
     "Latitud": 17.5500881,
     "Longitud": -71.0513647,
     "Distance": 0.128424810270333,
     "Pos_date": 1701392566000
}