{
     "Matricula": "9E1AFCD5BA4E22A6760253B3D722E4263303C8E9629BB44029D4F9672DF44A13",
     "Latitud": 18.5444314,
     "Longitud": -70.0373466,
     "Distance": 1.6060779299297383,
     "Pos_date": 1701392681000
}