{
     "Matricula": "9E1AFCD5BA4E22A6760253B3D722E4263303C8E9629BB44029D4F9672DF44A13",
     "Latitud": 19.5438677,
     "Longitud": -69.036629,
     "Distance": 0.098243990934615,
     "Pos_date": 1701392686000
}