{
     "Matricula": "96CCDDEBC559BA6C00439D619E2F188E69090FD1EE9491C275FE8A3B84B1DCC3",
     "Latitud": 39.2968183,
     "Longitud": -4.791381599999999,
     "Distance": 0.0034409279777428,
     "Pos_date": 1701392754000
}