{
     "Matricula": "C6FCE3D69653A0C262509EA6E8A244B4CB6921DD5E08BC3B5502FFC88D6AE9D1",
     "Latitud": 28.44453,
     "Longitud": -16.3418633,
     "Distance": 2.3799432247432954,
     "Pos_date": 1701392754000
}