{
     "Matricula": "7A06063FA823557213CDFF5ACAE6A6852CAF3E72BFEF400205A28C766001ABE0",
     "Latitud": 44.4889116,
     "Longitud": -7.2419916,
     "Distance": 0.2025130200246755,
     "Pos_date": 1701392767000
}