{
     "Matricula": "81486AACFBE20A1A64655FD2B79DD456B68E4AB7452D1E1295D6FEDCD52DD526",
     "Latitud": 27.85657,
     "Longitud": -15.389395,
     "Distance": 0.2938495533440919,
     "Pos_date": 1701389132000
}