{
     "Matricula": "B5E5F5D56EC1A0018326921D24E5E67A17CF2D0A2239D1E277F3A20E5B411114",
     "Latitud": 17.6415592,
     "Longitud": -71.1633924,
     "Distance": 0.0300941120903851,
     "Pos_date": 1701392771000
}