{
     "Matricula": "216988BB419507DFAB380C71C4795482CA90FC861D4C361F913B93203A57F5F6",
     "Latitud": 32.5644666,
     "Longitud": -115.3016616,
     "Distance": 0.0081738213969574,
     "Pos_date": 1701392774000
}