{
     "Matricula": "730655A225241D534D1C78911ACA85AB05E607C709D7B9520443018F8A067709",
     "Latitud": 42.4580233,
     "Longitud": -4.8293583,
     "Distance": 0.0208448258963582,
     "Pos_date": 1701392778000
}