{
     "Matricula": "B63287228FC7EFF8199A3AD3348647347BD729F7F432C4450A1B02EDBDDB2B7E",
     "Latitud": 37.3584833,
     "Longitud": -6.5419316,
     "Distance": 1.504915507335821,
     "Pos_date": 1701392782000
}