{
     "Matricula": "96CCDDEBC559BA6C00439D619E2F188E69090FD1EE9491C275FE8A3B84B1DCC3",
     "Latitud": 40.296805,
     "Longitud": -3.7914,
     "Distance": 0.0021499401428676,
     "Pos_date": 1701392782000
}