{
     "Matricula": "7A06063FA823557213CDFF5ACAE6A6852CAF3E72BFEF400205A28C766001ABE0",
     "Latitud": 44.4895,
     "Longitud": -7.2389233,
     "Distance": 0.256028349192026,
     "Pos_date": 1701392785000
}