{
     "Matricula": "39A7C03D597FA1866B013468871534F511F50FC1679C2A121B1A0A2E965C4635",
     "Latitud": 44.2238866,
     "Longitud": -7.057074999999999,
     "Distance": 0.6938854896585515,
     "Pos_date": 1701392789000
}