{
     "Matricula": "81486AACFBE20A1A64655FD2B79DD456B68E4AB7452D1E1295D6FEDCD52DD526",
     "Latitud": 27.85679,
     "Longitud": -15.3894666,
     "Distance": 0.0254554808276673,
     "Pos_date": 1701389147000
}