{
     "Matricula": "730655A225241D534D1C78911ACA85AB05E607C709D7B9520443018F8A067709",
     "Latitud": 44.45784,
     "Longitud": -2.8295116,
     "Distance": 0.0238439011368023,
     "Pos_date": 1701392790000
}