{
     "Matricula": "730655A225241D534D1C78911ACA85AB05E607C709D7B9520443018F8A067709",
     "Latitud": 44.4578349,
     "Longitud": -2.8296033,
     "Distance": 0.007423200524637,
     "Pos_date": 1701392793000
}