{
     "Matricula": "D690A42B4F6881C041AAB9AA34E095E67C30D183992E7BDF42CA7CE8B0A0DFF7",
     "Latitud": 28.9682316,
     "Longitud": -14.3904216,
     "Distance": 5.028273494963698,
     "Pos_date": 1701392793000
}