{
     "Matricula": "7A06063FA823557213CDFF5ACAE6A6852CAF3E72BFEF400205A28C766001ABE0",
     "Latitud": 43.4908416,
     "Longitud": -8.236635,
     "Distance": 0.2373427637381542,
     "Pos_date": 1701392802000
}