{
     "Matricula": "B63287228FC7EFF8199A3AD3348647347BD729F7F432C4450A1B02EDBDDB2B7E",
     "Latitud": 38.3597116,
     "Longitud": -5.5404516,
     "Distance": 0.1891159679998537,
     "Pos_date": 1701392804000
}