{
     "Matricula": "81486AACFBE20A1A64655FD2B79DD456B68E4AB7452D1E1295D6FEDCD52DD526",
     "Latitud": 26.8572366,
     "Longitud": -16.3896433,
     "Distance": 0.0526103518785406,
     "Pos_date": 1701392801000
}