{
     "Matricula": "09146B272A3A4286F445DB065CDE7500601FEB1F28507C9639C44DBD771361FC",
     "Latitud": 40.2613326,
     "Longitud": -3.7304116,
     "Distance": 0.870115844424627,
     "Pos_date": 1701392807000
}