{
     "Matricula": "B63287228FC7EFF8199A3AD3348647347BD729F7F432C4450A1B02EDBDDB2B7E",
     "Latitud": 37.3596166,
     "Longitud": -6.540475,
     "Distance": 0.0107640824042606,
     "Pos_date": 1701392807000
}