{
     "Matricula": "B5E5F5D56EC1A0018326921D24E5E67A17CF2D0A2239D1E277F3A20E5B411114",
     "Latitud": 17.6414641,
     "Longitud": -71.1649909,
     "Distance": 0.1687519450107463,
     "Pos_date": 1701392811000
}