{
     "Matricula": "D3B4423A12AEE5998930D36B7149629F2E3277B42F56185550352C4B4EB0F1AB",
     "Latitud": 40.4498583,
     "Longitud": -3.5763599,
     "Distance": 4.239188719977979,
     "Pos_date": 1701392816000
}