{
     "Matricula": "B63287228FC7EFF8199A3AD3348647347BD729F7F432C4450A1B02EDBDDB2B7E",
     "Latitud": 38.3591366,
     "Longitud": -5.5405366,
     "Distance": 0.0536505974538036,
     "Pos_date": 1701392818000
}