{
     "Matricula": "E0047EE446AB648BEA8D01836B0FBDBA466C8C19A4EFA5788990BB1D505D5919",
     "Latitud": 41.12162166666667,
     "Longitud": 1.1928166666666666,
     "Distance": 0.0049415955027005,
     "Pos_date": 1701392821000
}