{
     "Matricula": "AF69B29555A2B9300AD69F0DD4A23363815A6F6F738E2101803859FC7837E341",
     "Latitud": 43.2576883,
     "Longitud": -2.9166216,
     "Distance": 0.1192942565984709,
     "Pos_date": 1701389183000
}