{
     "Matricula": "B63287228FC7EFF8199A3AD3348647347BD729F7F432C4450A1B02EDBDDB2B7E",
     "Latitud": 37.3594099,
     "Longitud": -6.5403316,
     "Distance": 0.0353809154134981,
     "Pos_date": 1701392822000
}