{
     "Matricula": "7A06063FA823557213CDFF5ACAE6A6852CAF3E72BFEF400205A28C766001ABE0",
     "Latitud": 42.4889916,
     "Longitud": -9.2352066,
     "Distance": 0.2357863576968156,
     "Pos_date": 1701392824000
}