{
     "Matricula": "B552A6A633BDA3272B8840DEFAFA97AF693265E69D46098DB86823F714D205DF",
     "Latitud": 43.4616599,
     "Longitud": -3.8107316,
     "Distance": 0.0053818418829386,
     "Pos_date": 1701392822000
}