{
     "Matricula": "07F0F06AFDDE789E75C987F1E8AF8E5F48E72512AD4FC4FBD22D89D19D0618BC",
     "Latitud": 40.165665,
     "Longitud": -9.620133333333332,
     "Distance": 0.0065234717638826,
     "Pos_date": 1701392826000
}