{
     "Matricula": "730655A225241D534D1C78911ACA85AB05E607C709D7B9520443018F8A067709",
     "Latitud": 42.45648,
     "Longitud": -4.832409999999999,
     "Distance": 0.2720659474531026,
     "Pos_date": 1701392826000
}