{
     "Matricula": "4CD3FCAC24AA17EB8A4985E4F997FD3730871E563B5536B369A38FB9F5E20CDB",
     "Latitud": -34.200103,
     "Longitud": -69.878907,
     "Distance": 3.5128308326837576,
     "Pos_date": 1701392755000
}