{
     "Matricula": "730655A225241D534D1C78911ACA85AB05E607C709D7B9520443018F8A067709",
     "Latitud": 44.4561383,
     "Longitud": -2.8328016,
     "Distance": 0.049424157634378,
     "Pos_date": 1701392832000
}