{
     "Matricula": "819E6C37F3BADB27EB7E184F15B91B3B5C093D8FD55FF4082DDA5939D8713135",
     "Latitud": 40.3662333,
     "Longitud": 10.0478966,
     "Distance": 5.026189347418695,
     "Pos_date": 1701392833000
}