{
     "Matricula": "79FAC09BD0C0202DF4FA067B1C35E780A118C5B4C4641D16D8175F1A069598F8",
     "Latitud": 37.6235333,
     "Longitud": -10.1203416,
     "Distance": 0.1880708836950296,
     "Pos_date": 1701389184000
}