{
     "Matricula": "7A06063FA823557213CDFF5ACAE6A6852CAF3E72BFEF400205A28C766001ABE0",
     "Latitud": 42.4877533,
     "Longitud": -9.2356016,
     "Distance": 0.1413321344426974,
     "Pos_date": 1701392843000
}