{
     "Matricula": "20D9E1AADD3EE292E10413E50100C20D4FB66215D8543D3574CAD4CA1296A73A",
     "Latitud": 18.4731791,
     "Longitud": -70.4936666,
     "Distance": 0.8407732205078937,
     "Pos_date": 1701392361000
}