{
     "Matricula": "20D9E1AADD3EE292E10413E50100C20D4FB66215D8543D3574CAD4CA1296A73A",
     "Latitud": 18.4943006,
     "Longitud": -70.5070268,
     "Distance": 2.73881384428791,
     "Pos_date": 1701392603000
}