{
     "Matricula": "20D9E1AADD3EE292E10413E50100C20D4FB66215D8543D3574CAD4CA1296A73A",
     "Latitud": 18.4961177,
     "Longitud": -70.5098615,
     "Distance": 0.360806124777328,
     "Pos_date": 1701392626000
}