{
     "Matricula": "20D9E1AADD3EE292E10413E50100C20D4FB66215D8543D3574CAD4CA1296A73A",
     "Latitud": 19.5011484,
     "Longitud": -69.5102971,
     "Distance": 0.561271840565375,
     "Pos_date": 1701392681000
}