{
     "Matricula": "20D9E1AADD3EE292E10413E50100C20D4FB66215D8543D3574CAD4CA1296A73A",
     "Latitud": 19.501054,
     "Longitud": -69.5084904,
     "Distance": 0.190802302667676,
     "Pos_date": 1701392693000
}