{
     "Matricula": "20D9E1AADD3EE292E10413E50100C20D4FB66215D8543D3574CAD4CA1296A73A",
     "Latitud": 16.502049,
     "Longitud": -72.5076824,
     "Distance": 0.1396437803586905,
     "Pos_date": 1701392702000
}