{
     "Matricula": "20D9E1AADD3EE292E10413E50100C20D4FB66215D8543D3574CAD4CA1296A73A",
     "Latitud": 18.5077578,
     "Longitud": -70.5072862,
     "Distance": 0.6361637520595953,
     "Pos_date": 1701392746000
}