{
     "Matricula": "39A7C03D597FA1866B013468871534F511F50FC1679C2A121B1A0A2E965C4635",
     "Latitud": 41.8089316,
     "Longitud": -8.104199900000001,
     "Distance": 2.02015997960852,
     "Pos_date": 1701389185000
}