{
     "Matricula": "20D9E1AADD3EE292E10413E50100C20D4FB66215D8543D3574CAD4CA1296A73A",
     "Latitud": 17.511808,
     "Longitud": -71.5089423,
     "Distance": 0.4830318312683139,
     "Pos_date": 1701392789000
}