{
     "Matricula": "91F9AFDC6C1985163F8A761E33D2A8D932D808A4C7FD5A5F862EDF40F50CC4FF",
     "Latitud": 41.6214416,
     "Longitud": -4.7342383,
     "Distance": 0.0623609479032501,
     "Pos_date": 1701392848000
}