{
     "Matricula": "FF3C59B448620745BF18F32F614A1E7B43B32C7A89545EC541A90558D199D111",
     "Latitud": 37.014144,
     "Longitud": -5.5634736,
     "Distance": 0.0045135274923884,
     "Pos_date": 1701392854000
}