{
     "Matricula": "C6FCE3D69653A0C262509EA6E8A244B4CB6921DD5E08BC3B5502FFC88D6AE9D1",
     "Latitud": 27.4440666,
     "Longitud": -17.3392233,
     "Distance": 0.2632102089169468,
     "Pos_date": 1701392851000
}