{
     "Matricula": "B505798DC7ED76BB9D4538F2F4057A1DF38D96751F3DB4F05EBED09AC13BB45A",
     "Latitud": 35.6792483,
     "Longitud": -8.8692816,
     "Distance": 2.184147071812644,
     "Pos_date": 1701392793000
}