{
     "Matricula": "216988BB419507DFAB380C71C4795482CA90FC861D4C361F913B93203A57F5F6",
     "Latitud": 32.5645516,
     "Longitud": -115.3011033,
     "Distance": 0.0531671854301722,
     "Pos_date": 1701392859000
}