{
     "Matricula": "7A06063FA823557213CDFF5ACAE6A6852CAF3E72BFEF400205A28C766001ABE0",
     "Latitud": 44.4870666,
     "Longitud": -7.233486600000001,
     "Distance": 0.186933654604345,
     "Pos_date": 1701392863000
}