{
     "Matricula": "79FAC09BD0C0202DF4FA067B1C35E780A118C5B4C4641D16D8175F1A069598F8",
     "Latitud": 39.6234233,
     "Longitud": -8.1208366,
     "Distance": 0.0447077574221543,
     "Pos_date": 1701389189000
}