{
     "Matricula": "09146B272A3A4286F445DB065CDE7500601FEB1F28507C9639C44DBD771361FC",
     "Latitud": 41.254234,
     "Longitud": -2.7371227,
     "Distance": 0.9733241265684492,
     "Pos_date": 1701392867000
}