{
     "Matricula": "730655A225241D534D1C78911ACA85AB05E607C709D7B9520443018F8A067709",
     "Latitud": 42.4542916,
     "Longitud": -4.83001,
     "Distance": 0.3048616843787577,
     "Pos_date": 1701392863000
}