{
     "Matricula": "730655A225241D534D1C78911ACA85AB05E607C709D7B9520443018F8A067709",
     "Latitud": 44.4539566,
     "Longitud": -2.8293866,
     "Distance": 0.0626077780895221,
     "Pos_date": 1701392871000
}