{
     "Matricula": "D0987C421B7385E3BF5BC30D521B4F7684CDBC4CCE30DF650B89F94579B337DA",
     "Latitud": 38.3711566,
     "Longitud": -5.028885,
     "Distance": 1.8744092292624168,
     "Pos_date": 1701392869000
}