{
     "Matricula": "516291E66CB7B610917EC0E831D1400378A69D1C8F3651431F5D95250A8D4E82",
     "Latitud": 45.8983316,
     "Longitud": 9.5813516,
     "Distance": 0.0102001050857077,
     "Pos_date": 1701392872000
}