{
     "Matricula": "E0047EE446AB648BEA8D01836B0FBDBA466C8C19A4EFA5788990BB1D505D5919",
     "Latitud": 42.12171333333333,
     "Longitud": 2.1929333333333334,
     "Distance": 0.0141208353661337,
     "Pos_date": 1701392881000
}