{
     "Matricula": "07F0F06AFDDE789E75C987F1E8AF8E5F48E72512AD4FC4FBD22D89D19D0618BC",
     "Latitud": 42.165745,
     "Longitud": -7.620100000000001,
     "Distance": 0.0093229568646467,
     "Pos_date": 1701392886000
}