{
     "Matricula": "61E9C8A81EEC32F7DADD350A7DEF8062150D99E745599F7F8E4FFAB8E35187E6",
     "Latitud": 36.8970266,
     "Longitud": -5.8156516,
     "Distance": 0.0317997383827036,
     "Pos_date": 1701389192000
}