{
     "Matricula": "7A06063FA823557213CDFF5ACAE6A6852CAF3E72BFEF400205A28C766001ABE0",
     "Latitud": 44.4867016,
     "Longitud": -7.233924999999999,
     "Distance": 0.053834447669468,
     "Pos_date": 1701392886000
}