{
     "Matricula": "B63287228FC7EFF8199A3AD3348647347BD729F7F432C4450A1B02EDBDDB2B7E",
     "Latitud": 37.3667899,
     "Longitud": -6.542745,
     "Distance": 0.8478858514496569,
     "Pos_date": 1701392878000
}