{
     "Matricula": "BDBDAA0BF1A202B5696855193C0EF1D4E19B4D7CB6BA5AA9702D68A52C897B12",
     "Latitud": 26.9849933,
     "Longitud": -16.3922733,
     "Distance": 5.017245585717034,
     "Pos_date": 1701392892000
}