{
     "Matricula": "C6FCE3D69653A0C262509EA6E8A244B4CB6921DD5E08BC3B5502FFC88D6AE9D1",
     "Latitud": 28.4425016,
     "Longitud": -16.334405,
     "Distance": 0.5022112909290691,
     "Pos_date": 1701392894000
}