{
     "Matricula": "CB3976372FB0962DA9709A60F3C10C4B5416ED10B87D491AAAE44BAA2296C7E5",
     "Latitud": 41.854775,
     "Longitud": -9.531055,
     "Distance": 0.1997945599984907,
     "Pos_date": 1701392356000
}