{
     "Matricula": "CB3976372FB0962DA9709A60F3C10C4B5416ED10B87D491AAAE44BAA2296C7E5",
     "Latitud": 42.8406516,
     "Longitud": -8.5151583,
     "Distance": 1.9624223389409676,
     "Pos_date": 1701392458000
}