{
     "Matricula": "CB3976372FB0962DA9709A60F3C10C4B5416ED10B87D491AAAE44BAA2296C7E5",
     "Latitud": 42.812765,
     "Longitud": -8.4787166,
     "Distance": 4.295046170383083,
     "Pos_date": 1701392616000
}