{
     "Matricula": "CB3976372FB0962DA9709A60F3C10C4B5416ED10B87D491AAAE44BAA2296C7E5",
     "Latitud": 43.7996416,
     "Longitud": -7.476603300000001,
     "Distance": 1.4694061884856826,
     "Pos_date": 1701392686000
}