{
     "Matricula": "CFC8E23AB50D375541014448310312DEB58C3A69A2292705B9FB8E2A5A1B60AB",
     "Latitud": 44.3067633,
     "Longitud": -2.0097166,
     "Distance": 0.0183242330447869,
     "Pos_date": 1701388829000
}