{
     "Matricula": "82FDF5C4ADC6E39A518110E31495EFB4F9C1F561693EA662EF8FAD8D63999384",
     "Latitud": 40.094255,
     "Longitud": -2.308075,
     "Distance": 0.0535716051555179,
     "Pos_date": 1701389179000
}