{
     "Matricula": "CB3976372FB0962DA9709A60F3C10C4B5416ED10B87D491AAAE44BAA2296C7E5",
     "Latitud": 41.7910966,
     "Longitud": -9.4586466,
     "Distance": 1.7462701626383224,
     "Pos_date": 1701392754000
}