{
     "Matricula": "CB3976372FB0962DA9709A60F3C10C4B5416ED10B87D491AAAE44BAA2296C7E5",
     "Latitud": 41.7906383,
     "Longitud": -9.45607,
     "Distance": 0.2163363501593145,
     "Pos_date": 1701392765000
}