{
     "Matricula": "09146B272A3A4286F445DB065CDE7500601FEB1F28507C9639C44DBD771361FC",
     "Latitud": 40.2495775,
     "Longitud": -3.7399276,
     "Distance": 0.5698758080953671,
     "Pos_date": 1701392900000
}