{
     "Matricula": "B81D5D3C0ABD5651D35460611801239A551537387FEDC8EFD43EC51B6EE751A2",
     "Latitud": 18.5945052,
     "Longitud": -70.136374,
     "Distance": 2.0259995655692578,
     "Pos_date": 1701392718000
}