{
     "Matricula": "B81D5D3C0ABD5651D35460611801239A551537387FEDC8EFD43EC51B6EE751A2",
     "Latitud": 19.5813849,
     "Longitud": -69.1121451,
     "Distance": 2.940965926422316,
     "Pos_date": 1701392838000
}