{
     "Matricula": "81486AACFBE20A1A64655FD2B79DD456B68E4AB7452D1E1295D6FEDCD52DD526",
     "Latitud": 27.8583166,
     "Longitud": -15.39136,
     "Distance": 0.2071326244717432,
     "Pos_date": 1701392903000
}