{
     "Matricula": "2CB47A300E1BF3463CFCDBAE169AD56B99A378744FDD8FC0450114B41E1146AD",
     "Latitud": 38.8916133,
     "Longitud": 3.2381216000000004,
     "Distance": 0.0033558426379141,
     "Pos_date": 1701389194000
}