{
     "Matricula": "184DBED595C6F20AB530A4BE4CBCF519BB96DD91510E147A00E67492DBD8EDE6",
     "Latitud": 37.2079516,
     "Longitud": -3.6738416,
     "Distance": 1.899019273278636,
     "Pos_date": 1701392907000
}