{
     "Matricula": "FF3C59B448620745BF18F32F614A1E7B43B32C7A89545EC541A90558D199D111",
     "Latitud": 38.0141427,
     "Longitud": -4.5634678,
     "Distance": 0.0005282769134544,
     "Pos_date": 1701392914000
}