{
     "Matricula": "B5E5F5D56EC1A0018326921D24E5E67A17CF2D0A2239D1E277F3A20E5B411114",
     "Latitud": 17.6411827,
     "Longitud": -71.1685352,
     "Distance": 0.374741666919463,
     "Pos_date": 1701392917000
}