{
     "Matricula": "8B0FE8F5A3D03881366DD8F638A5D48BAB1174DC7DAFCA6E48EC624B6E1BFCBB",
     "Latitud": 37.31772,
     "Longitud": -6.8235416,
     "Distance": 0.041384409956282,
     "Pos_date": 1701392917000
}