{
     "Matricula": "4CD3FCAC24AA17EB8A4985E4F997FD3730871E563B5536B369A38FB9F5E20CDB",
     "Latitud": -33.169061,
     "Longitud": -68.876093,
     "Distance": 3.4616371778978547,
     "Pos_date": 1701392875000
}