{
     "Matricula": "81486AACFBE20A1A64655FD2B79DD456B68E4AB7452D1E1295D6FEDCD52DD526",
     "Latitud": 26.858095,
     "Longitud": -16.391735,
     "Distance": 0.0089052786884118,
     "Pos_date": 1701392922000
}