{
     "Matricula": "09146B272A3A4286F445DB065CDE7500601FEB1F28507C9639C44DBD771361FC",
     "Latitud": 39.2455299,
     "Longitud": -4.7415737,
     "Distance": 0.4712574579725583,
     "Pos_date": 1701392927000
}