{
     "Matricula": "2CB47A300E1BF3463CFCDBAE169AD56B99A378744FDD8FC0450114B41E1146AD",
     "Latitud": 40.8916133,
     "Longitud": 5.2381216,
     "Distance": 0.0,
     "Pos_date": 1701389194010
}