{
     "Matricula": "81486AACFBE20A1A64655FD2B79DD456B68E4AB7452D1E1295D6FEDCD52DD526",
     "Latitud": 27.8584633,
     "Longitud": -15.3913,
     "Distance": 0.0592108747083148,
     "Pos_date": 1701392938000
}