{
     "Matricula": "E0047EE446AB648BEA8D01836B0FBDBA466C8C19A4EFA5788990BB1D505D5919",
     "Latitud": 40.12165,
     "Longitud": 0.1928666666666667,
     "Distance": 0.0089877389059195,
     "Pos_date": 1701392941000
}