{
     "Matricula": "72064674F47A23AF0B83A7C032A8B93936E34D2E66530C65DC1C04CCC6377DAD",
     "Latitud": 43.354635,
     "Longitud": -2.6920566,
     "Distance": 0.0318831114592088,
     "Pos_date": 1701392915000
}