{
     "Matricula": "508F5591B74AE64243D2DCF64C584E049B90F347F02FFCBC647164BB8D2FE9F7",
     "Latitud": 17.6901611,
     "Longitud": -71.1834138,
     "Distance": 0.0348673668930789,
     "Pos_date": 1701392706000
}