{
     "Matricula": "508F5591B74AE64243D2DCF64C584E049B90F347F02FFCBC647164BB8D2FE9F7",
     "Latitud": 19.6904848,
     "Longitud": -69.1835957,
     "Distance": 0.0407756360438763,
     "Pos_date": 1701392723000
}