{
     "Matricula": "508F5591B74AE64243D2DCF64C584E049B90F347F02FFCBC647164BB8D2FE9F7",
     "Latitud": 18.6905937,
     "Longitud": -70.1835037,
     "Distance": 0.0155092310737435,
     "Pos_date": 1701392732000
}