{
     "Matricula": "F28866C0CF5333C77C245F93F8BE91DB1615539BF1188E087D18FB6EC9040A51",
     "Latitud": 27.8589866,
     "Longitud": -15.3913716,
     "Distance": 0.0993896857925037,
     "Pos_date": 1701392945000
}