{
     "Matricula": "508F5591B74AE64243D2DCF64C584E049B90F347F02FFCBC647164BB8D2FE9F7",
     "Latitud": 18.6904365,
     "Longitud": -70.1829853,
     "Distance": 0.0513331367082596,
     "Pos_date": 1701392761000
}