{
     "Matricula": "508F5591B74AE64243D2DCF64C584E049B90F347F02FFCBC647164BB8D2FE9F7",
     "Latitud": 18.6906424,
     "Longitud": -70.1819776,
     "Distance": 0.1085832413172735,
     "Pos_date": 1701392806000
}