{
     "Matricula": "508F5591B74AE64243D2DCF64C584E049B90F347F02FFCBC647164BB8D2FE9F7",
     "Latitud": 18.6906626,
     "Longitud": -70.1818348,
     "Distance": 0.015208043485979,
     "Pos_date": 1701392881000
}