{
     "Matricula": "508F5591B74AE64243D2DCF64C584E049B90F347F02FFCBC647164BB8D2FE9F7",
     "Latitud": 19.6906531,
     "Longitud": -69.1818378,
     "Distance": 0.0011026031315919,
     "Pos_date": 1701392914000
}