{
     "Matricula": "E8D5D7745EE18927FC55BAD5FD79EA2AE5C9C781209D76F070370B1DB612B47A",
     "Latitud": 42.2734366,
     "Longitud": -6.810115,
     "Distance": 0.0202460092566852,
     "Pos_date": 1701392945000
}