{
     "Matricula": "7E4A080157027B36C4D596160AC49CA6DBA51495D30AB66AC4B6C5D44B16E263",
     "Latitud": 31.6143516,
     "Longitud": -116.4042716,
     "Distance": 0.7995743554830055,
     "Pos_date": 1701392945000
}