{
     "Matricula": "81486AACFBE20A1A64655FD2B79DD456B68E4AB7452D1E1295D6FEDCD52DD526",
     "Latitud": 26.8588533,
     "Longitud": -16.3914933,
     "Distance": 0.0473468892448575,
     "Pos_date": 1701392952000
}