{
     "Matricula": "CB3976372FB0962DA9709A60F3C10C4B5416ED10B87D491AAAE44BAA2296C7E5",
     "Latitud": 41.776025,
     "Longitud": -9.424925,
     "Distance": 2.729546179067627,
     "Pos_date": 1701392896000
}