{
     "Matricula": "CB3976372FB0962DA9709A60F3C10C4B5416ED10B87D491AAAE44BAA2296C7E5",
     "Latitud": 42.7758116,
     "Longitud": -8.4248133,
     "Distance": 0.0254201391956502,
     "Pos_date": 1701392899000
}