{
     "Matricula": "CB3976372FB0962DA9709A60F3C10C4B5416ED10B87D491AAAE44BAA2296C7E5",
     "Latitud": 44.7732466,
     "Longitud": -6.4274399,
     "Distance": 0.356803509973091,
     "Pos_date": 1701392922000
}