{
     "Matricula": "BDBDAA0BF1A202B5696855193C0EF1D4E19B4D7CB6BA5AA9702D68A52C897B12",
     "Latitud": 26.994545,
     "Longitud": -16.3914966,
     "Distance": 1.0648365301103375,
     "Pos_date": 1701392945000
}