{
     "Matricula": "B505798DC7ED76BB9D4538F2F4057A1DF38D96751F3DB4F05EBED09AC13BB45A",
     "Latitud": 37.7061749,
     "Longitud": -6.8725716,
     "Distance": 3.0080671446587903,
     "Pos_date": 1701392946000
}