{
     "Matricula": "730655A225241D534D1C78911ACA85AB05E607C709D7B9520443018F8A067709",
     "Latitud": 42.44421,
     "Longitud": -4.834504900000001,
     "Distance": 1.1598637165646777,
     "Pos_date": 1701392957000
}