{
     "Matricula": "216988BB419507DFAB380C71C4795482CA90FC861D4C361F913B93203A57F5F6",
     "Latitud": 31.5644716,
     "Longitud": -116.3022533,
     "Distance": 0.1081372055577289,
     "Pos_date": 1701392959000
}