{
     "Matricula": "B505798DC7ED76BB9D4538F2F4057A1DF38D96751F3DB4F05EBED09AC13BB45A",
     "Latitud": 35.7066183,
     "Longitud": -8.8732899,
     "Distance": 0.0801494778757492,
     "Pos_date": 1701392954000
}