{
     "Matricula": "CB3976372FB0962DA9709A60F3C10C4B5416ED10B87D491AAAE44BAA2296C7E5",
     "Latitud": 43.7673733,
     "Longitud": -7.4335833,
     "Distance": 0.8233961807671225,
     "Pos_date": 1701392964000
}