{
     "Matricula": "CB3976372FB0962DA9709A60F3C10C4B5416ED10B87D491AAAE44BAA2296C7E5",
     "Latitud": 42.7673416,
     "Longitud": -8.4336183,
     "Distance": 0.004537353671009,
     "Pos_date": 1701392965000
}