{
     "Matricula": "DE270AC86D7A5AF5255D130A15B83A4A5536E712ACBDAC6B87A8638D9EF9B2E6",
     "Latitud": 41.4596999,
     "Longitud": -2.6163016,
     "Distance": 0.7204294409570688,
     "Pos_date": 1701392966000
}