{
     "Matricula": "D690A42B4F6881C041AAB9AA34E095E67C30D183992E7BDF42CA7CE8B0A0DFF7",
     "Latitud": 27.0132016,
     "Longitud": -16.3883466,
     "Distance": 5.004591662117878,
     "Pos_date": 1701392968000
}