{
     "Matricula": "9010AF87D0F1FCB0AAE1560B63C773703D2207A299A992D278C0AB8B11A50B6C",
     "Latitud": 19.2307993,
     "Longitud": -70.4790372,
     "Distance": 0.6336969780178421,
     "Pos_date": 1701392773000
}