{
     "Matricula": "9010AF87D0F1FCB0AAE1560B63C773703D2207A299A992D278C0AB8B11A50B6C",
     "Latitud": 18.2459182,
     "Longitud": -71.4763281,
     "Distance": 1.705036311911649,
     "Pos_date": 1701392847000
}