{
     "Matricula": "9010AF87D0F1FCB0AAE1560B63C773703D2207A299A992D278C0AB8B11A50B6C",
     "Latitud": 20.2527419,
     "Longitud": -69.4717489,
     "Distance": 0.8982253942557986,
     "Pos_date": 1701392893000
}