{
     "Matricula": "C6FCE3D69653A0C262509EA6E8A244B4CB6921DD5E08BC3B5502FFC88D6AE9D1",
     "Latitud": 28.4412566,
     "Longitud": -16.3296666,
     "Distance": 0.0740265416730125,
     "Pos_date": 1701392977000
}