{
     "Matricula": "09146B272A3A4286F445DB065CDE7500601FEB1F28507C9639C44DBD771361FC",
     "Latitud": 39.2363921,
     "Longitud": -4.7439689000000005,
     "Distance": 1.036217703068142,
     "Pos_date": 1701392987000
}