{
     "Matricula": "5A0441657EC05DA320F373A5EF00D80490BB14853283225899B26A41E11FB993",
     "Latitud": 42.3425466,
     "Longitud": -9.4049383,
     "Distance": 0.7595721230561429,
     "Pos_date": 1701389198000
}