{
     "Matricula": "17EF290090A9EDE96C2B3EC2F6045398FD269B250C4FAAAD79710903A313A36C",
     "Latitud": 38.472755,
     "Longitud": -5.663236599999999,
     "Distance": 0.0131954789061313,
     "Pos_date": 1701392989010
}