{
     "Matricula": "17EF290090A9EDE96C2B3EC2F6045398FD269B250C4FAAAD79710903A313A36C",
     "Latitud": 39.472755,
     "Longitud": -4.663236599999999,
     "Distance": 0.0,
     "Pos_date": 1701392989020
}