{
     "Matricula": "819E6C37F3BADB27EB7E184F15B91B3B5C093D8FD55FF4082DDA5939D8713135",
     "Latitud": 40.3216733,
     "Longitud": 10.0570333,
     "Distance": 5.016759978630337,
     "Pos_date": 1701392994000
}