{
     "Matricula": "9E1AFCD5BA4E22A6760253B3D722E4263303C8E9629BB44029D4F9672DF44A13",
     "Latitud": 19.534667,
     "Longitud": -69.0136683,
     "Distance": 1.154551418918964,
     "Pos_date": 1701392801000
}