{
     "Matricula": "B63287228FC7EFF8199A3AD3348647347BD729F7F432C4450A1B02EDBDDB2B7E",
     "Latitud": 37.3837533,
     "Longitud": -6.55283,
     "Distance": 2.086163652250714,
     "Pos_date": 1701392994000
}