{
     "Matricula": "9E1AFCD5BA4E22A6760253B3D722E4263303C8E9629BB44029D4F9672DF44A13",
     "Latitud": 17.5199696,
     "Longitud": -71.0100756,
     "Distance": 1.341486287767032,
     "Pos_date": 1701392921000
}