{
     "Matricula": "892C6432846C97CB4EEB83A9979FCD72FD379EBD870EF8197E7D3198ED7FB843",
     "Latitud": 42.53048,
     "Longitud": 3.0889249,
     "Distance": 0.0,
     "Pos_date": 1701393000000
}