{
     "Matricula": "AF69B29555A2B9300AD69F0DD4A23363815A6F6F738E2101803859FC7837E341",
     "Latitud": 42.258685,
     "Longitud": -3.9176633,
     "Distance": 0.1392803780467238,
     "Pos_date": 1701389197000
}