{
     "Matricula": "E0047EE446AB648BEA8D01836B0FBDBA466C8C19A4EFA5788990BB1D505D5919",
     "Latitud": 41.121658333333336,
     "Longitud": 1.1929333333333334,
     "Distance": 0.0056606843067661,
     "Pos_date": 1701393001000
}