{
     "Matricula": "DE270AC86D7A5AF5255D130A15B83A4A5536E712ACBDAC6B87A8638D9EF9B2E6",
     "Latitud": 40.4578816,
     "Longitud": -3.6177516,
     "Distance": 0.2364931417571471,
     "Pos_date": 1701393002000
}