{
     "Matricula": "B376D69E11972366C72E37CBE81B7693F0A20F60788484249732048A390468A6",
     "Latitud": 38.3860616,
     "Longitud": -4.852335,
     "Distance": 0.0,
     "Pos_date": 1701393001010
}