{
     "Matricula": "D9D9D59026E4C7569F2B1ED821BDDCFDB7CC5CA4D82B4EBC06EB64696AEE3346",
     "Latitud": 33.5681683,
     "Longitud": -114.33462,
     "Distance": 0.2209253391178468,
     "Pos_date": 1701389202000
}