{
     "Matricula": "DE270AC86D7A5AF5255D130A15B83A4A5536E712ACBDAC6B87A8638D9EF9B2E6",
     "Latitud": 41.4578566,
     "Longitud": -2.6170366,
     "Distance": 0.060557472482034,
     "Pos_date": 1701393010000
}