{
     "Matricula": "D690A42B4F6881C041AAB9AA34E095E67C30D183992E7BDF42CA7CE8B0A0DFF7",
     "Latitud": 28.0241533,
     "Longitud": -15.3903616,
     "Distance": 1.2337342063317795,
     "Pos_date": 1701393010000
}