{
     "Matricula": "F0F277EEF5C8728A87E6D8DB3BE1C61B1BF6A0298E08B5EB4F4464F79596D79A",
     "Latitud": 39.4891866,
     "Longitud": 0.1651099999999998,
     "Distance": 0.2767901729156131,
     "Pos_date": 1701393015000
}