{
     "Matricula": "F28866C0CF5333C77C245F93F8BE91DB1615539BF1188E087D18FB6EC9040A51",
     "Latitud": 25.8592333,
     "Longitud": -17.3946283,
     "Distance": 0.1504621210040598,
     "Pos_date": 1701393017000
}