{
     "Matricula": "8B0FE8F5A3D03881366DD8F638A5D48BAB1174DC7DAFCA6E48EC624B6E1BFCBB",
     "Latitud": 38.31764,
     "Longitud": -5.8234683,
     "Distance": 0.0110067675376728,
     "Pos_date": 1701393015000
}