{
     "Matricula": "FF3C59B448620745BF18F32F614A1E7B43B32C7A89545EC541A90558D199D111",
     "Latitud": 39.9263175,
     "Longitud": -2.688404,
     "Distance": 0.9757235765580552,
     "Pos_date": 1701388834000
}