{
     "Matricula": "EB34054A93943641A4E6CBD287B277F5D4D8F767AF834440B2BBCB8F2C2AF036",
     "Latitud": 19.3386246,
     "Longitud": -70.9153169,
     "Distance": 0.8536396536198915,
     "Pos_date": 1701388852000
}