{
     "Matricula": "4CD3FCAC24AA17EB8A4985E4F997FD3730871E563B5536B369A38FB9F5E20CDB",
     "Latitud": -33.139828,
     "Longitud": -68.877906,
     "Distance": 3.254944460361969,
     "Pos_date": 1701392987000
}