{
     "Matricula": "4CD3FCAC24AA17EB8A4985E4F997FD3730871E563B5536B369A38FB9F5E20CDB",
     "Latitud": -33.137923,
     "Longitud": -68.878908,
     "Distance": 0.2314616894100465,
     "Pos_date": 1701392995000
}