{
     "Matricula": "C6FCE3D69653A0C262509EA6E8A244B4CB6921DD5E08BC3B5502FFC88D6AE9D1",
     "Latitud": 28.4392766,
     "Longitud": -16.3266183,
     "Distance": 0.0991886853718122,
     "Pos_date": 1701393020000
}