{
     "Matricula": "CB3976372FB0962DA9709A60F3C10C4B5416ED10B87D491AAAE44BAA2296C7E5",
     "Latitud": 42.7578566,
     "Longitud": -8.4336683,
     "Distance": 0.9060562672652228,
     "Pos_date": 1701393022000
}