{
     "Matricula": "EB34054A93943641A4E6CBD287B277F5D4D8F767AF834440B2BBCB8F2C2AF036",
     "Latitud": 18.3363023,
     "Longitud": -71.923795,
     "Distance": 0.9262620679298934,
     "Pos_date": 1701388915000
}