{
     "Matricula": "2E6DE46599917276EA118315105E20AEC32E0A63CDE37C796351602488BB3A89",
     "Latitud": 39.2564116,
     "Longitud": 9.0780566,
     "Distance": 0.0,
     "Pos_date": 1701393033000
}