{
     "Matricula": "C6FCE3D69653A0C262509EA6E8A244B4CB6921DD5E08BC3B5502FFC88D6AE9D1",
     "Latitud": 28.4392283,
     "Longitud": -16.3249066,
     "Distance": 0.1674499101124708,
     "Pos_date": 1701393035000
}