{
     "Matricula": "C6FCE3D69653A0C262509EA6E8A244B4CB6921DD5E08BC3B5502FFC88D6AE9D1",
     "Latitud": 29.4394366,
     "Longitud": -15.3249216,
     "Distance": 0.0232083236649654,
     "Pos_date": 1701393040000
}