{
     "Matricula": "8B0FE8F5A3D03881366DD8F638A5D48BAB1174DC7DAFCA6E48EC624B6E1BFCBB",
     "Latitud": 36.3172033,
     "Longitud": -7.8232899,
     "Distance": 0.0510573988926538,
     "Pos_date": 1701393039000
}