{
     "Matricula": "20D9E1AADD3EE292E10413E50100C20D4FB66215D8543D3574CAD4CA1296A73A",
     "Latitud": 19.5437006,
     "Longitud": -69.5077825,
     "Distance": 3.5484077522804687,
     "Pos_date": 1701393040000
}