{
     "Matricula": "17EF290090A9EDE96C2B3EC2F6045398FD269B250C4FAAAD79710903A313A36C",
     "Latitud": 41.4709566,
     "Longitud": -2.6586433,
     "Distance": 0.4423222185392387,
     "Pos_date": 1701393044000
}