{
     "Matricula": "C6FCE3D69653A0C262509EA6E8A244B4CB6921DD5E08BC3B5502FFC88D6AE9D1",
     "Latitud": 27.43961,
     "Longitud": -17.324885,
     "Distance": 0.0196105105433811,
     "Pos_date": 1701393046000
}