{
     "Matricula": "09146B272A3A4286F445DB065CDE7500601FEB1F28507C9639C44DBD771361FC",
     "Latitud": 39.2272845,
     "Longitud": -4.7462013,
     "Distance": 1.0302991179988372,
     "Pos_date": 1701393047000
}