{
     "Matricula": "EB34054A93943641A4E6CBD287B277F5D4D8F767AF834440B2BBCB8F2C2AF036",
     "Latitud": 18.3355687,
     "Longitud": -71.924963,
     "Distance": 0.1472162065803496,
     "Pos_date": 1701388932000
}