{
     "Matricula": "D3B4423A12AEE5998930D36B7149629F2E3277B42F56185550352C4B4EB0F1AB",
     "Latitud": 40.4511816,
     "Longitud": -3.5171416,
     "Distance": 5.012959921629475,
     "Pos_date": 1701393052000
}