{
     "Matricula": "17EF290090A9EDE96C2B3EC2F6045398FD269B250C4FAAAD79710903A313A36C",
     "Latitud": 41.4706783,
     "Longitud": -2.65793,
     "Distance": 0.0678109460018412,
     "Pos_date": 1701393055000
}