{
     "Matricula": "8B0FE8F5A3D03881366DD8F638A5D48BAB1174DC7DAFCA6E48EC624B6E1BFCBB",
     "Latitud": 37.3177366,
     "Longitud": -6.8206466,
     "Distance": 0.2411574223249402,
     "Pos_date": 1701393059000
}