{
     "Matricula": "17EF290090A9EDE96C2B3EC2F6045398FD269B250C4FAAAD79710903A313A36C",
     "Latitud": 40.4710533,
     "Longitud": -3.65777,
     "Distance": 0.0438396693246072,
     "Pos_date": 1701393060000
}