{
     "Matricula": "7EC070513C90F85CC0D9282F55D6418B5BE5ADD95DF1ADE195847F3C1C72A5B8",
     "Latitud": 17.432837,
     "Longitud": -71.4754804,
     "Distance": 0.5788014415507161,
     "Pos_date": 1701393064000
}