{
     "Matricula": "DE270AC86D7A5AF5255D130A15B83A4A5536E712ACBDAC6B87A8638D9EF9B2E6",
     "Latitud": 39.45847,
     "Longitud": -4.6163549,
     "Distance": 0.0893236959332629,
     "Pos_date": 1701393066000
}