{
     "Matricula": "F0F277EEF5C8728A87E6D8DB3BE1C61B1BF6A0298E08B5EB4F4464F79596D79A",
     "Latitud": 40.4874266,
     "Longitud": 1.1578433,
     "Distance": 0.5003860161435053,
     "Pos_date": 1701393072000
}