{
     "Matricula": "EB34054A93943641A4E6CBD287B277F5D4D8F767AF834440B2BBCB8F2C2AF036",
     "Latitud": 18.3351463,
     "Longitud": -71.9283098,
     "Distance": 0.3542845918418504,
     "Pos_date": 1701388972000
}