{
     "Matricula": "7E4A080157027B36C4D596160AC49CA6DBA51495D30AB66AC4B6C5D44B16E263",
     "Latitud": 32.6141766,
     "Longitud": -115.405465,
     "Distance": 0.1134569918085701,
     "Pos_date": 1701393072000
}