{
     "Matricula": "6066442343EEFE8AD80976BF33D09F16C7A9B1D724AE30C32A2605B46F13C28A",
     "Latitud": 56.9417556,
     "Longitud": -3.1377739,
     "Distance": 0.0028201733800317,
     "Pos_date": 1701392930000
}