{
     "Matricula": "6066442343EEFE8AD80976BF33D09F16C7A9B1D724AE30C32A2605B46F13C28A",
     "Latitud": 55.9416997,
     "Longitud": -4.1378277,
     "Distance": 0.0070612136292694,
     "Pos_date": 1701393034000
}