{
     "Matricula": "DE270AC86D7A5AF5255D130A15B83A4A5536E712ACBDAC6B87A8638D9EF9B2E6",
     "Latitud": 40.4582616,
     "Longitud": -3.6162333,
     "Distance": 0.0253541888358212,
     "Pos_date": 1701393084000
}