{
     "Matricula": "216988BB419507DFAB380C71C4795482CA90FC861D4C361F913B93203A57F5F6",
     "Latitud": 33.56461,
     "Longitud": -114.301055,
     "Distance": 0.1059349890650113,
     "Pos_date": 1701393089000
}