{
     "Matricula": "EB34054A93943641A4E6CBD287B277F5D4D8F767AF834440B2BBCB8F2C2AF036",
     "Latitud": 19.335731,
     "Longitud": -70.9349294,
     "Distance": 0.6975864592356225,
     "Pos_date": 1701389092000
}