{
     "Matricula": "B3C6B707FF586E09DD4455DAB6DEA799EC9DA501B0181ABE235EC1E192A20E3D",
     "Latitud": 42.7723752,
     "Longitud": 3.6732215,
     "Distance": 0.001123685143856,
     "Pos_date": 1701393094000
}