{
     "Matricula": "FF3C59B448620745BF18F32F614A1E7B43B32C7A89545EC541A90558D199D111",
     "Latitud": 38.0141787,
     "Longitud": -4.5635195,
     "Distance": 0.0041255448771022,
     "Pos_date": 1701393094000
}