{
     "Matricula": "F28866C0CF5333C77C245F93F8BE91DB1615539BF1188E087D18FB6EC9040A51",
     "Latitud": 27.8612966,
     "Longitud": -15.3986016,
     "Distance": 0.4529975008374174,
     "Pos_date": 1701393094000
}