{
     "Matricula": "B376D69E11972366C72E37CBE81B7693F0A20F60788484249732048A390468A6",
     "Latitud": 38.3865733,
     "Longitud": -4.8519116,
     "Distance": 0.0678180880334432,
     "Pos_date": 1701393093000
}