{
     "Matricula": "BDBDAA0BF1A202B5696855193C0EF1D4E19B4D7CB6BA5AA9702D68A52C897B12",
     "Latitud": 26.999155,
     "Longitud": -16.3903566,
     "Distance": 0.5357773275934709,
     "Pos_date": 1701393096000
}