{
     "Matricula": "C6FCE3D69653A0C262509EA6E8A244B4CB6921DD5E08BC3B5502FFC88D6AE9D1",
     "Latitud": 27.4409483,
     "Longitud": -17.318745,
     "Distance": 0.6185097495703467,
     "Pos_date": 1701393105000
}