{
     "Matricula": "23ED941E3ED5B0591B9F22826E331B2FCB3F1C8D49F661280801A3C964C2FBAE",
     "Latitud": 39.4685216,
     "Longitud": -6.394685,
     "Distance": 0.012080273251958,
     "Pos_date": 1701389211000
}