{
     "Matricula": "09146B272A3A4286F445DB065CDE7500601FEB1F28507C9639C44DBD771361FC",
     "Latitud": 40.2188088,
     "Longitud": -3.748199,
     "Distance": 0.9575961303507764,
     "Pos_date": 1701393107000
}