{
     "Matricula": "91F9AFDC6C1985163F8A761E33D2A8D932D808A4C7FD5A5F862EDF40F50CC4FF",
     "Latitud": 41.6081216,
     "Longitud": -4.7269033,
     "Distance": 0.059309218137493,
     "Pos_date": 1701393106000
}