{
     "Matricula": "184DBED595C6F20AB530A4BE4CBCF519BB96DD91510E147A00E67492DBD8EDE6",
     "Latitud": 35.238855,
     "Longitud": -5.6561033,
     "Distance": 3.778223941537421,
     "Pos_date": 1701393107000
}