{
     "Matricula": "516291E66CB7B610917EC0E831D1400378A69D1C8F3651431F5D95250A8D4E82",
     "Latitud": 44.8984599,
     "Longitud": 8.5813783,
     "Distance": 0.0144205054474754,
     "Pos_date": 1701393112000
}