{
     "Matricula": "730655A225241D534D1C78911ACA85AB05E607C709D7B9520443018F8A067709",
     "Latitud": 44.4183666,
     "Longitud": -2.8404966,
     "Distance": 2.9141046197003337,
     "Pos_date": 1701393112000
}