{
     "Matricula": "B376D69E11972366C72E37CBE81B7693F0A20F60788484249732048A390468A6",
     "Latitud": 38.3866983,
     "Longitud": -4.85355,
     "Distance": 0.1434760930014011,
     "Pos_date": 1701393116000
}