{
     "Matricula": "C6FCE3D69653A0C262509EA6E8A244B4CB6921DD5E08BC3B5502FFC88D6AE9D1",
     "Latitud": 26.4398366,
     "Longitud": -18.3185466,
     "Distance": 0.1251283966239684,
     "Pos_date": 1701393119000
}