{
     "Matricula": "E0047EE446AB648BEA8D01836B0FBDBA466C8C19A4EFA5788990BB1D505D5919",
     "Latitud": 40.12157166666667,
     "Longitud": 0.1927833333333333,
     "Distance": 0.0073757890024218,
     "Pos_date": 1701393121000
}