{
     "Matricula": "07F0F06AFDDE789E75C987F1E8AF8E5F48E72512AD4FC4FBD22D89D19D0618BC",
     "Latitud": 40.16569666666667,
     "Longitud": -9.620033333333334,
     "Distance": 0.0075431475253276,
     "Pos_date": 1701393126000
}