{
     "Matricula": "91F9AFDC6C1985163F8A761E33D2A8D932D808A4C7FD5A5F862EDF40F50CC4FF",
     "Latitud": 39.60912,
     "Longitud": -6.7262616,
     "Distance": 0.1166074518868439,
     "Pos_date": 1701393126000
}