{
     "Matricula": "B5E5F5D56EC1A0018326921D24E5E67A17CF2D0A2239D1E277F3A20E5B411114",
     "Latitud": 19.5957566,
     "Longitud": -69.1443982,
     "Distance": 0.7567204847021242,
     "Pos_date": 1701393130000
}