{
     "Matricula": "F28866C0CF5333C77C245F93F8BE91DB1615539BF1188E087D18FB6EC9040A51",
     "Latitud": 27.8598483,
     "Longitud": -15.3998883,
     "Distance": 0.2047803122106568,
     "Pos_date": 1701393131000
}