{
     "Matricula": "C6FCE3D69653A0C262509EA6E8A244B4CB6921DD5E08BC3B5502FFC88D6AE9D1",
     "Latitud": 29.4382366,
     "Longitud": -15.3191983,
     "Distance": 0.1889790660934314,
     "Pos_date": 1701393138000
}