{
     "Matricula": "184DBED595C6F20AB530A4BE4CBCF519BB96DD91510E147A00E67492DBD8EDE6",
     "Latitud": 39.24019,
     "Longitud": -1.6510766,
     "Distance": 0.4690901895760734,
     "Pos_date": 1701393137000
}