{
     "Matricula": "242A2619487D11B7DAE7B8DC7730724E8A3708B59E8801E1A5DF010C57736FCD",
     "Latitud": 39.462685,
     "Longitud": -0.3630466,
     "Distance": 0.0,
     "Pos_date": 1701389210010
}