{
     "Matricula": "B376D69E11972366C72E37CBE81B7693F0A20F60788484249732048A390468A6",
     "Latitud": 37.3861466,
     "Longitud": -5.8542099,
     "Distance": 0.0840922383849285,
     "Pos_date": 1701393137000
}