{
     "Matricula": "7E4A080157027B36C4D596160AC49CA6DBA51495D30AB66AC4B6C5D44B16E263",
     "Latitud": 32.609105,
     "Longitud": -115.405505,
     "Distance": 0.5639494141625916,
     "Pos_date": 1701393137000
}