{
     "Matricula": "B81D5D3C0ABD5651D35460611801239A551537387FEDC8EFD43EC51B6EE751A2",
     "Latitud": 17.5703263,
     "Longitud": -71.0954031,
     "Distance": 2.1508209760014347,
     "Pos_date": 1701392958000
}