{
     "Matricula": "B81D5D3C0ABD5651D35460611801239A551537387FEDC8EFD43EC51B6EE751A2",
     "Latitud": 18.5645256,
     "Longitud": -70.0768015,
     "Distance": 2.0641119114635544,
     "Pos_date": 1701393078000
}