{
     "Matricula": "C6FCE3D69653A0C262509EA6E8A244B4CB6921DD5E08BC3B5502FFC88D6AE9D1",
     "Latitud": 29.4376666,
     "Longitud": -15.3189866,
     "Distance": 0.0666756739449806,
     "Pos_date": 1701393151000
}