{
     "Matricula": "819E6C37F3BADB27EB7E184F15B91B3B5C093D8FD55FF4082DDA5939D8713135",
     "Latitud": 39.2782133,
     "Longitud": 9.07223,
     "Distance": 5.006329407736178,
     "Pos_date": 1701393159000
}