{
     "Matricula": "09146B272A3A4286F445DB065CDE7500601FEB1F28507C9639C44DBD771361FC",
     "Latitud": 41.2120771,
     "Longitud": -2.7489342,
     "Distance": 0.7511305579807444,
     "Pos_date": 1701393167000
}