{
     "Matricula": "B5E5F5D56EC1A0018326921D24E5E67A17CF2D0A2239D1E277F3A20E5B411114",
     "Latitud": 19.5939757,
     "Longitud": -69.134952,
     "Distance": 1.0150426576307678,
     "Pos_date": 1701393171000
}