{
     "Matricula": "C6FCE3D69653A0C262509EA6E8A244B4CB6921DD5E08BC3B5502FFC88D6AE9D1",
     "Latitud": 28.435265,
     "Longitud": -16.3199033,
     "Distance": 0.2816875281376498,
     "Pos_date": 1701393176000
}