{
     "Matricula": "AF69B29555A2B9300AD69F0DD4A23363815A6F6F738E2101803859FC7837E341",
     "Latitud": 43.2590033,
     "Longitud": -2.9173633,
     "Distance": 0.0429288200517167,
     "Pos_date": 1701389205000
}