{
     "Matricula": "E0047EE446AB648BEA8D01836B0FBDBA466C8C19A4EFA5788990BB1D505D5919",
     "Latitud": 42.12157166666667,
     "Longitud": 2.1928,
     "Distance": 0.0013960835866283,
     "Pos_date": 1701393181000
}