{
     "Matricula": "184DBED595C6F20AB530A4BE4CBCF519BB96DD91510E147A00E67492DBD8EDE6",
     "Latitud": 37.2362733,
     "Longitud": -3.6470566,
     "Distance": 0.5624237572024198,
     "Pos_date": 1701393179000
}