{
     "Matricula": "E8D5D7745EE18927FC55BAD5FD79EA2AE5C9C781209D76F070370B1DB612B47A",
     "Latitud": 43.27343,
     "Longitud": -5.8102816,
     "Distance": 0.0135079037440768,
     "Pos_date": 1701393185000
}