{
     "Matricula": "17EF290090A9EDE96C2B3EC2F6045398FD269B250C4FAAAD79710903A313A36C",
     "Latitud": 40.4808216,
     "Longitud": -3.650195,
     "Distance": 1.261081394995056,
     "Pos_date": 1701393186000
}