{
     "Matricula": "184DBED595C6F20AB530A4BE4CBCF519BB96DD91510E147A00E67492DBD8EDE6",
     "Latitud": 36.2358283,
     "Longitud": -4.6475183,
     "Distance": 0.064180047055714,
     "Pos_date": 1701393189000
}