{
     "Matricula": "B376D69E11972366C72E37CBE81B7693F0A20F60788484249732048A390468A6",
     "Latitud": 38.38684,
     "Longitud": -4.85911,
     "Distance": 0.433992390427473,
     "Pos_date": 1701393190000
}