{
     "Matricula": "B376D69E11972366C72E37CBE81B7693F0A20F60788484249732048A390468A6",
     "Latitud": 38.3867483,
     "Longitud": -4.8591216,
     "Distance": 0.0102465911309262,
     "Pos_date": 1701393194000
}