{
     "Matricula": "B81D5D3C0ABD5651D35460611801239A551537387FEDC8EFD43EC51B6EE751A2",
     "Latitud": 18.7502607,
     "Longitud": -70.2338722,
     "Distance": 3.1188801665050745,
     "Pos_date": 1701388998000
}