{
     "Matricula": "730655A225241D534D1C78911ACA85AB05E607C709D7B9520443018F8A067709",
     "Latitud": 44.4107516,
     "Longitud": -2.8358666,
     "Distance": 0.9256585119871572,
     "Pos_date": 1701393196000
}