{
     "Matricula": "730655A225241D534D1C78911ACA85AB05E607C709D7B9520443018F8A067709",
     "Latitud": 42.410845,
     "Longitud": -4.835625,
     "Distance": 0.0221071431102956,
     "Pos_date": 1701393199000
}