{
     "Matricula": "81486AACFBE20A1A64655FD2B79DD456B68E4AB7452D1E1295D6FEDCD52DD526",
     "Latitud": 27.862425,
     "Longitud": -15.4042766,
     "Distance": 1.317940940540569,
     "Pos_date": 1701393192000
}