{
     "Matricula": "4CD3FCAC24AA17EB8A4985E4F997FD3730871E563B5536B369A38FB9F5E20CDB",
     "Latitud": -32.10617,
     "Longitud": -67.879771,
     "Distance": 3.531691947719482,
     "Pos_date": 1701393115000
}