{
     "Matricula": "F28866C0CF5333C77C245F93F8BE91DB1615539BF1188E087D18FB6EC9040A51",
     "Latitud": 29.8632166,
     "Longitud": -13.4058533,
     "Distance": 0.6957970622350768,
     "Pos_date": 1701393207000
}