{
     "Matricula": "D690A42B4F6881C041AAB9AA34E095E67C30D183992E7BDF42CA7CE8B0A0DFF7",
     "Latitud": 28.0516133,
     "Longitud": -15.4308733,
     "Distance": 5.013188640065955,
     "Pos_date": 1701393203000
}