{
     "Matricula": "819E6C37F3BADB27EB7E184F15B91B3B5C093D8FD55FF4082DDA5939D8713135",
     "Latitud": 39.2700133,
     "Longitud": 9.08083,
     "Distance": 1.1744754821527137,
     "Pos_date": 1701393209000
}