{
     "Matricula": "39A7C03D597FA1866B013468871534F511F50FC1679C2A121B1A0A2E965C4635",
     "Latitud": 44.7363066,
     "Longitud": -5.04647,
     "Distance": 1.7220269275063602,
     "Pos_date": 1701388831000
}