{
     "Matricula": "B81D5D3C0ABD5651D35460611801239A551537387FEDC8EFD43EC51B6EE751A2",
     "Latitud": 18.7196203,
     "Longitud": -70.2311943,
     "Distance": 3.4187116126335764,
     "Pos_date": 1701389118000
}