{
     "Matricula": "B3C6B707FF586E09DD4455DAB6DEA799EC9DA501B0181ABE235EC1E192A20E3D",
     "Latitud": 40.7723516,
     "Longitud": 1.6732239999999998,
     "Distance": 0.0026323808041789,
     "Pos_date": 1701393214000
}