{
     "Matricula": "184DBED595C6F20AB530A4BE4CBCF519BB96DD91510E147A00E67492DBD8EDE6",
     "Latitud": 38.23622,
     "Longitud": -2.6480516,
     "Distance": 0.0642340656303582,
     "Pos_date": 1701393209000
}