{
     "Matricula": "B376D69E11972366C72E37CBE81B7693F0A20F60788484249732048A390468A6",
     "Latitud": 37.3852333,
     "Longitud": -5.8571783,
     "Distance": 0.2388884724267369,
     "Pos_date": 1701393212000
}