{
     "Matricula": "9010AF87D0F1FCB0AAE1560B63C773703D2207A299A992D278C0AB8B11A50B6C",
     "Latitud": 19.2670939,
     "Longitud": -70.4576045,
     "Distance": 2.179753287854112,
     "Pos_date": 1701393013000
}