{
     "Matricula": "9010AF87D0F1FCB0AAE1560B63C773703D2207A299A992D278C0AB8B11A50B6C",
     "Latitud": 19.2794336,
     "Longitud": -70.4435569,
     "Distance": 0.6087676906015271,
     "Pos_date": 1701393117000
}