{
     "Matricula": "F0F277EEF5C8728A87E6D8DB3BE1C61B1BF6A0298E08B5EB4F4464F79596D79A",
     "Latitud": 43.469125,
     "Longitud": 4.1669283,
     "Distance": 2.1414074273170685,
     "Pos_date": 1701393212000
}