{
     "Matricula": "79FAC09BD0C0202DF4FA067B1C35E780A118C5B4C4641D16D8175F1A069598F8",
     "Latitud": 38.6230983,
     "Longitud": -9.12203,
     "Distance": 0.1097922891575921,
     "Pos_date": 1701389216000
}