{
     "Matricula": "9010AF87D0F1FCB0AAE1560B63C773703D2207A299A992D278C0AB8B11A50B6C",
     "Latitud": 18.2814149,
     "Longitud": -71.441146,
     "Distance": 0.3355121989383964,
     "Pos_date": 1701393133000
}