{
     "Matricula": "91F9AFDC6C1985163F8A761E33D2A8D932D808A4C7FD5A5F862EDF40F50CC4FF",
     "Latitud": 40.6139133,
     "Longitud": -5.7094916,
     "Distance": 1.492607423869407,
     "Pos_date": 1701393213000
}