{
     "Matricula": "81486AACFBE20A1A64655FD2B79DD456B68E4AB7452D1E1295D6FEDCD52DD526",
     "Latitud": 28.8632266,
     "Longitud": -14.4059699,
     "Distance": 0.1888207034640614,
     "Pos_date": 1701393217000
}