{
     "Matricula": "09146B272A3A4286F445DB065CDE7500601FEB1F28507C9639C44DBD771361FC",
     "Latitud": 41.2045653,
     "Longitud": -2.7493798,
     "Distance": 0.8361319010756794,
     "Pos_date": 1701393227000
}