{
     "Matricula": "730655A225241D534D1C78911ACA85AB05E607C709D7B9520443018F8A067709",
     "Latitud": 42.4116533,
     "Longitud": -4.8334833,
     "Distance": 0.1949536256860479,
     "Pos_date": 1701393222000
}