{
     "Matricula": "D690A42B4F6881C041AAB9AA34E095E67C30D183992E7BDF42CA7CE8B0A0DFF7",
     "Latitud": 29.0549533,
     "Longitud": -14.4342183,
     "Distance": 0.4956593794126987,
     "Pos_date": 1701393224000
}