{
     "Matricula": "20D9E1AADD3EE292E10413E50100C20D4FB66215D8543D3574CAD4CA1296A73A",
     "Latitud": 19.6396833,
     "Longitud": -69.5424584,
     "Distance": 11.28116354576091,
     "Pos_date": 1701393232000
}