{
     "Matricula": "8B0FE8F5A3D03881366DD8F638A5D48BAB1174DC7DAFCA6E48EC624B6E1BFCBB",
     "Latitud": 38.3249166,
     "Longitud": -5.8116966,
     "Distance": 0.5462973625821228,
     "Pos_date": 1701393235000
}