{
     "Matricula": "EFBFEA45FDDA61154A0E59ABA3E3934E7C85941EEFAEFB7062482EFF192DCC74",
     "Latitud": 28.910125,
     "Longitud": -14.5400533,
     "Distance": 1.1816554458151398,
     "Pos_date": 1701389214000
}