{
     "Matricula": "730655A225241D534D1C78911ACA85AB05E607C709D7B9520443018F8A067709",
     "Latitud": 43.4103116,
     "Longitud": -3.8325883,
     "Distance": 0.165784194071367,
     "Pos_date": 1701393242000
}