{
     "Matricula": "7EC070513C90F85CC0D9282F55D6418B5BE5ADD95DF1ADE195847F3C1C72A5B8",
     "Latitud": 19.4504334,
     "Longitud": -69.4734343,
     "Distance": 0.454148758335905,
     "Pos_date": 1701393244000
}