{
     "Matricula": "B63287228FC7EFF8199A3AD3348647347BD729F7F432C4450A1B02EDBDDB2B7E",
     "Latitud": 36.3832249,
     "Longitud": -7.553795,
     "Distance": 0.0956714718897464,
     "Pos_date": 1701393243000
}