{
     "Matricula": "9E1AFCD5BA4E22A6760253B3D722E4263303C8E9629BB44029D4F9672DF44A13",
     "Latitud": 18.5083328,
     "Longitud": -70.0061607,
     "Distance": 1.3582021688256274,
     "Pos_date": 1701393011000
}