{
     "Matricula": "9E1AFCD5BA4E22A6760253B3D722E4263303C8E9629BB44029D4F9672DF44A13",
     "Latitud": 18.5047038,
     "Longitud": -70.0015387,
     "Distance": 0.6327400571707587,
     "Pos_date": 1701393041000
}