{
     "Matricula": "9E1AFCD5BA4E22A6760253B3D722E4263303C8E9629BB44029D4F9672DF44A13",
     "Latitud": 17.4892892,
     "Longitud": -70.9813351,
     "Distance": 2.7343844501524743,
     "Pos_date": 1701393161000
}