{
     "Matricula": "892C6432846C97CB4EEB83A9979FCD72FD379EBD870EF8197E7D3198ED7FB843",
     "Latitud": 40.5304616,
     "Longitud": 1.0889015999999998,
     "Distance": 0.0,
     "Pos_date": 1701393250000
}