{
     "Matricula": "730655A225241D534D1C78911ACA85AB05E607C709D7B9520443018F8A067709",
     "Latitud": 43.4101516,
     "Longitud": -3.8327633,
     "Distance": 0.0227234992565104,
     "Pos_date": 1701393250000
}