{
     "Matricula": "B552A6A633BDA3272B8840DEFAFA97AF693265E69D46098DB86823F714D205DF",
     "Latitud": 41.4617916,
     "Longitud": -5.8106316,
     "Distance": 0.0167211819808679,
     "Pos_date": 1701393238000
}