{
     "Matricula": "B552A6A633BDA3272B8840DEFAFA97AF693265E69D46098DB86823F714D205DF",
     "Latitud": 44.4618233,
     "Longitud": -2.8107049,
     "Distance": 0.0068864767050292,
     "Pos_date": 1701393241000
}