{
     "Matricula": "17EF290090A9EDE96C2B3EC2F6045398FD269B250C4FAAAD79710903A313A36C",
     "Latitud": 41.4737583,
     "Longitud": -2.6336683,
     "Distance": 1.6033954533917556,
     "Pos_date": 1701393265000
}