{
     "Matricula": "D690A42B4F6881C041AAB9AA34E095E67C30D183992E7BDF42CA7CE8B0A0DFF7",
     "Latitud": 27.0601533,
     "Longitud": -16.4407666,
     "Distance": 0.8644195978348136,
     "Pos_date": 1701393263000
}