{
     "Matricula": "730655A225241D534D1C78911ACA85AB05E607C709D7B9520443018F8A067709",
     "Latitud": 42.4096533,
     "Longitud": -4.831955,
     "Distance": 0.0856346551351455,
     "Pos_date": 1701393268000
}