{
     "Matricula": "FF3C59B448620745BF18F32F614A1E7B43B32C7A89545EC541A90558D199D111",
     "Latitud": 37.0141265,
     "Longitud": -5.5634847,
     "Distance": 0.0027534279238479,
     "Pos_date": 1701393274000
}