{
     "Matricula": "7EC070513C90F85CC0D9282F55D6418B5BE5ADD95DF1ADE195847F3C1C72A5B8",
     "Latitud": 18.4531885,
     "Longitud": -70.4768463,
     "Distance": 0.4726260405075538,
     "Pos_date": 1701393275000
}