{
     "Matricula": "679E1E2CF2BC6497342347D4B137CD3DC0C80EAF38A97781ADB848F40E7923FB",
     "Latitud": 38.5679566,
     "Longitud": 1.7105983,
     "Distance": 4.3763442286135446,
     "Pos_date": 1701389218000
}