{
     "Matricula": "730655A225241D534D1C78911ACA85AB05E607C709D7B9520443018F8A067709",
     "Latitud": 42.4096916,
     "Longitud": -4.8320050000000005,
     "Distance": 0.0058694210083053,
     "Pos_date": 1701393280000
}