{
     "Matricula": "892C6432846C97CB4EEB83A9979FCD72FD379EBD870EF8197E7D3198ED7FB843",
     "Latitud": 41.5305,
     "Longitud": 2.0888366,
     "Distance": 0.0068925505684887,
     "Pos_date": 1701393280000
}