{
     "Matricula": "B376D69E11972366C72E37CBE81B7693F0A20F60788484249732048A390468A6",
     "Latitud": 37.3807483,
     "Longitud": -5.8516783,
     "Distance": 0.6917618711956638,
     "Pos_date": 1701393279000
}