{
     "Matricula": "5471D4E9DBCD688F2DFC585A49AF6C88AA5C7A0B25A4EB1A3F155A715384447C",
     "Latitud": 40.5086933,
     "Longitud": -3.3554916,
     "Distance": 0.0177211323655813,
     "Pos_date": 1701392971000
}