{
     "Matricula": "5471D4E9DBCD688F2DFC585A49AF6C88AA5C7A0B25A4EB1A3F155A715384447C",
     "Latitud": 41.5087649,
     "Longitud": -2.355535,
     "Distance": 0.0087663647105669,
     "Pos_date": 1701392985000
}