{
     "Matricula": "5471D4E9DBCD688F2DFC585A49AF6C88AA5C7A0B25A4EB1A3F155A715384447C",
     "Latitud": 39.5087866,
     "Longitud": -4.3556,
     "Distance": 0.0060016699990437,
     "Pos_date": 1701393013000
}