{
     "Matricula": "5471D4E9DBCD688F2DFC585A49AF6C88AA5C7A0B25A4EB1A3F155A715384447C",
     "Latitud": 41.5086716,
     "Longitud": -2.3555683,
     "Distance": 0.013065253241139,
     "Pos_date": 1701393026000
}