{
     "Matricula": "5471D4E9DBCD688F2DFC585A49AF6C88AA5C7A0B25A4EB1A3F155A715384447C",
     "Latitud": 40.5085016,
     "Longitud": -3.3555583,
     "Distance": 0.0189220596221666,
     "Pos_date": 1701393064000
}