{
     "Matricula": "B376D69E11972366C72E37CBE81B7693F0A20F60788484249732048A390468A6",
     "Latitud": 37.3806766,
     "Longitud": -5.8517116,
     "Distance": 0.008484633758289,
     "Pos_date": 1701393285000
}