{
     "Matricula": "730655A225241D534D1C78911ACA85AB05E607C709D7B9520443018F8A067709",
     "Latitud": 44.4096616,
     "Longitud": -2.8320966,
     "Distance": 0.0081165187960732,
     "Pos_date": 1701393285000
}