{
     "Matricula": "D3B4423A12AEE5998930D36B7149629F2E3277B42F56185550352C4B4EB0F1AB",
     "Latitud": 40.4663549,
     "Longitud": -3.461375,
     "Distance": 5.010747911164698,
     "Pos_date": 1701393279000
}