{
     "Matricula": "5471D4E9DBCD688F2DFC585A49AF6C88AA5C7A0B25A4EB1A3F155A715384447C",
     "Latitud": 39.5083933,
     "Longitud": -4.355628299999999,
     "Distance": 0.0209948039391376,
     "Pos_date": 1701393101000
}