{
     "Matricula": "5471D4E9DBCD688F2DFC585A49AF6C88AA5C7A0B25A4EB1A3F155A715384447C",
     "Latitud": 40.5087616,
     "Longitud": -3.35574,
     "Distance": 0.0073134654206941,
     "Pos_date": 1701393213000
}