{
     "Matricula": "5471D4E9DBCD688F2DFC585A49AF6C88AA5C7A0B25A4EB1A3F155A715384447C",
     "Latitud": 40.50877,
     "Longitud": -3.3557533,
     "Distance": 0.0014617569915546,
     "Pos_date": 1701393219000
}