{
     "Matricula": "5471D4E9DBCD688F2DFC585A49AF6C88AA5C7A0B25A4EB1A3F155A715384447C",
     "Latitud": 40.5086499,
     "Longitud": -3.35576,
     "Distance": 0.0133665364322556,
     "Pos_date": 1701393225000
}