{
     "Matricula": "5471D4E9DBCD688F2DFC585A49AF6C88AA5C7A0B25A4EB1A3F155A715384447C",
     "Latitud": 40.50765,
     "Longitud": -3.3560916,
     "Distance": 0.114663884494007,
     "Pos_date": 1701393255000
}