{
     "Matricula": "5471D4E9DBCD688F2DFC585A49AF6C88AA5C7A0B25A4EB1A3F155A715384447C",
     "Latitud": 40.507735,
     "Longitud": -3.3572516,
     "Distance": 0.0985250952335414,
     "Pos_date": 1701393284000
}