{
     "Matricula": "7EC070513C90F85CC0D9282F55D6418B5BE5ADD95DF1ADE195847F3C1C72A5B8",
     "Latitud": 19.4554356,
     "Longitud": -69.4767091,
     "Distance": 0.2502851834099053,
     "Pos_date": 1701393291000
}