{
     "Matricula": "F28866C0CF5333C77C245F93F8BE91DB1615539BF1188E087D18FB6EC9040A51",
     "Latitud": 28.8584033,
     "Longitud": -14.4097066,
     "Distance": 0.6557031414913103,
     "Pos_date": 1701393292000
}