{
     "Matricula": "892C6432846C97CB4EEB83A9979FCD72FD379EBD870EF8197E7D3198ED7FB843",
     "Latitud": 41.5302099,
     "Longitud": 2.0879833,
     "Distance": 0.0750632676312385,
     "Pos_date": 1701393300000
}