{
     "Matricula": "E0047EE446AB648BEA8D01836B0FBDBA466C8C19A4EFA5788990BB1D505D5919",
     "Latitud": 41.12151833333333,
     "Longitud": 1.1928,
     "Distance": 0.0017847932197366,
     "Pos_date": 1701393301000
}