{
     "Matricula": "4CD3FCAC24AA17EB8A4985E4F997FD3730871E563B5536B369A38FB9F5E20CDB",
     "Latitud": -34.074958,
     "Longitud": -69.873598,
     "Distance": 3.5179430961994558,
     "Pos_date": 1701393235000
}