{
     "Matricula": "91F9AFDC6C1985163F8A761E33D2A8D932D808A4C7FD5A5F862EDF40F50CC4FF",
     "Latitud": 40.6211933,
     "Longitud": -5.6922916,
     "Distance": 1.6430656799290462,
     "Pos_date": 1701393303000
}