{
     "Matricula": "07F0F06AFDDE789E75C987F1E8AF8E5F48E72512AD4FC4FBD22D89D19D0618BC",
     "Latitud": 41.16578666666667,
     "Longitud": -8.6201,
     "Distance": 0.005238667394009,
     "Pos_date": 1701393306000
}