{
     "Matricula": "81486AACFBE20A1A64655FD2B79DD456B68E4AB7452D1E1295D6FEDCD52DD526",
     "Latitud": 27.8584083,
     "Longitud": -15.40972,
     "Distance": 0.6503529240522135,
     "Pos_date": 1701393307000
}