{
     "Matricula": "91F9AFDC6C1985163F8A761E33D2A8D932D808A4C7FD5A5F862EDF40F50CC4FF",
     "Latitud": 41.6203983,
     "Longitud": -4.6923666,
     "Distance": 0.0886196525525787,
     "Pos_date": 1701393311000
}