{
     "Matricula": "D9D9D59026E4C7569F2B1ED821BDDCFDB7CC5CA4D82B4EBC06EB64696AEE3346",
     "Latitud": 31.5662516,
     "Longitud": -116.3292716,
     "Distance": 0.5446355100957656,
     "Pos_date": 1701389222000
}