{
     "Matricula": "D3B4423A12AEE5998930D36B7149629F2E3277B42F56185550352C4B4EB0F1AB",
     "Latitud": 40.4658316,
     "Longitud": -3.455355,
     "Distance": 0.5125821492865784,
     "Pos_date": 1701393314000
}