{
     "Matricula": "7EC070513C90F85CC0D9282F55D6418B5BE5ADD95DF1ADE195847F3C1C72A5B8",
     "Latitud": 18.4578696,
     "Longitud": -70.4784778,
     "Distance": 0.1801813397977498,
     "Pos_date": 1701393321000
}