{
     "Matricula": "892C6432846C97CB4EEB83A9979FCD72FD379EBD870EF8197E7D3198ED7FB843",
     "Latitud": 41.52908,
     "Longitud": 2.0876683,
     "Distance": 0.128346378534652,
     "Pos_date": 1701393321000
}