{
     "Matricula": "B376D69E11972366C72E37CBE81B7693F0A20F60788484249732048A390468A6",
     "Latitud": 37.3775066,
     "Longitud": -5.85302,
     "Distance": 0.3704802743639771,
     "Pos_date": 1701393329000
}