{
     "Matricula": "91F9AFDC6C1985163F8A761E33D2A8D932D808A4C7FD5A5F862EDF40F50CC4FF",
     "Latitud": 41.6196533,
     "Longitud": -4.6932433,
     "Distance": 0.1103334549730699,
     "Pos_date": 1701393331000
}