{
     "Matricula": "07F0F06AFDDE789E75C987F1E8AF8E5F48E72512AD4FC4FBD22D89D19D0618BC",
     "Latitud": 42.165775,
     "Longitud": -7.620133333333333,
     "Distance": 0.0090809315531807,
     "Pos_date": 1701389225000
}