{
     "Matricula": "D3B4423A12AEE5998930D36B7149629F2E3277B42F56185550352C4B4EB0F1AB",
     "Latitud": 40.46337,
     "Longitud": -3.4565816,
     "Distance": 0.2927272084123004,
     "Pos_date": 1701393345000
}