{
     "Matricula": "09146B272A3A4286F445DB065CDE7500601FEB1F28507C9639C44DBD771361FC",
     "Latitud": 40.1887147,
     "Longitud": -3.7502887,
     "Distance": 0.8717624652728573,
     "Pos_date": 1701393347000
}