{
     "Matricula": "19CB2C27AEA2A6C6C4DBAAB759FC3A4D6FC7A80E197BBA6B9814F7F04708C407",
     "Latitud": 41.4853983,
     "Longitud": -9.8733383,
     "Distance": 0.0,
     "Pos_date": 1701393345000
}