{
     "Matricula": "892C6432846C97CB4EEB83A9979FCD72FD379EBD870EF8197E7D3198ED7FB843",
     "Latitud": 40.5305583,
     "Longitud": 1.0878316,
     "Distance": 0.1646619534553376,
     "Pos_date": 1701393351000
}