{
     "Matricula": "B376D69E11972366C72E37CBE81B7693F0A20F60788484249732048A390468A6",
     "Latitud": 39.3753716,
     "Longitud": -3.8525583,
     "Distance": 0.2407888884144954,
     "Pos_date": 1701393358000
}