{
     "Matricula": "E0047EE446AB648BEA8D01836B0FBDBA466C8C19A4EFA5788990BB1D505D5919",
     "Latitud": 40.12153333333333,
     "Longitud": 0.1928166666666666,
     "Distance": 0.0021750930834989,
     "Pos_date": 1701393361000
}