{
     "Matricula": "17EF290090A9EDE96C2B3EC2F6045398FD269B250C4FAAAD79710903A313A36C",
     "Latitud": 40.458405,
     "Longitud": -3.6182516,
     "Distance": 2.1483693659370293,
     "Pos_date": 1701393358000
}