{
     "Matricula": "7EC070513C90F85CC0D9282F55D6418B5BE5ADD95DF1ADE195847F3C1C72A5B8",
     "Latitud": 18.4651228,
     "Longitud": -70.4786575,
     "Distance": 0.806742830397929,
     "Pos_date": 1701393364000
}