{
     "Matricula": "C45D1B997E2C771440AD44B4EC93794F1E6FE175EE49F8D49415BD1213ED4507",
     "Latitud": 41.3852033,
     "Longitud": 2.1408549,
     "Distance": 0.0879263075592783,
     "Pos_date": 1701388806000
}