{
     "Matricula": "508F5591B74AE64243D2DCF64C584E049B90F347F02FFCBC647164BB8D2FE9F7",
     "Latitud": 18.3613407,
     "Longitud": -71.6022584,
     "Distance": 1.2655201123614552,
     "Pos_date": 1701388801000
}