{
     "Matricula": "F4AE0241D1A98FCCB07393881F2EB5F012112A9453EE549C474D6C427E650864",
     "Latitud": 37.35865,
     "Longitud": -2.2695783,
     "Distance": 0.2121148428159616,
     "Pos_date": 1701389224000
}