{
     "Matricula": "07F0F06AFDDE789E75C987F1E8AF8E5F48E72512AD4FC4FBD22D89D19D0618BC",
     "Latitud": 41.165755,
     "Longitud": -8.6201,
     "Distance": 0.0035211775414479,
     "Pos_date": 1701393366000
}