{
     "Matricula": "B552A6A633BDA3272B8840DEFAFA97AF693265E69D46098DB86823F714D205DF",
     "Latitud": 44.4587783,
     "Longitud": -2.8253449,
     "Distance": 1.2291643841547892,
     "Pos_date": 1701393369000
}