{
     "Matricula": "5471D4E9DBCD688F2DFC585A49AF6C88AA5C7A0B25A4EB1A3F155A715384447C",
     "Latitud": 39.5077949,
     "Longitud": -4.35726,
     "Distance": 0.0066983380690768,
     "Pos_date": 1701393370000
}