{
     "Matricula": "17EF290090A9EDE96C2B3EC2F6045398FD269B250C4FAAAD79710903A313A36C",
     "Latitud": 40.4578166,
     "Longitud": -3.6169783,
     "Distance": 0.1260407222928347,
     "Pos_date": 1701393373000
}