{
     "Matricula": "819E6C37F3BADB27EB7E184F15B91B3B5C093D8FD55FF4082DDA5939D8713135",
     "Latitud": 38.2514933,
     "Longitud": 8.1140566,
     "Distance": 3.524800896383904,
     "Pos_date": 1701393375000
}