{
     "Matricula": "B81D5D3C0ABD5651D35460611801239A551537387FEDC8EFD43EC51B6EE751A2",
     "Latitud": 17.5492691,
     "Longitud": -71.047485,
     "Distance": 1.4487770883089768,
     "Pos_date": 1701393318000
}