{
     "Matricula": "5471D4E9DBCD688F2DFC585A49AF6C88AA5C7A0B25A4EB1A3F155A715384447C",
     "Latitud": 41.5079499,
     "Longitud": -2.357635,
     "Distance": 0.0360857955724787,
     "Pos_date": 1701393382000
}