{
     "Matricula": "7EC070513C90F85CC0D9282F55D6418B5BE5ADD95DF1ADE195847F3C1C72A5B8",
     "Latitud": 18.4679878,
     "Longitud": -70.4805694,
     "Distance": 0.0945449792986762,
     "Pos_date": 1701393386000
}