{
     "Matricula": "D3B4423A12AEE5998930D36B7149629F2E3277B42F56185550352C4B4EB0F1AB",
     "Latitud": 40.4607033,
     "Longitud": -3.4577133,
     "Distance": 0.3115978154970825,
     "Pos_date": 1701393389000
}