{
     "Matricula": "FF3C59B448620745BF18F32F614A1E7B43B32C7A89545EC541A90558D199D111",
     "Latitud": 39.014138,
     "Longitud": -3.5634755,
     "Distance": 0.0013195462828919,
     "Pos_date": 1701393394000
}