{
     "Matricula": "4CD3FCAC24AA17EB8A4985E4F997FD3730871E563B5536B369A38FB9F5E20CDB",
     "Latitud": -33.043617,
     "Longitud": -68.86771,
     "Distance": 3.5278998369232286,
     "Pos_date": 1701393355000
}