{
     "Matricula": "D690A42B4F6881C041AAB9AA34E095E67C30D183992E7BDF42CA7CE8B0A0DFF7",
     "Latitud": 28.0883266,
     "Longitud": -15.4500066,
     "Distance": 3.261264904829092,
     "Pos_date": 1701393395000
}