{
     "Matricula": "EB2A6A87699158B39E60CC03B7EBBF58DDF72D8B8FB0615662550F7FD652C45A",
     "Latitud": 42.43377,
     "Longitud": 3.1688933,
     "Distance": 0.0,
     "Pos_date": 1701393399010
}