{
     "Matricula": "B552A6A633BDA3272B8840DEFAFA97AF693265E69D46098DB86823F714D205DF",
     "Latitud": 43.4586766,
     "Longitud": -3.8263299,
     "Distance": 0.0803027224266185,
     "Pos_date": 1701393403000
}