{
     "Matricula": "09146B272A3A4286F445DB065CDE7500601FEB1F28507C9639C44DBD771361FC",
     "Latitud": 40.180666,
     "Longitud": -3.7508846,
     "Distance": 0.8964063181544385,
     "Pos_date": 1701393407000
}