{
     "Matricula": "7EC070513C90F85CC0D9282F55D6418B5BE5ADD95DF1ADE195847F3C1C72A5B8",
     "Latitud": 17.4682491,
     "Longitud": -71.4826589,
     "Distance": 0.2222836435519551,
     "Pos_date": 1701393409000
}