{
     "Matricula": "4AF366194AAAC7CF7D57BC97B66C6E14ACD5F2666F92F33391F9DF8077349632",
     "Latitud": 29.01355,
     "Longitud": -14.4290683,
     "Distance": 0.0121390856693276,
     "Pos_date": 1701393394010
}