{
     "Matricula": "B5E5F5D56EC1A0018326921D24E5E67A17CF2D0A2239D1E277F3A20E5B411114",
     "Latitud": 19.5700733,
     "Longitud": -69.0950103,
     "Distance": 1.922105429250841,
     "Pos_date": 1701393411000
}