{
     "Matricula": "5471D4E9DBCD688F2DFC585A49AF6C88AA5C7A0B25A4EB1A3F155A715384447C",
     "Latitud": 40.50843,
     "Longitud": -3.3574683,
     "Distance": 0.0552137154579802,
     "Pos_date": 1701393408000
}