{
     "Matricula": "23ED941E3ED5B0591B9F22826E331B2FCB3F1C8D49F661280801A3C964C2FBAE",
     "Latitud": 39.4682533,
     "Longitud": -6.3955,
     "Distance": 0.0760550899985806,
     "Pos_date": 1701389227000
}