{
     "Matricula": "E0047EE446AB648BEA8D01836B0FBDBA466C8C19A4EFA5788990BB1D505D5919",
     "Latitud": 39.121505,
     "Longitud": -0.8071833333333334,
     "Distance": 0.003150527272773,
     "Pos_date": 1701393421000
}