{
     "Matricula": "7EC070513C90F85CC0D9282F55D6418B5BE5ADD95DF1ADE195847F3C1C72A5B8",
     "Latitud": 17.4699311,
     "Longitud": -71.483664,
     "Distance": 0.2149825660779807,
     "Pos_date": 1701393424000
}