{
     "Matricula": "07F0F06AFDDE789E75C987F1E8AF8E5F48E72512AD4FC4FBD22D89D19D0618BC",
     "Latitud": 42.165645,
     "Longitud": -7.62025,
     "Distance": 0.0175290975112125,
     "Pos_date": 1701393426000
}