{
     "Matricula": "91F9AFDC6C1985163F8A761E33D2A8D932D808A4C7FD5A5F862EDF40F50CC4FF",
     "Latitud": 42.6126266,
     "Longitud": -3.673155,
     "Distance": 0.3903356571307987,
     "Pos_date": 1701393425000
}