{
     "Matricula": "508F5591B74AE64243D2DCF64C584E049B90F347F02FFCBC647164BB8D2FE9F7",
     "Latitud": 18.6906855,
     "Longitud": -70.1806117,
     "Distance": 0.129196491585966,
     "Pos_date": 1701393322000
}