{
     "Matricula": "E8D5D7745EE18927FC55BAD5FD79EA2AE5C9C781209D76F070370B1DB612B47A",
     "Latitud": 42.2733499,
     "Longitud": -6.8102266,
     "Distance": 0.0099577744715695,
     "Pos_date": 1701393425000
}