{
     "Matricula": "892C6432846C97CB4EEB83A9979FCD72FD379EBD870EF8197E7D3198ED7FB843",
     "Latitud": 41.5366916,
     "Longitud": 2.0953533,
     "Distance": 0.925793938082644,
     "Pos_date": 1701393435000
}