{
     "Matricula": "7EC070513C90F85CC0D9282F55D6418B5BE5ADD95DF1ADE195847F3C1C72A5B8",
     "Latitud": 19.471096,
     "Longitud": -69.4850728,
     "Distance": 0.1971165421128331,
     "Pos_date": 1701393437000
}