{
     "Matricula": "17EF290090A9EDE96C2B3EC2F6045398FD269B250C4FAAAD79710903A313A36C",
     "Latitud": 40.39716,
     "Longitud": -3.6756833,
     "Distance": 0.003958690595995,
     "Pos_date": 1701389226000
}