{
     "Matricula": "7E4A080157027B36C4D596160AC49CA6DBA51495D30AB66AC4B6C5D44B16E263",
     "Latitud": 33.609175,
     "Longitud": -114.4109983,
     "Distance": 0.0482365206122134,
     "Pos_date": 1701393442000
}