{
     "Matricula": "B3C6B707FF586E09DD4455DAB6DEA799EC9DA501B0181ABE235EC1E192A20E3D",
     "Latitud": 42.7723561,
     "Longitud": 3.673193,
     "Distance": 0.0052245264270634,
     "Pos_date": 1701393455000
}