{
     "Matricula": "FF3C59B448620745BF18F32F614A1E7B43B32C7A89545EC541A90558D199D111",
     "Latitud": 39.014097,
     "Longitud": -3.5634652000000004,
     "Distance": 0.0046474387602348,
     "Pos_date": 1701393454000
}