{
     "Matricula": "F0F277EEF5C8728A87E6D8DB3BE1C61B1BF6A0298E08B5EB4F4464F79596D79A",
     "Latitud": 40.469165,
     "Longitud": 1.1669749,
     "Distance": 0.0059040964054323,
     "Pos_date": 1701393452000
}