{
     "Matricula": "9010AF87D0F1FCB0AAE1560B63C773703D2207A299A992D278C0AB8B11A50B6C",
     "Latitud": 18.2968404,
     "Longitud": -71.4267479,
     "Distance": 2.285944468500371,
     "Pos_date": 1701393249000
}