{
     "Matricula": "9010AF87D0F1FCB0AAE1560B63C773703D2207A299A992D278C0AB8B11A50B6C",
     "Latitud": 19.2974606,
     "Longitud": -70.4266866,
     "Distance": 0.0692626074758832,
     "Pos_date": 1701393253000
}