{
     "Matricula": "9010AF87D0F1FCB0AAE1560B63C773703D2207A299A992D278C0AB8B11A50B6C",
     "Latitud": 20.3002532,
     "Longitud": -69.4262121,
     "Distance": 0.3144909137913763,
     "Pos_date": 1701393278000
}