{
     "Matricula": "A14E8BE45CB9F9B1B8F8BFBED680BCFE79912B7C935C4B9D80F36FCAEC9F3A48",
     "Latitud": 37.681095,
     "Longitud": -5.0552249,
     "Distance": 0.0100539721594989,
     "Pos_date": 1701389229000
}