{
     "Matricula": "9010AF87D0F1FCB0AAE1560B63C773703D2207A299A992D278C0AB8B11A50B6C",
     "Latitud": 21.3003023,
     "Longitud": -68.4261136,
     "Distance": 0.0116903842019869,
     "Pos_date": 1701393281000
}