{
     "Matricula": "9010AF87D0F1FCB0AAE1560B63C773703D2207A299A992D278C0AB8B11A50B6C",
     "Latitud": 19.3005681,
     "Longitud": -70.4239004,
     "Distance": 0.234138834515019,
     "Pos_date": 1701393311000
}