{
     "Matricula": "9010AF87D0F1FCB0AAE1560B63C773703D2207A299A992D278C0AB8B11A50B6C",
     "Latitud": 20.299863,
     "Longitud": -69.4218822,
     "Distance": 0.2258475770360619,
     "Pos_date": 1701393373000
}