{
     "Matricula": "9010AF87D0F1FCB0AAE1560B63C773703D2207A299A992D278C0AB8B11A50B6C",
     "Latitud": 19.2998823,
     "Longitud": -70.4217922,
     "Distance": 0.0096858888081276,
     "Pos_date": 1701393405000
}