{
     "Matricula": "9010AF87D0F1FCB0AAE1560B63C773703D2207A299A992D278C0AB8B11A50B6C",
     "Latitud": 20.2999452,
     "Longitud": -69.4217422,
     "Distance": 0.0087437188763679,
     "Pos_date": 1701393407000
}