{
     "Matricula": "D3B4423A12AEE5998930D36B7149629F2E3277B42F56185550352C4B4EB0F1AB",
     "Latitud": 40.4549983,
     "Longitud": -3.4560166,
     "Distance": 0.6504074179239567,
     "Pos_date": 1701393457000
}