{
     "Matricula": "B505798DC7ED76BB9D4538F2F4057A1DF38D96751F3DB4F05EBED09AC13BB45A",
     "Latitud": 37.7065583,
     "Longitud": -6.8622216,
     "Distance": 0.6533178988735022,
     "Pos_date": 1701393354000
}