{
     "Matricula": "09146B272A3A4286F445DB065CDE7500601FEB1F28507C9639C44DBD771361FC",
     "Latitud": 41.1732368,
     "Longitud": -2.7523429,
     "Distance": 0.8353297110484784,
     "Pos_date": 1701393467000
}