{
     "Matricula": "79FAC09BD0C0202DF4FA067B1C35E780A118C5B4C4641D16D8175F1A069598F8",
     "Latitud": 40.62327,
     "Longitud": -7.1223283,
     "Distance": 0.0321878996308602,
     "Pos_date": 1701389228000
}