{
     "Matricula": "D690A42B4F6881C041AAB9AA34E095E67C30D183992E7BDF42CA7CE8B0A0DFF7",
     "Latitud": 29.0954366,
     "Longitud": -14.4662683,
     "Distance": 1.7803679194698316,
     "Pos_date": 1701393470000
}