{
     "Matricula": "D3B4423A12AEE5998930D36B7149629F2E3277B42F56185550352C4B4EB0F1AB",
     "Latitud": 39.4544566,
     "Longitud": -4.457660000000001,
     "Distance": 0.1515346385615266,
     "Pos_date": 1701393481000
}