{
     "Matricula": "7EC070513C90F85CC0D9282F55D6418B5BE5ADD95DF1ADE195847F3C1C72A5B8",
     "Latitud": 18.4708396,
     "Longitud": -70.4917303,
     "Distance": 0.488230963538207,
     "Pos_date": 1701393484000
}