{
     "Matricula": "B63287228FC7EFF8199A3AD3348647347BD729F7F432C4450A1B02EDBDDB2B7E",
     "Latitud": 38.3832249,
     "Longitud": -5.553795,
     "Distance": 0.0,
     "Pos_date": 1701393483000
}