{
     "Matricula": "B376D69E11972366C72E37CBE81B7693F0A20F60788484249732048A390468A6",
     "Latitud": 38.36395,
     "Longitud": -4.8642616,
     "Distance": 1.629095042301533,
     "Pos_date": 1701393485000
}