{
     "Matricula": "9E1AFCD5BA4E22A6760253B3D722E4263303C8E9629BB44029D4F9672DF44A13",
     "Latitud": 19.4790558,
     "Longitud": -68.9694285,
     "Distance": 1.6945478148394348,
     "Pos_date": 1701393238000
}