{
     "Matricula": "C6FCE3D69653A0C262509EA6E8A244B4CB6921DD5E08BC3B5502FFC88D6AE9D1",
     "Latitud": 29.4499333,
     "Longitud": -15.365475,
     "Distance": 1.0283356255301883,
     "Pos_date": 1701389229000
}