{
     "Matricula": "9E1AFCD5BA4E22A6760253B3D722E4263303C8E9629BB44029D4F9672DF44A13",
     "Latitud": 19.4821193,
     "Longitud": -68.9464205,
     "Distance": 1.202565661028923,
     "Pos_date": 1701393371000
}