{
     "Matricula": "9E1AFCD5BA4E22A6760253B3D722E4263303C8E9629BB44029D4F9672DF44A13",
     "Latitud": 18.4820356,
     "Longitud": -69.9463266,
     "Distance": 0.0135898506875796,
     "Pos_date": 1701393373000
}