{
     "Matricula": "9E1AFCD5BA4E22A6760253B3D722E4263303C8E9629BB44029D4F9672DF44A13",
     "Latitud": 19.4794006,
     "Longitud": -68.9455794,
     "Distance": 0.3034104864740095,
     "Pos_date": 1701393401000
}