{
     "Matricula": "4CD3FCAC24AA17EB8A4985E4F997FD3730871E563B5536B369A38FB9F5E20CDB",
     "Latitud": -32.016289,
     "Longitud": -67.856414,
     "Distance": 3.216034225864445,
     "Pos_date": 1701393475000
}