{
     "Matricula": "892C6432846C97CB4EEB83A9979FCD72FD379EBD870EF8197E7D3198ED7FB843",
     "Latitud": 42.53331,
     "Longitud": 3.0953816,
     "Distance": 0.3760246614169465,
     "Pos_date": 1701393491000
}