{
     "Matricula": "FF3C59B448620745BF18F32F614A1E7B43B32C7A89545EC541A90558D199D111",
     "Latitud": 38.0140561,
     "Longitud": -4.5634726,
     "Distance": 0.0045938518704124,
     "Pos_date": 1701393496000
}