{
     "Matricula": "892C6432846C97CB4EEB83A9979FCD72FD379EBD870EF8197E7D3198ED7FB843",
     "Latitud": 41.5323866,
     "Longitud": 2.0932783,
     "Distance": 0.2029623242176775,
     "Pos_date": 1701393507000
}