{
     "Matricula": "F28866C0CF5333C77C245F93F8BE91DB1615539BF1188E087D18FB6EC9040A51",
     "Latitud": 27.8652933,
     "Longitud": -15.4206616,
     "Distance": 1.3216439680779215,
     "Pos_date": 1701393512000
}