{
     "Matricula": "FF3C59B448620745BF18F32F614A1E7B43B32C7A89545EC541A90558D199D111",
     "Latitud": 39.0137118,
     "Longitud": -3.5635897,
     "Distance": 0.0396351017605675,
     "Pos_date": 1701393514000
}