{
     "Matricula": "A380A614532C7F70201FF7711BE76CD4919A0FD320D3476BECCDECE8CA433C2C",
     "Latitud": 41.3836866,
     "Longitud": -2.41743,
     "Distance": 0.0,
     "Pos_date": 1701393514000
}