{
     "Matricula": "2E6DE46599917276EA118315105E20AEC32E0A63CDE37C796351602488BB3A89",
     "Latitud": 40.2564683,
     "Longitud": 10.0779666,
     "Distance": 0.0099898974294508,
     "Pos_date": 1701393513000
}