{
     "Matricula": "B552A6A633BDA3272B8840DEFAFA97AF693265E69D46098DB86823F714D205DF",
     "Latitud": 44.4590316,
     "Longitud": -2.8265816,
     "Distance": 0.0443952110650728,
     "Pos_date": 1701393516000
}