{
     "Matricula": "D3B4423A12AEE5998930D36B7149629F2E3277B42F56185550352C4B4EB0F1AB",
     "Latitud": 39.45314,
     "Longitud": -4.4585866,
     "Distance": 0.1079343051096421,
     "Pos_date": 1701393531000
}