{
     "Matricula": "B5E5F5D56EC1A0018326921D24E5E67A17CF2D0A2239D1E277F3A20E5B411114",
     "Latitud": 19.5637317,
     "Longitud": -69.0738818,
     "Distance": 2.3360741958098603,
     "Pos_date": 1701393531000
}