{
     "Matricula": "44C8A1AF0DE74873DDA53C547CDE57CE0ED68811C3D22936C420588ECCE39BF4",
     "Latitud": 42.2630083,
     "Longitud": -3.9288466,
     "Distance": 0.2713093057917586,
     "Pos_date": 1701389230000
}