{
     "Matricula": "81486AACFBE20A1A64655FD2B79DD456B68E4AB7452D1E1295D6FEDCD52DD526",
     "Latitud": 26.8654016,
     "Longitud": -16.4205916,
     "Distance": 1.3216967590996045,
     "Pos_date": 1701393530000
}