{
     "Matricula": "D3B4423A12AEE5998930D36B7149629F2E3277B42F56185550352C4B4EB0F1AB",
     "Latitud": 40.452885,
     "Longitud": -3.4584666,
     "Distance": 0.0301178582936646,
     "Pos_date": 1701393540000
}