{
     "Matricula": "7E4A080157027B36C4D596160AC49CA6DBA51495D30AB66AC4B6C5D44B16E263",
     "Latitud": 32.6143016,
     "Longitud": -115.4110266,
     "Distance": 0.5700588610608986,
     "Pos_date": 1701393545000
}