{
     "Matricula": "819E6C37F3BADB27EB7E184F15B91B3B5C093D8FD55FF4082DDA5939D8713135",
     "Latitud": 40.22352,
     "Longitud": 10.1382616,
     "Distance": 3.744443316019589,
     "Pos_date": 1701393547000
}