{
     "Matricula": "D690A42B4F6881C041AAB9AA34E095E67C30D183992E7BDF42CA7CE8B0A0DFF7",
     "Latitud": 28.0952433,
     "Longitud": -15.4858783,
     "Distance": 1.923712575061392,
     "Pos_date": 1701393545000
}