{
     "Matricula": "D3B4423A12AEE5998930D36B7149629F2E3277B42F56185550352C4B4EB0F1AB",
     "Latitud": 40.4527816,
     "Longitud": -3.4580583,
     "Distance": 0.0364104113872657,
     "Pos_date": 1701393552000
}