{
     "Matricula": "5A0441657EC05DA320F373A5EF00D80490BB14853283225899B26A41E11FB993",
     "Latitud": 42.3527699,
     "Longitud": -9.434245,
     "Distance": 0.120147902416497,
     "Pos_date": 1701388840000
}