{
     "Matricula": "39A7C03D597FA1866B013468871534F511F50FC1679C2A121B1A0A2E965C4635",
     "Latitud": 43.820265,
     "Longitud": -6.1098966,
     "Distance": 1.343155400135293,
     "Pos_date": 1701389230000
}