{
     "Matricula": "819E6C37F3BADB27EB7E184F15B91B3B5C093D8FD55FF4082DDA5939D8713135",
     "Latitud": 38.22339,
     "Longitud": 8.1386716,
     "Distance": 0.0381616565572435,
     "Pos_date": 1701393553000
}