{
     "Matricula": "819E6C37F3BADB27EB7E184F15B91B3B5C093D8FD55FF4082DDA5939D8713135",
     "Latitud": 40.22378,
     "Longitud": 10.1391716,
     "Distance": 0.0611202776627764,
     "Pos_date": 1701393560000
}