{
     "Matricula": "FF3C59B448620745BF18F32F614A1E7B43B32C7A89545EC541A90558D199D111",
     "Latitud": 39.0127142,
     "Longitud": -3.5639321,
     "Distance": 0.1149124410322992,
     "Pos_date": 1701393574000
}