{
     "Matricula": "819E6C37F3BADB27EB7E184F15B91B3B5C093D8FD55FF4082DDA5939D8713135",
     "Latitud": 39.2275933,
     "Longitud": 9.138785,
     "Distance": 0.4253258700270694,
     "Pos_date": 1701393580000
}