{
     "Matricula": "F0F277EEF5C8728A87E6D8DB3BE1C61B1BF6A0298E08B5EB4F4464F79596D79A",
     "Latitud": 40.4693883,
     "Longitud": 1.16749,
     "Distance": 0.0495830041376708,
     "Pos_date": 1701393579000
}