{
     "Matricula": "09146B272A3A4286F445DB065CDE7500601FEB1F28507C9639C44DBD771361FC",
     "Latitud": 39.1598477,
     "Longitud": -4.7579689,
     "Distance": 0.6967362810417914,
     "Pos_date": 1701393587000
}