{
     "Matricula": "D3B4423A12AEE5998930D36B7149629F2E3277B42F56185550352C4B4EB0F1AB",
     "Latitud": 40.4526066,
     "Longitud": -3.4580466,
     "Distance": 0.0194843048865539,
     "Pos_date": 1701393588000
}