{
     "Matricula": "B63287228FC7EFF8199A3AD3348647347BD729F7F432C4450A1B02EDBDDB2B7E",
     "Latitud": 39.3824666,
     "Longitud": -4.5543133,
     "Distance": 0.0959524327321164,
     "Pos_date": 1701393591000
}