{
     "Matricula": "516291E66CB7B610917EC0E831D1400378A69D1C8F3651431F5D95250A8D4E82",
     "Latitud": 44.8984683,
     "Longitud": 8.5813566,
     "Distance": 0.0019477857806823,
     "Pos_date": 1701393592000
}