{
     "Matricula": "E0047EE446AB648BEA8D01836B0FBDBA466C8C19A4EFA5788990BB1D505D5919",
     "Latitud": 41.121543333333335,
     "Longitud": 1.1929333333333334,
     "Distance": 0.0042249931224457,
     "Pos_date": 1701393601000
}