{
     "Matricula": "B63287228FC7EFF8199A3AD3348647347BD729F7F432C4450A1B02EDBDDB2B7E",
     "Latitud": 36.3828866,
     "Longitud": -7.5546616,
     "Distance": 0.0559296112071028,
     "Pos_date": 1701393600000
}