{
     "Matricula": "07F0F06AFDDE789E75C987F1E8AF8E5F48E72512AD4FC4FBD22D89D19D0618BC",
     "Latitud": 41.16574666666666,
     "Longitud": -8.619983333333334,
     "Distance": 0.0162865036815724,
     "Pos_date": 1701393606000
}