{
     "Matricula": "79FAC09BD0C0202DF4FA067B1C35E780A118C5B4C4641D16D8175F1A069598F8",
     "Latitud": 40.6231666,
     "Longitud": -7.122455,
     "Distance": 0.0159167931956116,
     "Pos_date": 1701389232000
}