{
     "Matricula": "0B3A660C8E3107EC0EB2164B316AF34D87F2E2B9C3C02A7660E71DBFAB3946F9",
     "Latitud": 37.6511116,
     "Longitud": -0.9306833,
     "Distance": 0.0,
     "Pos_date": 1701393609010
}