{
     "Matricula": "D3B4423A12AEE5998930D36B7149629F2E3277B42F56185550352C4B4EB0F1AB",
     "Latitud": 38.4517916,
     "Longitud": -5.4592533,
     "Distance": 0.1365202645086521,
     "Pos_date": 1701393615000
}