{
     "Matricula": "D3B4423A12AEE5998930D36B7149629F2E3277B42F56185550352C4B4EB0F1AB",
     "Latitud": 40.451765,
     "Longitud": -3.4590916,
     "Distance": 0.0139981642122329,
     "Pos_date": 1701393619000
}