{
     "Matricula": "B81D5D3C0ABD5651D35460611801239A551537387FEDC8EFD43EC51B6EE751A2",
     "Latitud": 18.5403236,
     "Longitud": -70.0322775,
     "Distance": 1.8867040053490691,
     "Pos_date": 1701393438000
}