{
     "Matricula": "B81D5D3C0ABD5651D35460611801239A551537387FEDC8EFD43EC51B6EE751A2",
     "Latitud": 17.5338761,
     "Longitud": -71.0127933,
     "Distance": 2.175658500925076,
     "Pos_date": 1701393558000
}