{
     "Matricula": "F28866C0CF5333C77C245F93F8BE91DB1615539BF1188E087D18FB6EC9040A51",
     "Latitud": 27.8789883,
     "Longitud": -15.4128633,
     "Distance": 1.7048615158540008,
     "Pos_date": 1701393623000
}