{
     "Matricula": "FF3C59B448620745BF18F32F614A1E7B43B32C7A89545EC541A90558D199D111",
     "Latitud": 37.0127006,
     "Longitud": -5.5639898,
     "Distance": 0.0052763238176044,
     "Pos_date": 1701393634000
}