{
     "Matricula": "A14E8BE45CB9F9B1B8F8BFBED680BCFE79912B7C935C4B9D80F36FCAEC9F3A48",
     "Latitud": 40.6810016,
     "Longitud": -2.0552516,
     "Distance": 0.0106410793785467,
     "Pos_date": 1701389235000
}