{
     "Matricula": "09146B272A3A4286F445DB065CDE7500601FEB1F28507C9639C44DBD771361FC",
     "Latitud": 41.1553953,
     "Longitud": -2.7596751,
     "Distance": 0.5158815371762877,
     "Pos_date": 1701393647000
}