{
     "Matricula": "B5E5F5D56EC1A0018326921D24E5E67A17CF2D0A2239D1E277F3A20E5B411114",
     "Latitud": 17.551465,
     "Longitud": -71.0542012,
     "Distance": 2.4828306434836014,
     "Pos_date": 1701393651000
}