{
     "Matricula": "B552A6A633BDA3272B8840DEFAFA97AF693265E69D46098DB86823F714D205DF",
     "Latitud": 42.4591416,
     "Longitud": -4.8265633,
     "Distance": 0.0,
     "Pos_date": 1701393657010
}