{
     "Matricula": "E0047EE446AB648BEA8D01836B0FBDBA466C8C19A4EFA5788990BB1D505D5919",
     "Latitud": 40.121625,
     "Longitud": 0.1929833333333332,
     "Distance": 0.010000237777485,
     "Pos_date": 1701393661000
}