{
     "Matricula": "E8D5D7745EE18927FC55BAD5FD79EA2AE5C9C781209D76F070370B1DB612B47A",
     "Latitud": 44.2733983,
     "Longitud": -4.8099916,
     "Distance": 0.0197721846842306,
     "Pos_date": 1701393665000
}