{
     "Matricula": "81486AACFBE20A1A64655FD2B79DD456B68E4AB7452D1E1295D6FEDCD52DD526",
     "Latitud": 27.88171,
     "Longitud": -15.4114116,
     "Distance": 2.025510262994457,
     "Pos_date": 1701393658000
}