{
     "Matricula": "508F5591B74AE64243D2DCF64C584E049B90F347F02FFCBC647164BB8D2FE9F7",
     "Latitud": 17.6874005,
     "Longitud": -71.1737725,
     "Distance": 0.6497320662295358,
     "Pos_date": 1701393434000
}