{
     "Matricula": "23ED941E3ED5B0591B9F22826E331B2FCB3F1C8D49F661280801A3C964C2FBAE",
     "Latitud": 40.4685316,
     "Longitud": -5.3957133,
     "Distance": 0.0359565377259179,
     "Pos_date": 1701389233000
}