{
     "Matricula": "508F5591B74AE64243D2DCF64C584E049B90F347F02FFCBC647164BB8D2FE9F7",
     "Latitud": 18.6872591,
     "Longitud": -70.173869,
     "Distance": 0.0187225008714678,
     "Pos_date": 1701393442000
}