{
     "Matricula": "508F5591B74AE64243D2DCF64C584E049B90F347F02FFCBC647164BB8D2FE9F7",
     "Latitud": 19.6866512,
     "Longitud": -69.1738346,
     "Distance": 0.0676925376743256,
     "Pos_date": 1701393459000
}