{
     "Matricula": "508F5591B74AE64243D2DCF64C584E049B90F347F02FFCBC647164BB8D2FE9F7",
     "Latitud": 17.6845812,
     "Longitud": -71.1721419,
     "Distance": 0.2911537594079108,
     "Pos_date": 1701393528000
}