{
     "Matricula": "508F5591B74AE64243D2DCF64C584E049B90F347F02FFCBC647164BB8D2FE9F7",
     "Latitud": 18.6834181,
     "Longitud": -70.1723978,
     "Distance": 0.1321101519942291,
     "Pos_date": 1701393562000
}