{
     "Matricula": "508F5591B74AE64243D2DCF64C584E049B90F347F02FFCBC647164BB8D2FE9F7",
     "Latitud": 18.6824924,
     "Longitud": -70.1724838,
     "Distance": 0.1033311399636242,
     "Pos_date": 1701393612000
}