{
     "Matricula": "508F5591B74AE64243D2DCF64C584E049B90F347F02FFCBC647164BB8D2FE9F7",
     "Latitud": 17.6823317,
     "Longitud": -71.1719615,
     "Distance": 0.0578461403577422,
     "Pos_date": 1701393641000
}