{
     "Matricula": "B552A6A633BDA3272B8840DEFAFA97AF693265E69D46098DB86823F714D205DF",
     "Latitud": 43.4593333,
     "Longitud": -3.8265766,
     "Distance": 0.0213431098331669,
     "Pos_date": 1701393679000
}