{
     "Matricula": "4CD3FCAC24AA17EB8A4985E4F997FD3730871E563B5536B369A38FB9F5E20CDB",
     "Latitud": -33.990113,
     "Longitud": -69.851364,
     "Distance": 2.948492922154854,
     "Pos_date": 1701393595000
}