{
     "Matricula": "D3B4423A12AEE5998930D36B7149629F2E3277B42F56185550352C4B4EB0F1AB",
     "Latitud": 39.4538616,
     "Longitud": -4.45485,
     "Distance": 0.4279662885550938,
     "Pos_date": 1701393685000
}