{
     "Matricula": "FF3C59B448620745BF18F32F614A1E7B43B32C7A89545EC541A90558D199D111",
     "Latitud": 39.0126901,
     "Longitud": -3.563986,
     "Distance": 0.0012140831231358,
     "Pos_date": 1701393694000
}