{
     "Matricula": "9010AF87D0F1FCB0AAE1560B63C773703D2207A299A992D278C0AB8B11A50B6C",
     "Latitud": 19.3018888,
     "Longitud": -70.4217385,
     "Distance": 0.2161191067671596,
     "Pos_date": 1701393471000
}