{
     "Matricula": "9010AF87D0F1FCB0AAE1560B63C773703D2207A299A992D278C0AB8B11A50B6C",
     "Latitud": 18.316063,
     "Longitud": -71.4220007,
     "Distance": 1.3857648750869531,
     "Pos_date": 1701393613000
}