{
     "Matricula": "819E6C37F3BADB27EB7E184F15B91B3B5C093D8FD55FF4082DDA5939D8713135",
     "Latitud": 38.2438683,
     "Longitud": 8.1548016,
     "Distance": 2.2754981336958258,
     "Pos_date": 1701393699000
}