{
     "Matricula": "B552A6A633BDA3272B8840DEFAFA97AF693265E69D46098DB86823F714D205DF",
     "Latitud": 42.4583516,
     "Longitud": -4.826205,
     "Distance": 0.1132056938382726,
     "Pos_date": 1701393699000
}