{
     "Matricula": "09146B272A3A4286F445DB065CDE7500601FEB1F28507C9639C44DBD771361FC",
     "Latitud": 40.1525683,
     "Longitud": -3.7609741,
     "Distance": 0.3331711244914368,
     "Pos_date": 1701393707000
}