{
     "Matricula": "4CD3FCAC24AA17EB8A4985E4F997FD3730871E563B5536B369A38FB9F5E20CDB",
     "Latitud": -34.902886,
     "Longitud": -70.077803,
     "Distance": 3.393939322992019,
     "Pos_date": 1701389155000
}