{
     "Matricula": "D690A42B4F6881C041AAB9AA34E095E67C30D183992E7BDF42CA7CE8B0A0DFF7",
     "Latitud": 28.1250316,
     "Longitud": -15.5150633,
     "Distance": 4.377777285154286,
     "Pos_date": 1701393714000
}