{
     "Matricula": "E0047EE446AB648BEA8D01836B0FBDBA466C8C19A4EFA5788990BB1D505D5919",
     "Latitud": 41.12154,
     "Longitud": 1.1928333333333334,
     "Distance": 0.0157227652346419,
     "Pos_date": 1701393721000
}