{
     "Matricula": "D690A42B4F6881C041AAB9AA34E095E67C30D183992E7BDF42CA7CE8B0A0DFF7",
     "Latitud": 28.1249883,
     "Longitud": -15.5142166,
     "Distance": 0.0831713652191828,
     "Pos_date": 1701393722000
}