{
     "Matricula": "9E1AFCD5BA4E22A6760253B3D722E4263303C8E9629BB44029D4F9672DF44A13",
     "Latitud": 17.4750353,
     "Longitud": -70.9431243,
     "Distance": 0.1466999881898058,
     "Pos_date": 1701393641000
}