{
     "Matricula": "D690A42B4F6881C041AAB9AA34E095E67C30D183992E7BDF42CA7CE8B0A0DFF7",
     "Latitud": 27.1242033,
     "Longitud": -16.514345,
     "Distance": 0.0881916563377346,
     "Pos_date": 1701393727000
}