{
     "Matricula": "572AC77A5DE790549FEE5175A2B243ADE2CA3CE6CF97AD5735784BA335DE15BA",
     "Latitud": 20.4591472,
     "Longitud": -69.681901,
     "Distance": 0.03775907216061,
     "Pos_date": 1701393620000
}