{
     "Matricula": "572AC77A5DE790549FEE5175A2B243ADE2CA3CE6CF97AD5735784BA335DE15BA",
     "Latitud": 20.4587635,
     "Longitud": -69.6855714,
     "Distance": 0.3871761492578747,
     "Pos_date": 1701393652000
}