{
     "Matricula": "572AC77A5DE790549FEE5175A2B243ADE2CA3CE6CF97AD5735784BA335DE15BA",
     "Latitud": 20.4589755,
     "Longitud": -69.6857005,
     "Distance": 0.0271828649062005,
     "Pos_date": 1701393658000
}