{
     "Matricula": "572AC77A5DE790549FEE5175A2B243ADE2CA3CE6CF97AD5735784BA335DE15BA",
     "Latitud": 19.460268,
     "Longitud": -70.6859456,
     "Distance": 0.1459988867882326,
     "Pos_date": 1701393680000
}