{
     "Matricula": "572AC77A5DE790549FEE5175A2B243ADE2CA3CE6CF97AD5735784BA335DE15BA",
     "Latitud": 18.4604856,
     "Longitud": -71.6859707,
     "Distance": 0.0243387320832625,
     "Pos_date": 1701393740000
}