{
     "Matricula": "B63287228FC7EFF8199A3AD3348647347BD729F7F432C4450A1B02EDBDDB2B7E",
     "Latitud": 35.396235,
     "Longitud": -8.5680516,
     "Distance": 1.8980240561164337,
     "Pos_date": 1701393744000
}