{
     "Matricula": "892C6432846C97CB4EEB83A9979FCD72FD379EBD870EF8197E7D3198ED7FB843",
     "Latitud": 41.54527,
     "Longitud": 2.0387766,
     "Distance": 4.757023649396454,
     "Pos_date": 1701393747000
}