{
     "Matricula": "F0F277EEF5C8728A87E6D8DB3BE1C61B1BF6A0298E08B5EB4F4464F79596D79A",
     "Latitud": 41.4489283,
     "Longitud": 2.199205,
     "Distance": 3.275462681827716,
     "Pos_date": 1701393757000
}