{
     "Matricula": "D3B4423A12AEE5998930D36B7149629F2E3277B42F56185550352C4B4EB0F1AB",
     "Latitud": 38.452025,
     "Longitud": -5.45948,
     "Distance": 0.2857464785824467,
     "Pos_date": 1701393760000
}