{
     "Matricula": "892C6432846C97CB4EEB83A9979FCD72FD379EBD870EF8197E7D3198ED7FB843",
     "Latitud": 42.5465683,
     "Longitud": 3.03703,
     "Distance": 0.2048631610524391,
     "Pos_date": 1701393763000
}