{
     "Matricula": "09146B272A3A4286F445DB065CDE7500601FEB1F28507C9639C44DBD771361FC",
     "Latitud": 41.1523126,
     "Longitud": -2.7610671,
     "Distance": 0.029510776098261,
     "Pos_date": 1701393767000
}