{
     "Matricula": "892C6432846C97CB4EEB83A9979FCD72FD379EBD870EF8197E7D3198ED7FB843",
     "Latitud": 40.5469733,
     "Longitud": 1.0378783,
     "Distance": 0.0837364455818525,
     "Pos_date": 1701393769000
}