{
     "Matricula": "B5E5F5D56EC1A0018326921D24E5E67A17CF2D0A2239D1E277F3A20E5B411114",
     "Latitud": 17.5457458,
     "Longitud": -71.0394636,
     "Distance": 1.6787409063043983,
     "Pos_date": 1701393771000
}