{
     "Matricula": "4CD3FCAC24AA17EB8A4985E4F997FD3730871E563B5536B369A38FB9F5E20CDB",
     "Latitud": -33.969585,
     "Longitud": -69.842636,
     "Distance": 2.423451902898815,
     "Pos_date": 1701393690000
}