{
     "Matricula": "4CD3FCAC24AA17EB8A4985E4F997FD3730871E563B5536B369A38FB9F5E20CDB",
     "Latitud": -33.969118,
     "Longitud": -69.841973,
     "Distance": 0.0807587647738554,
     "Pos_date": 1701393695000
}