{
     "Matricula": "4CD3FCAC24AA17EB8A4985E4F997FD3730871E563B5536B369A38FB9F5E20CDB",
     "Latitud": -32.968304,
     "Longitud": -68.839711,
     "Distance": 0.2296126790849783,
     "Pos_date": 1701393712000
}