{
     "Matricula": "F4AE0241D1A98FCCB07393881F2EB5F012112A9453EE549C474D6C427E650864",
     "Latitud": 37.3593366,
     "Longitud": -2.2693116,
     "Distance": 0.0799026008195479,
     "Pos_date": 1701389239000
}