{
     "Matricula": "4CD3FCAC24AA17EB8A4985E4F997FD3730871E563B5536B369A38FB9F5E20CDB",
     "Latitud": -32.96837,
     "Longitud": -68.839297,
     "Distance": 0.0393129296832297,
     "Pos_date": 1701393715000
}