{
     "Matricula": "F0F277EEF5C8728A87E6D8DB3BE1C61B1BF6A0298E08B5EB4F4464F79596D79A",
     "Latitud": 41.4508483,
     "Longitud": 2.1994483,
     "Distance": 0.1263742049287515,
     "Pos_date": 1701393775000
}