{
     "Matricula": "B376D69E11972366C72E37CBE81B7693F0A20F60788484249732048A390468A6",
     "Latitud": 38.3339216,
     "Longitud": -4.9073583,
     "Distance": 5.027247123553373,
     "Pos_date": 1701393683000
}