{
     "Matricula": "07F0F06AFDDE789E75C987F1E8AF8E5F48E72512AD4FC4FBD22D89D19D0618BC",
     "Latitud": 41.16585,
     "Longitud": -8.620083333333334,
     "Distance": 0.0099990533829621,
     "Pos_date": 1701393786000
}