{
     "Matricula": "7E4A080157027B36C4D596160AC49CA6DBA51495D30AB66AC4B6C5D44B16E263",
     "Latitud": 32.6143816,
     "Longitud": -115.4049066,
     "Distance": 0.5732777885724916,
     "Pos_date": 1701393785000
}