{
     "Matricula": "D690A42B4F6881C041AAB9AA34E095E67C30D183992E7BDF42CA7CE8B0A0DFF7",
     "Latitud": 29.1161133,
     "Longitud": -14.519685,
     "Distance": 1.0409018478901446,
     "Pos_date": 1701393785000
}