{
     "Matricula": "D3B4423A12AEE5998930D36B7149629F2E3277B42F56185550352C4B4EB0F1AB",
     "Latitud": 41.4527583,
     "Longitud": -2.4608316,
     "Distance": 0.1404551991069763,
     "Pos_date": 1701393789000
}