{
     "Matricula": "D690A42B4F6881C041AAB9AA34E095E67C30D183992E7BDF42CA7CE8B0A0DFF7",
     "Latitud": 28.1157866,
     "Longitud": -15.5200966,
     "Distance": 0.0543063909033042,
     "Pos_date": 1701393793000
}