{
     "Matricula": "9EA75D576149F526833F7F0CAFBFBD2DC701213D1D0C584D073D35F341947388",
     "Latitud": 38.5527327,
     "Longitud": -5.6705465,
     "Distance": 0.0011771533759876,
     "Pos_date": 1701388845000
}