{
     "Matricula": "79FAC09BD0C0202DF4FA067B1C35E780A118C5B4C4641D16D8175F1A069598F8",
     "Latitud": 37.6230966,
     "Longitud": -10.122715,
     "Distance": 0.0238905737343892,
     "Pos_date": 1701389240000
}