{
     "Matricula": "91F9AFDC6C1985163F8A761E33D2A8D932D808A4C7FD5A5F862EDF40F50CC4FF",
     "Latitud": 42.5925783,
     "Longitud": -3.5739849,
     "Distance": 3.700440077195079,
     "Pos_date": 1701393792000
}