{
     "Matricula": "819E6C37F3BADB27EB7E184F15B91B3B5C093D8FD55FF4082DDA5939D8713135",
     "Latitud": 38.2419433,
     "Longitud": 8.1757416,
     "Distance": 1.815956977609268,
     "Pos_date": 1701393799000
}