{
     "Matricula": "8B0FE8F5A3D03881366DD8F638A5D48BAB1174DC7DAFCA6E48EC624B6E1BFCBB",
     "Latitud": 37.3249,
     "Longitud": -6.81212,
     "Distance": 0.0042710217553327,
     "Pos_date": 1701393797000
}