{
     "Matricula": "D690A42B4F6881C041AAB9AA34E095E67C30D183992E7BDF42CA7CE8B0A0DFF7",
     "Latitud": 28.1150483,
     "Longitud": -15.52172,
     "Distance": 0.179132812401139,
     "Pos_date": 1701393807000
}