{
     "Matricula": "FF3C59B448620745BF18F32F614A1E7B43B32C7A89545EC541A90558D199D111",
     "Latitud": 38.0099603,
     "Longitud": -4.5648026,
     "Distance": 0.2871524335585904,
     "Pos_date": 1701393814000
}