{
     "Matricula": "D3B4423A12AEE5998930D36B7149629F2E3277B42F56185550352C4B4EB0F1AB",
     "Latitud": 40.453215,
     "Longitud": -3.458695,
     "Distance": 0.1877804822454067,
     "Pos_date": 1701393819000
}