{
     "Matricula": "23ED941E3ED5B0591B9F22826E331B2FCB3F1C8D49F661280801A3C964C2FBAE",
     "Latitud": 39.4690766,
     "Longitud": -6.396035,
     "Distance": 0.0665964080530291,
     "Pos_date": 1701389243000
}