{
     "Matricula": "09146B272A3A4286F445DB065CDE7500601FEB1F28507C9639C44DBD771361FC",
     "Latitud": 40.1523274,
     "Longitud": -3.7610615,
     "Distance": 0.0017131285169793,
     "Pos_date": 1701393827000
}