{
     "Matricula": "19CB2C27AEA2A6C6C4DBAAB759FC3A4D6FC7A80E197BBA6B9814F7F04708C407",
     "Latitud": 42.4852683,
     "Longitud": -8.8733783,
     "Distance": 0.014822822455969,
     "Pos_date": 1701393825000
}