{
     "Matricula": "516291E66CB7B610917EC0E831D1400378A69D1C8F3651431F5D95250A8D4E82",
     "Latitud": 45.8983783,
     "Longitud": 9.58133,
     "Distance": 0.0102245278408837,
     "Pos_date": 1701393832000
}