{
     "Matricula": "D690A42B4F6881C041AAB9AA34E095E67C30D183992E7BDF42CA7CE8B0A0DFF7",
     "Latitud": 28.1148233,
     "Longitud": -15.524575,
     "Distance": 0.2811182561442475,
     "Pos_date": 1701393837000
}