{
     "Matricula": "892C6432846C97CB4EEB83A9979FCD72FD379EBD870EF8197E7D3198ED7FB843",
     "Latitud": 40.5470583,
     "Longitud": 1.0392099,
     "Distance": 0.1112176947902233,
     "Pos_date": 1701393841000
}