{
     "Matricula": "F28866C0CF5333C77C245F93F8BE91DB1615539BF1188E087D18FB6EC9040A51",
     "Latitud": 28.9221083,
     "Longitud": -14.3979766,
     "Distance": 5.012940451709078,
     "Pos_date": 1701393846000
}