{
     "Matricula": "07F0F06AFDDE789E75C987F1E8AF8E5F48E72512AD4FC4FBD22D89D19D0618BC",
     "Latitud": 42.16585833333333,
     "Longitud": -7.620116666666666,
     "Distance": 0.002940120884861,
     "Pos_date": 1701393846000
}