{
     "Matricula": "242A2619487D11B7DAE7B8DC7730724E8A3708B59E8801E1A5DF010C57736FCD",
     "Latitud": 40.4626183,
     "Longitud": 0.6369384,
     "Distance": 0.0075276687417384,
     "Pos_date": 1701389243000
}