{
     "Matricula": "B81D5D3C0ABD5651D35460611801239A551537387FEDC8EFD43EC51B6EE751A2",
     "Latitud": 18.5140685,
     "Longitud": -70.0092777,
     "Distance": 2.233479812070313,
     "Pos_date": 1701393678000
}