{
     "Matricula": "B81D5D3C0ABD5651D35460611801239A551537387FEDC8EFD43EC51B6EE751A2",
     "Latitud": 18.4985297,
     "Longitud": -69.9931817,
     "Distance": 2.42199501329203,
     "Pos_date": 1701393798000
}