{
     "Matricula": "671D8B81DD587CB93F5DAB19E861BF70ED5F9464E646842113481950C358B3EE",
     "Latitud": 40.167,
     "Longitud": -8.883775,
     "Distance": 0.0085610323204188,
     "Pos_date": 1701393865000
}