{
     "Matricula": "4CD3FCAC24AA17EB8A4985E4F997FD3730871E563B5536B369A38FB9F5E20CDB",
     "Latitud": -31.974131,
     "Longitud": -67.807165,
     "Distance": 3.0651660658488336,
     "Pos_date": 1701393835000
}