{
     "Matricula": "FF3C59B448620745BF18F32F614A1E7B43B32C7A89545EC541A90558D199D111",
     "Latitud": 37.0070818,
     "Longitud": -5.5656228,
     "Distance": 0.3280425049557544,
     "Pos_date": 1701393874000
}