{
     "Matricula": "7326E87A9FA1258D1654E6E0A2B1F237B2622CA2F03581C5B7443CCC248EB5CB",
     "Latitud": 38.567035,
     "Longitud": -5.75382,
     "Distance": 0.0,
     "Pos_date": 1701393868010
}