{
     "Matricula": "D3B4423A12AEE5998930D36B7149629F2E3277B42F56185550352C4B4EB0F1AB",
     "Latitud": 41.4528916,
     "Longitud": -2.4582999,
     "Distance": 0.04909938417504,
     "Pos_date": 1701393877000
}