{
     "Matricula": "17EF290090A9EDE96C2B3EC2F6045398FD269B250C4FAAAD79710903A313A36C",
     "Latitud": 40.3975166,
     "Longitud": -3.6767233,
     "Distance": 0.0965847473069332,
     "Pos_date": 1701389245000
}