{
     "Matricula": "81486AACFBE20A1A64655FD2B79DD456B68E4AB7452D1E1295D6FEDCD52DD526",
     "Latitud": 26.925015,
     "Longitud": -16.3973466,
     "Distance": 5.009733116915856,
     "Pos_date": 1701393878000
}