{
     "Matricula": "09146B272A3A4286F445DB065CDE7500601FEB1F28507C9639C44DBD771361FC",
     "Latitud": 41.152348,
     "Longitud": -2.761092,
     "Distance": 0.0034592505497319,
     "Pos_date": 1701393887000
}