{
     "Matricula": "19CB2C27AEA2A6C6C4DBAAB759FC3A4D6FC7A80E197BBA6B9814F7F04708C407",
     "Latitud": 44.4887749,
     "Longitud": -6.8678699000000005,
     "Distance": 0.0932521455707881,
     "Pos_date": 1701393885000
}