{
     "Matricula": "B5E5F5D56EC1A0018326921D24E5E67A17CF2D0A2239D1E277F3A20E5B411114",
     "Latitud": 17.5408944,
     "Longitud": -71.033971,
     "Distance": 0.7913899060739106,
     "Pos_date": 1701393891000
}