{
     "Matricula": "07F0F06AFDDE789E75C987F1E8AF8E5F48E72512AD4FC4FBD22D89D19D0618BC",
     "Latitud": 42.16581833333333,
     "Longitud": -7.620333333333333,
     "Distance": 0.0186742579555123,
     "Pos_date": 1701393906000
}