{
     "Matricula": "E8D5D7745EE18927FC55BAD5FD79EA2AE5C9C781209D76F070370B1DB612B47A",
     "Latitud": 42.2734316,
     "Longitud": -6.8102366,
     "Distance": 0.0201778859158474,
     "Pos_date": 1701393905000
}