{
     "Matricula": "508F5591B74AE64243D2DCF64C584E049B90F347F02FFCBC647164BB8D2FE9F7",
     "Latitud": 18.6813697,
     "Longitud": -70.1720838,
     "Distance": 0.0342517503204159,
     "Pos_date": 1701393802000
}