{
     "Matricula": "508F5591B74AE64243D2DCF64C584E049B90F347F02FFCBC647164BB8D2FE9F7",
     "Latitud": 18.6813404,
     "Longitud": -70.1720946,
     "Distance": 0.0034509251264846,
     "Pos_date": 1701393879000
}