{
     "Matricula": "19CB2C27AEA2A6C6C4DBAAB759FC3A4D6FC7A80E197BBA6B9814F7F04708C407",
     "Latitud": 42.4885733,
     "Longitud": -8.8661083,
     "Distance": 0.1461740971020666,
     "Pos_date": 1701393909000
}