{
     "Matricula": "7EC070513C90F85CC0D9282F55D6418B5BE5ADD95DF1ADE195847F3C1C72A5B8",
     "Latitud": 17.47725,
     "Longitud": -71.4948992,
     "Distance": 0.7101397911460878,
     "Pos_date": 1701393529000
}