{
     "Matricula": "7EC070513C90F85CC0D9282F55D6418B5BE5ADD95DF1ADE195847F3C1C72A5B8",
     "Latitud": 19.483335,
     "Longitud": -69.4942961,
     "Distance": 0.0938888917281261,
     "Pos_date": 1701393576000
}