{
     "Matricula": "7EC070513C90F85CC0D9282F55D6418B5BE5ADD95DF1ADE195847F3C1C72A5B8",
     "Latitud": 20.4837748,
     "Longitud": -68.495882,
     "Distance": 0.1742506502619271,
     "Pos_date": 1701393587000
}