{
     "Matricula": "FF3C59B448620745BF18F32F614A1E7B43B32C7A89545EC541A90558D199D111",
     "Latitud": 37.9532232,
     "Longitud": -4.6162426,
     "Distance": 1.14998270016131,
     "Pos_date": 1701389194000
}