{
     "Matricula": "7EC070513C90F85CC0D9282F55D6418B5BE5ADD95DF1ADE195847F3C1C72A5B8",
     "Latitud": 18.4884289,
     "Longitud": -70.5030614,
     "Distance": 0.2166165857307396,
     "Pos_date": 1701393644000
}