{
     "Matricula": "7EC070513C90F85CC0D9282F55D6418B5BE5ADD95DF1ADE195847F3C1C72A5B8",
     "Latitud": 18.4896843,
     "Longitud": -70.5035729,
     "Distance": 0.1496534491458718,
     "Pos_date": 1701393653000
}