{
     "Matricula": "7EC070513C90F85CC0D9282F55D6418B5BE5ADD95DF1ADE195847F3C1C72A5B8",
     "Latitud": 18.4912223,
     "Longitud": -70.5029365,
     "Distance": 0.1837147588397177,
     "Pos_date": 1701393664000
}