{
     "Matricula": "7EC070513C90F85CC0D9282F55D6418B5BE5ADD95DF1ADE195847F3C1C72A5B8",
     "Latitud": 18.4935223,
     "Longitud": -70.5026292,
     "Distance": 0.2577935838080529,
     "Pos_date": 1701393683000
}