{
     "Matricula": "7EC070513C90F85CC0D9282F55D6418B5BE5ADD95DF1ADE195847F3C1C72A5B8",
     "Latitud": 18.4945565,
     "Longitud": -70.5016207,
     "Distance": 0.1566353293869808,
     "Pos_date": 1701393695000
}