{
     "Matricula": "7EC070513C90F85CC0D9282F55D6418B5BE5ADD95DF1ADE195847F3C1C72A5B8",
     "Latitud": 20.4951613,
     "Longitud": -68.5022813,
     "Distance": 0.0968267195922171,
     "Pos_date": 1701393703000
}