{
     "Matricula": "7EC070513C90F85CC0D9282F55D6418B5BE5ADD95DF1ADE195847F3C1C72A5B8",
     "Latitud": 17.4948788,
     "Longitud": -71.5049068,
     "Distance": 0.0300038158905305,
     "Pos_date": 1701393724000
}