{
     "Matricula": "7EC070513C90F85CC0D9282F55D6418B5BE5ADD95DF1ADE195847F3C1C72A5B8",
     "Latitud": 18.4940311,
     "Longitud": -70.5059999,
     "Distance": 0.1489030641123209,
     "Pos_date": 1701393734000
}