{
     "Matricula": "B3C6B707FF586E09DD4455DAB6DEA799EC9DA501B0181ABE235EC1E192A20E3D",
     "Latitud": 42.7724129,
     "Longitud": 3.6731698,
     "Distance": 0.0124559719545526,
     "Pos_date": 1701389250000
}