{
     "Matricula": "7EC070513C90F85CC0D9282F55D6418B5BE5ADD95DF1ADE195847F3C1C72A5B8",
     "Latitud": 17.4983951,
     "Longitud": -71.5117147,
     "Distance": 0.4266211833754146,
     "Pos_date": 1701393784000
}