{
     "Matricula": "7EC070513C90F85CC0D9282F55D6418B5BE5ADD95DF1ADE195847F3C1C72A5B8",
     "Latitud": 17.5014343,
     "Longitud": -71.5110373,
     "Distance": 0.3454107900575728,
     "Pos_date": 1701393811000
}