{
     "Matricula": "7EC070513C90F85CC0D9282F55D6418B5BE5ADD95DF1ADE195847F3C1C72A5B8",
     "Latitud": 19.5023137,
     "Longitud": -69.5076481,
     "Distance": 0.1153196284163389,
     "Pos_date": 1701393837000
}