{
     "Matricula": "7EC070513C90F85CC0D9282F55D6418B5BE5ADD95DF1ADE195847F3C1C72A5B8",
     "Latitud": 18.5033811,
     "Longitud": -70.5078798,
     "Distance": 0.1211781990572434,
     "Pos_date": 1701393844000
}