{
     "Matricula": "7EC070513C90F85CC0D9282F55D6418B5BE5ADD95DF1ADE195847F3C1C72A5B8",
     "Latitud": 17.5114137,
     "Longitud": -71.5070396,
     "Distance": 0.8975686486606161,
     "Pos_date": 1701393904000
}