{
     "Matricula": "819E6C37F3BADB27EB7E184F15B91B3B5C093D8FD55FF4082DDA5939D8713135",
     "Latitud": 39.24443,
     "Longitud": 9.1892883,
     "Distance": 1.1989228300386914,
     "Pos_date": 1701393915000
}