{
     "Matricula": "FF3C59B448620745BF18F32F614A1E7B43B32C7A89545EC541A90558D199D111",
     "Latitud": 36.9621296,
     "Longitud": -5.6070472,
     "Distance": 1.2770024872303871,
     "Pos_date": 1701389254000
}