{
     "Matricula": "819E6C37F3BADB27EB7E184F15B91B3B5C093D8FD55FF4082DDA5939D8713135",
     "Latitud": 40.2451716,
     "Longitud": 10.1885433,
     "Distance": 0.1044795687808331,
     "Pos_date": 1701393928000
}