{
     "Matricula": "FF3C59B448620745BF18F32F614A1E7B43B32C7A89545EC541A90558D199D111",
     "Latitud": 39.0070641,
     "Longitud": -3.5656475,
     "Distance": 0.0029252105337574,
     "Pos_date": 1701393934000
}