{
     "Matricula": "819E6C37F3BADB27EB7E184F15B91B3B5C093D8FD55FF4082DDA5939D8713135",
     "Latitud": 38.2451983,
     "Longitud": 8.1883583,
     "Distance": 0.0162054735638631,
     "Pos_date": 1701393938000
}