{
     "Matricula": "9010AF87D0F1FCB0AAE1560B63C773703D2207A299A992D278C0AB8B11A50B6C",
     "Latitud": 18.3370288,
     "Longitud": -71.4222885,
     "Distance": 2.331489394439408,
     "Pos_date": 1701393733000
}