{
     "Matricula": "9010AF87D0F1FCB0AAE1560B63C773703D2207A299A992D278C0AB8B11A50B6C",
     "Latitud": 20.3580549,
     "Longitud": -69.4218077,
     "Distance": 2.3385429822581267,
     "Pos_date": 1701393853000
}