{
     "Matricula": "B552A6A633BDA3272B8840DEFAFA97AF693265E69D46098DB86823F714D205DF",
     "Latitud": 43.4618299,
     "Longitud": -3.8044566,
     "Distance": 1.7974480486166249,
     "Pos_date": 1701393939000
}