{
     "Matricula": "09146B272A3A4286F445DB065CDE7500601FEB1F28507C9639C44DBD771361FC",
     "Latitud": 41.1518933,
     "Longitud": -2.761333,
     "Distance": 0.0545517541058528,
     "Pos_date": 1701393947000
}