{
     "Matricula": "D690A42B4F6881C041AAB9AA34E095E67C30D183992E7BDF42CA7CE8B0A0DFF7",
     "Latitud": 27.1019666,
     "Longitud": -16.5294366,
     "Distance": 1.5070256567023603,
     "Pos_date": 1701393949000
}