{
     "Matricula": "B376D69E11972366C72E37CBE81B7693F0A20F60788484249732048A390468A6",
     "Latitud": 37.3104116,
     "Longitud": -5.9563816,
     "Distance": 5.012340017601556,
     "Pos_date": 1701393881000
}