{
     "Matricula": "B376D69E11972366C72E37CBE81B7693F0A20F60788484249732048A390468A6",
     "Latitud": 39.308065,
     "Longitud": -3.975325,
     "Distance": 1.6733218931744265,
     "Pos_date": 1701393942000
}