{
     "Matricula": "B376D69E11972366C72E37CBE81B7693F0A20F60788484249732048A390468A6",
     "Latitud": 38.3078516,
     "Longitud": -4.9757383,
     "Distance": 0.0431686386178171,
     "Pos_date": 1701393949000
}