{
     "Matricula": "F0F277EEF5C8728A87E6D8DB3BE1C61B1BF6A0298E08B5EB4F4464F79596D79A",
     "Latitud": 42.46353,
     "Longitud": 3.2373016,
     "Distance": 3.4553516592537576,
     "Pos_date": 1701393952000
}