{
     "Matricula": "B63287228FC7EFF8199A3AD3348647347BD729F7F432C4450A1B02EDBDDB2B7E",
     "Latitud": 38.4230716,
     "Longitud": -5.61385,
     "Distance": 5.026680235721986,
     "Pos_date": 1701393954000
}