{
     "Matricula": "E0047EE446AB648BEA8D01836B0FBDBA466C8C19A4EFA5788990BB1D505D5919",
     "Latitud": 42.12155166666667,
     "Longitud": 2.1928166666666664,
     "Distance": 0.0099524046296003,
     "Pos_date": 1701393961000
}