{
     "Matricula": "B376D69E11972366C72E37CBE81B7693F0A20F60788484249732048A390468A6",
     "Latitud": 37.3068716,
     "Longitud": -5.9752383,
     "Distance": 0.1173799431499538,
     "Pos_date": 1701393958000
}