{
     "Matricula": "4CD3FCAC24AA17EB8A4985E4F997FD3730871E563B5536B369A38FB9F5E20CDB",
     "Latitud": -32.976578,
     "Longitud": -68.797467,
     "Distance": 0.9446831774405,
     "Pos_date": 1701393939000
}