{
     "Matricula": "4CD3FCAC24AA17EB8A4985E4F997FD3730871E563B5536B369A38FB9F5E20CDB",
     "Latitud": -33.978153,
     "Longitud": -69.796329,
     "Distance": 0.2047917927348975,
     "Pos_date": 1701393955000
}