{
     "Matricula": "7EC070513C90F85CC0D9282F55D6418B5BE5ADD95DF1ADE195847F3C1C72A5B8",
     "Latitud": 18.5204894,
     "Longitud": -70.5072869,
     "Distance": 1.0095099984742466,
     "Pos_date": 1701393964000
}