{
     "Matricula": "9E1AFCD5BA4E22A6760253B3D722E4263303C8E9629BB44029D4F9672DF44A13",
     "Latitud": 18.4670937,
     "Longitud": -69.9386404,
     "Distance": 0.5389605930264098,
     "Pos_date": 1701393822000
}