{
     "Matricula": "9E1AFCD5BA4E22A6760253B3D722E4263303C8E9629BB44029D4F9672DF44A13",
     "Latitud": 19.4671108,
     "Longitud": -68.9385727,
     "Distance": 0.0073891005846464,
     "Pos_date": 1701393876000
}