{
     "Matricula": "9E1AFCD5BA4E22A6760253B3D722E4263303C8E9629BB44029D4F9672DF44A13",
     "Latitud": 19.468026,
     "Longitud": -68.9366839,
     "Distance": 0.1952068489185613,
     "Pos_date": 1701393918000
}