{
     "Matricula": "9E1AFCD5BA4E22A6760253B3D722E4263303C8E9629BB44029D4F9672DF44A13",
     "Latitud": 17.4679955,
     "Longitud": -70.9366316,
     "Distance": 0.0064752049300109,
     "Pos_date": 1701393920000
}