{
     "Matricula": "D690A42B4F6881C041AAB9AA34E095E67C30D183992E7BDF42CA7CE8B0A0DFF7",
     "Latitud": 29.101795,
     "Longitud": -14.5314066,
     "Distance": 0.1941701252584148,
     "Pos_date": 1701393972000
}