{
     "Matricula": "9EA75D576149F526833F7F0CAFBFBD2DC701213D1D0C584D073D35F341947388",
     "Latitud": 39.5527396,
     "Longitud": -4.670533,
     "Distance": 0.0013746176044956,
     "Pos_date": 1701388847000
}