{
     "Matricula": "17EF290090A9EDE96C2B3EC2F6045398FD269B250C4FAAAD79710903A313A36C",
     "Latitud": 40.3970133,
     "Longitud": -3.67652,
     "Distance": 0.0585526621196701,
     "Pos_date": 1701389253000
}