{
     "Matricula": "B552A6A633BDA3272B8840DEFAFA97AF693265E69D46098DB86823F714D205DF",
     "Latitud": 44.4618183,
     "Longitud": -2.8023983,
     "Distance": 0.1661284302792153,
     "Pos_date": 1701393976000
}