{
     "Matricula": "572AC77A5DE790549FEE5175A2B243ADE2CA3CE6CF97AD5735784BA335DE15BA",
     "Latitud": 18.4611221,
     "Longitud": -71.6859979,
     "Distance": 0.0708330963601572,
     "Pos_date": 1701393800000
}