{
     "Matricula": "572AC77A5DE790549FEE5175A2B243ADE2CA3CE6CF97AD5735784BA335DE15BA",
     "Latitud": 18.4673371,
     "Longitud": -71.6869459,
     "Distance": 0.6981877186703138,
     "Pos_date": 1701393860000
}