{
     "Matricula": "572AC77A5DE790549FEE5175A2B243ADE2CA3CE6CF97AD5735784BA335DE15BA",
     "Latitud": 17.4692003,
     "Longitud": -72.6872916,
     "Distance": 0.2103247779048516,
     "Pos_date": 1701393920000
}