{
     "Matricula": "572AC77A5DE790549FEE5175A2B243ADE2CA3CE6CF97AD5735784BA335DE15BA",
     "Latitud": 19.469509,
     "Longitud": -70.6875046,
     "Distance": 0.0409500878315566,
     "Pos_date": 1701393980000
}