{
     "Matricula": "AF69B29555A2B9300AD69F0DD4A23363815A6F6F738E2101803859FC7837E341",
     "Latitud": 42.2609233,
     "Longitud": -3.9140516,
     "Distance": 0.1169998797034487,
     "Pos_date": 1701389252000
}