{
     "Matricula": "B5E5F5D56EC1A0018326921D24E5E67A17CF2D0A2239D1E277F3A20E5B411114",
     "Latitud": 17.5386714,
     "Longitud": -71.0348194,
     "Distance": 0.2436271100044036,
     "Pos_date": 1701393987000
}