{
     "Matricula": "FF3C59B448620745BF18F32F614A1E7B43B32C7A89545EC541A90558D199D111",
     "Latitud": 39.0070739,
     "Longitud": -3.5656509,
     "Distance": 0.0011296945407953,
     "Pos_date": 1701393994000
}