{
     "Matricula": "19CB2C27AEA2A6C6C4DBAAB759FC3A4D6FC7A80E197BBA6B9814F7F04708C407",
     "Latitud": 43.4797499,
     "Longitud": -7.862201600000001,
     "Distance": 1.0320966671509308,
     "Pos_date": 1701393978000
}