{
     "Matricula": "671D8B81DD587CB93F5DAB19E861BF70ED5F9464E646842113481950C358B3EE",
     "Latitud": 41.1704999,
     "Longitud": -7.871073300000001,
     "Distance": 0.5397354901473108,
     "Pos_date": 1701393997000
}