{
     "Matricula": "B63287228FC7EFF8199A3AD3348647347BD729F7F432C4450A1B02EDBDDB2B7E",
     "Latitud": 36.43207,
     "Longitud": -7.6184266,
     "Distance": 1.0791075498147729,
     "Pos_date": 1701394002000
}