{
     "Matricula": "8B2987B5E71A1E3A73B4F3A77C3F6706CC42DF7AAA8EB5D9ECDAA766AE064719",
     "Latitud": 36.4128266,
     "Longitud": -7.0817733,
     "Distance": 0.0170283390920419,
     "Pos_date": 1701393998010
}