{
     "Matricula": "D27B62DF2FE5D39E189D483C49D0DD12E9CE25A8778307460262F026137B0350",
     "Latitud": 44.898315,
     "Longitud": 8.5813383,
     "Distance": 0.0100943426285354,
     "Pos_date": 1701389257000
}