{
     "Matricula": "8B2987B5E71A1E3A73B4F3A77C3F6706CC42DF7AAA8EB5D9ECDAA766AE064719",
     "Latitud": 37.4128266,
     "Longitud": -6.0817733,
     "Distance": 0.0,
     "Pos_date": 1701393998020
}