{
     "Matricula": "09146B272A3A4286F445DB065CDE7500601FEB1F28507C9639C44DBD771361FC",
     "Latitud": 40.1486288,
     "Longitud": -3.7632883,
     "Distance": 0.3992294597529994,
     "Pos_date": 1701394007000
}