{
     "Matricula": "D690A42B4F6881C041AAB9AA34E095E67C30D183992E7BDF42CA7CE8B0A0DFF7",
     "Latitud": 28.0981516,
     "Longitud": -15.5311733,
     "Distance": 0.4057739500706365,
     "Pos_date": 1701394006000
}