{
     "Matricula": "E0047EE446AB648BEA8D01836B0FBDBA466C8C19A4EFA5788990BB1D505D5919",
     "Latitud": 41.121566666666666,
     "Longitud": 1.1928333333333334,
     "Distance": 0.0021750926283801,
     "Pos_date": 1701394021000
}