{
     "Matricula": "7EC070513C90F85CC0D9282F55D6418B5BE5ADD95DF1ADE195847F3C1C72A5B8",
     "Latitud": 19.5286878,
     "Longitud": -69.5060677,
     "Distance": 0.9206399880224728,
     "Pos_date": 1701394024000
}