{
     "Matricula": "B552A6A633BDA3272B8840DEFAFA97AF693265E69D46098DB86823F714D205DF",
     "Latitud": 42.4621216,
     "Longitud": -4.7994916,
     "Distance": 0.2370081901083136,
     "Pos_date": 1701394023000
}