{
     "Matricula": "07F0F06AFDDE789E75C987F1E8AF8E5F48E72512AD4FC4FBD22D89D19D0618BC",
     "Latitud": 42.16574833333333,
     "Longitud": -7.620150000000001,
     "Distance": 0.0061074355976106,
     "Pos_date": 1701394026000
}