{
     "Matricula": "8C9E29596F8BCA1DED94335E1F2ECBD03A860FFF9ADD8403028BCADCABA7D86E",
     "Latitud": 43.352355,
     "Longitud": -3.70303,
     "Distance": 0.0133589183246348,
     "Pos_date": 1701394024000
}