{
     "Matricula": "44C8A1AF0DE74873DDA53C547CDE57CE0ED68811C3D22936C420588ECCE39BF4",
     "Latitud": 43.2620883,
     "Longitud": -2.929485,
     "Distance": 0.1146188020142008,
     "Pos_date": 1701389261000
}