{
     "Matricula": "671D8B81DD587CB93F5DAB19E861BF70ED5F9464E646842113481950C358B3EE",
     "Latitud": 40.167735,
     "Longitud": -8.867935,
     "Distance": 0.4069742339909276,
     "Pos_date": 1701394028000
}