{
     "Matricula": "7E4A080157027B36C4D596160AC49CA6DBA51495D30AB66AC4B6C5D44B16E263",
     "Latitud": 32.6144283,
     "Longitud": -115.3937883,
     "Distance": 1.0413695693185134,
     "Pos_date": 1701394026000
}