{
     "Matricula": "91F9AFDC6C1985163F8A761E33D2A8D932D808A4C7FD5A5F862EDF40F50CC4FF",
     "Latitud": 42.5959,
     "Longitud": -3.5134566,
     "Distance": 5.006455212447586,
     "Pos_date": 1701394027000
}