{
     "Matricula": "B552A6A633BDA3272B8840DEFAFA97AF693265E69D46098DB86823F714D205DF",
     "Latitud": 42.4622649,
     "Longitud": -4.799519999999999,
     "Distance": 0.0160982703835788,
     "Pos_date": 1701394031000
}