{
     "Matricula": "671D8B81DD587CB93F5DAB19E861BF70ED5F9464E646842113481950C358B3EE",
     "Latitud": 40.167365,
     "Longitud": -8.867725,
     "Distance": 0.04484511167183,
     "Pos_date": 1701394035000
}