{
     "Matricula": "819E6C37F3BADB27EB7E184F15B91B3B5C093D8FD55FF4082DDA5939D8713135",
     "Latitud": 40.2433616,
     "Longitud": 10.184915,
     "Distance": 0.360050094091884,
     "Pos_date": 1701394036000
}