{
     "Matricula": "44C8A1AF0DE74873DDA53C547CDE57CE0ED68811C3D22936C420588ECCE39BF4",
     "Latitud": 41.262,
     "Longitud": -4.929595,
     "Distance": 0.0132568110418798,
     "Pos_date": 1701389264000
}