{
     "Matricula": "EFBFEA45FDDA61154A0E59ABA3E3934E7C85941EEFAEFB7062482EFF192DCC74",
     "Latitud": 27.8423533,
     "Longitud": -15.4726416,
     "Distance": 2.384552610173047,
     "Pos_date": 1701392761000
}