{
     "Matricula": "EFBFEA45FDDA61154A0E59ABA3E3934E7C85941EEFAEFB7062482EFF192DCC74",
     "Latitud": 26.84129,
     "Longitud": -16.475221599999998,
     "Distance": 0.2798742642308418,
     "Pos_date": 1701392874000
}