{
     "Matricula": "D690A42B4F6881C041AAB9AA34E095E67C30D183992E7BDF42CA7CE8B0A0DFF7",
     "Latitud": 29.0990783,
     "Longitud": -14.533755,
     "Distance": 0.2733996924973053,
     "Pos_date": 1701394038000
}