{
     "Matricula": "EFBFEA45FDDA61154A0E59ABA3E3934E7C85941EEFAEFB7062482EFF192DCC74",
     "Latitud": 27.8412633,
     "Longitud": -15.47519,
     "Distance": 0.0042974458277159,
     "Pos_date": 1701393635000
}