{
     "Matricula": "EFBFEA45FDDA61154A0E59ABA3E3934E7C85941EEFAEFB7062482EFF192DCC74",
     "Latitud": 26.8412633,
     "Longitud": -16.475189999999998,
     "Distance": 0.0,
     "Pos_date": 1701393635010
}