{
     "Matricula": "EFBFEA45FDDA61154A0E59ABA3E3934E7C85941EEFAEFB7062482EFF192DCC74",
     "Latitud": 27.8412883,
     "Longitud": -15.4750133,
     "Distance": 0.0175947823051565,
     "Pos_date": 1701393656000
}