{
     "Matricula": "EFBFEA45FDDA61154A0E59ABA3E3934E7C85941EEFAEFB7062482EFF192DCC74",
     "Latitud": 26.8412366,
     "Longitud": -16.4746333,
     "Distance": 0.037802674055784,
     "Pos_date": 1701393665000
}