{
     "Matricula": "A6D78066EBB26BC55C204182D5E8C1C47550EFA8F8D3014BC3845CB5056F90B9",
     "Latitud": 53.9292657,
     "Longitud": -3.1337618000000003,
     "Distance": 0.0020265132368788,
     "Pos_date": 1701394021000
}