{
     "Matricula": "5A0441657EC05DA320F373A5EF00D80490BB14853283225899B26A41E11FB993",
     "Latitud": 43.3434416,
     "Longitud": -8.3982099,
     "Distance": 0.5531352937427516,
     "Pos_date": 1701389262000
}