{
     "Matricula": "EFBFEA45FDDA61154A0E59ABA3E3934E7C85941EEFAEFB7062482EFF192DCC74",
     "Latitud": 27.8435,
     "Longitud": -15.4747666,
     "Distance": 0.3799774424514407,
     "Pos_date": 1701393774000
}