{
     "Matricula": "EFBFEA45FDDA61154A0E59ABA3E3934E7C85941EEFAEFB7062482EFF192DCC74",
     "Latitud": 26.84199,
     "Longitud": -16.4768783,
     "Distance": 0.2670225284946986,
     "Pos_date": 1701393851000
}