{
     "Matricula": "EFBFEA45FDDA61154A0E59ABA3E3934E7C85941EEFAEFB7062482EFF192DCC74",
     "Latitud": 28.8410433,
     "Longitud": -14.4751783,
     "Distance": 0.1975360956492302,
     "Pos_date": 1701393914000
}