{
     "Matricula": "EFBFEA45FDDA61154A0E59ABA3E3934E7C85941EEFAEFB7062482EFF192DCC74",
     "Latitud": 28.839985,
     "Longitud": -14.4757433,
     "Distance": 0.1301315433171983,
     "Pos_date": 1701393942000
}