{
     "Matricula": "EFBFEA45FDDA61154A0E59ABA3E3934E7C85941EEFAEFB7062482EFF192DCC74",
     "Latitud": 28.8392783,
     "Longitud": -14.4738633,
     "Distance": 0.2008608066236271,
     "Pos_date": 1701393976000
}