{
     "Matricula": "FF3C59B448620745BF18F32F614A1E7B43B32C7A89545EC541A90558D199D111",
     "Latitud": 38.007075,
     "Longitud": -4.5656677,
     "Distance": 0.0014769963573461,
     "Pos_date": 1701394054000
}