{
     "Matricula": "19CB2C27AEA2A6C6C4DBAAB759FC3A4D6FC7A80E197BBA6B9814F7F04708C407",
     "Latitud": 41.4679833,
     "Longitud": -9.8651366,
     "Distance": 1.3303472133426597,
     "Pos_date": 1701394053000
}