{
     "Matricula": "39A7C03D597FA1866B013468871534F511F50FC1679C2A121B1A0A2E965C4635",
     "Latitud": 41.829485,
     "Longitud": -8.118,
     "Distance": 1.2197618869967233,
     "Pos_date": 1701389269000
}