{
     "Matricula": "8B0FE8F5A3D03881366DD8F638A5D48BAB1174DC7DAFCA6E48EC624B6E1BFCBB",
     "Latitud": 38.320565,
     "Longitud": -5.808445,
     "Distance": 0.5639058392049588,
     "Pos_date": 1701394055000
}