{
     "Matricula": "D27B62DF2FE5D39E189D483C49D0DD12E9CE25A8778307460262F026137B0350",
     "Latitud": 43.8983116,
     "Longitud": 7.58137,
     "Distance": 0.0093777106038073,
     "Pos_date": 1701394057000
}