{
     "Matricula": "4CD3FCAC24AA17EB8A4985E4F997FD3730871E563B5536B369A38FB9F5E20CDB",
     "Latitud": -31.979109,
     "Longitud": -67.796212,
     "Distance": 0.1068612532321757,
     "Pos_date": 1701393983000
}