{
     "Matricula": "7E4A080157027B36C4D596160AC49CA6DBA51495D30AB66AC4B6C5D44B16E263",
     "Latitud": 31.6140816,
     "Longitud": -116.3922666,
     "Distance": 0.1476467526350334,
     "Pos_date": 1701394064000
}