{
     "Matricula": "09146B272A3A4286F445DB065CDE7500601FEB1F28507C9639C44DBD771361FC",
     "Latitud": 39.1457008,
     "Longitud": -4.765325600000001,
     "Distance": 0.3687646550619955,
     "Pos_date": 1701394067000
}