{
     "Matricula": "8B0FE8F5A3D03881366DD8F638A5D48BAB1174DC7DAFCA6E48EC624B6E1BFCBB",
     "Latitud": 37.3202316,
     "Longitud": -6.8101266,
     "Distance": 0.1532533300039846,
     "Pos_date": 1701394066000
}