{
     "Matricula": "B552A6A633BDA3272B8840DEFAFA97AF693265E69D46098DB86823F714D205DF",
     "Latitud": 43.462185,
     "Longitud": -3.8013433,
     "Distance": 0.1474237771528468,
     "Pos_date": 1701394067000
}