{
     "Matricula": "A14E8BE45CB9F9B1B8F8BFBED680BCFE79912B7C935C4B9D80F36FCAEC9F3A48",
     "Latitud": 38.6799333,
     "Longitud": -4.0564316,
     "Distance": 0.1568520587071935,
     "Pos_date": 1701389267000
}