{
     "Matricula": "E0047EE446AB648BEA8D01836B0FBDBA466C8C19A4EFA5788990BB1D505D5919",
     "Latitud": 40.121595,
     "Longitud": 0.1928333333333334,
     "Distance": 0.0031505272734803,
     "Pos_date": 1701394081000
}