{
     "Matricula": "892C6432846C97CB4EEB83A9979FCD72FD379EBD870EF8197E7D3198ED7FB843",
     "Latitud": 40.5672116,
     "Longitud": 1.033385,
     "Distance": 2.292760921705029,
     "Pos_date": 1701394081000
}