{
     "Matricula": "7EC070513C90F85CC0D9282F55D6418B5BE5ADD95DF1ADE195847F3C1C72A5B8",
     "Latitud": 18.5313315,
     "Longitud": -70.5069945,
     "Distance": 0.0737456462512366,
     "Pos_date": 1701394084000
}