{
     "Matricula": "07F0F06AFDDE789E75C987F1E8AF8E5F48E72512AD4FC4FBD22D89D19D0618BC",
     "Latitud": 42.165845,
     "Longitud": -7.620033333333334,
     "Distance": 0.0145228315976527,
     "Pos_date": 1701394086000
}