{
     "Matricula": "F28866C0CF5333C77C245F93F8BE91DB1615539BF1188E087D18FB6EC9040A51",
     "Latitud": 26.9660233,
     "Longitud": -16.3901516,
     "Distance": 4.943258454594829,
     "Pos_date": 1701394086000
}