{
     "Matricula": "D690A42B4F6881C041AAB9AA34E095E67C30D183992E7BDF42CA7CE8B0A0DFF7",
     "Latitud": 28.0948566,
     "Longitud": -15.5313233,
     "Distance": 0.5265568705744091,
     "Pos_date": 1701394085000
}