{
     "Matricula": "7E4A080157027B36C4D596160AC49CA6DBA51495D30AB66AC4B6C5D44B16E263",
     "Latitud": 31.6118666,
     "Longitud": -116.3888633,
     "Distance": 0.4028303400248564,
     "Pos_date": 1701394092000
}