{
     "Matricula": "C6FCE3D69653A0C262509EA6E8A244B4CB6921DD5E08BC3B5502FFC88D6AE9D1",
     "Latitud": 28.44697,
     "Longitud": -16.364055,
     "Distance": 0.3575569838116111,
     "Pos_date": 1701389267000
}