{
     "Matricula": "5471D4E9DBCD688F2DFC585A49AF6C88AA5C7A0B25A4EB1A3F155A715384447C",
     "Latitud": 40.5086983,
     "Longitud": -3.3573933,
     "Distance": 0.0040474213879257,
     "Pos_date": 1701394077000
}