{
     "Matricula": "5471D4E9DBCD688F2DFC585A49AF6C88AA5C7A0B25A4EB1A3F155A715384447C",
     "Latitud": 39.5087433,
     "Longitud": -4.3575833,
     "Distance": 0.0168243759968565,
     "Pos_date": 1701394083000
}