{
     "Matricula": "EFBFEA45FDDA61154A0E59ABA3E3934E7C85941EEFAEFB7062482EFF192DCC74",
     "Latitud": 27.8407183,
     "Longitud": -15.4726633,
     "Distance": 0.1988977077492584,
     "Pos_date": 1701394066000
}