{
     "Matricula": "7EC070513C90F85CC0D9282F55D6418B5BE5ADD95DF1ADE195847F3C1C72A5B8",
     "Latitud": 18.5313599,
     "Longitud": -70.5072456,
     "Distance": 0.0266610601372341,
     "Pos_date": 1701394103000
}