{
     "Matricula": "D690A42B4F6881C041AAB9AA34E095E67C30D183992E7BDF42CA7CE8B0A0DFF7",
     "Latitud": 26.094805,
     "Longitud": -17.5305583,
     "Distance": 0.0752600950319614,
     "Pos_date": 1701394101000
}