{
     "Matricula": "B81D5D3C0ABD5651D35460611801239A551537387FEDC8EFD43EC51B6EE751A2",
     "Latitud": 18.4845966,
     "Longitud": -69.976346,
     "Distance": 2.356338210888885,
     "Pos_date": 1701393918000
}