{
     "Matricula": "B81D5D3C0ABD5651D35460611801239A551537387FEDC8EFD43EC51B6EE751A2",
     "Latitud": 18.4804278,
     "Longitud": -69.9606398,
     "Distance": 1.72001262416716,
     "Pos_date": 1701394038000
}