{
     "Matricula": "9C068A3867FCD608DB8B947A1F23EC1208950C18E3EF0B746E9B2F4310CE4883",
     "Latitud": 38.3594266,
     "Longitud": -5.3252166,
     "Distance": 5.006524507216086,
     "Pos_date": 1701389256000
}