{
     "Matricula": "D690A42B4F6881C041AAB9AA34E095E67C30D183992E7BDF42CA7CE8B0A0DFF7",
     "Latitud": 28.0943066,
     "Longitud": -15.5314583,
     "Distance": 0.1042370840742861,
     "Pos_date": 1701394110000
}