{
     "Matricula": "FF3C59B448620745BF18F32F614A1E7B43B32C7A89545EC541A90558D199D111",
     "Latitud": 37.0075084,
     "Longitud": -5.5655325,
     "Distance": 0.0463199661919107,
     "Pos_date": 1701394114000
}