{
     "Matricula": "81486AACFBE20A1A64655FD2B79DD456B68E4AB7452D1E1295D6FEDCD52DD526",
     "Latitud": 27.9696966,
     "Longitud": -15.3905766,
     "Distance": 5.012680423108396,
     "Pos_date": 1701394115000
}