{
     "Matricula": "671D8B81DD587CB93F5DAB19E861BF70ED5F9464E646842113481950C358B3EE",
     "Latitud": 40.1643199,
     "Longitud": -8.8551666,
     "Distance": 1.1195576008248518,
     "Pos_date": 1701394114000
}