{
     "Matricula": "5471D4E9DBCD688F2DFC585A49AF6C88AA5C7A0B25A4EB1A3F155A715384447C",
     "Latitud": 40.5079316,
     "Longitud": -3.3577533,
     "Distance": 0.0347286988449407,
     "Pos_date": 1701394110000
}