{
     "Matricula": "5471D4E9DBCD688F2DFC585A49AF6C88AA5C7A0B25A4EB1A3F155A715384447C",
     "Latitud": 41.507755,
     "Longitud": -2.3580766,
     "Distance": 0.0320200956015081,
     "Pos_date": 1701394121000
}