{
     "Matricula": "09146B272A3A4286F445DB065CDE7500601FEB1F28507C9639C44DBD771361FC",
     "Latitud": 39.1437849,
     "Longitud": -4.7666328,
     "Distance": 0.2402732004913939,
     "Pos_date": 1701394127000
}