{
     "Matricula": "B5E5F5D56EC1A0018326921D24E5E67A17CF2D0A2239D1E277F3A20E5B411114",
     "Latitud": 19.5382122,
     "Longitud": -69.0342098,
     "Distance": 0.0406270161657294,
     "Pos_date": 1701394131000
}