{
     "Matricula": "D690A42B4F6881C041AAB9AA34E095E67C30D183992E7BDF42CA7CE8B0A0DFF7",
     "Latitud": 28.09574,
     "Longitud": -15.5332583,
     "Distance": 0.2378656999709187,
     "Pos_date": 1701394131000
}