{
     "Matricula": "F7A42C671224FB482AA1F752A7D2E24FBA1044196DF57F8D75B8E03E87517A35",
     "Latitud": 44.352355,
     "Longitud": -7.407914999999999,
     "Distance": 0.793267424483859,
     "Pos_date": 1701388844000
}