{
     "Matricula": "17EF290090A9EDE96C2B3EC2F6045398FD269B250C4FAAAD79710903A313A36C",
     "Latitud": 40.3961083,
     "Longitud": -3.675335,
     "Distance": 0.1421156338433477,
     "Pos_date": 1701389271000
}