{
     "Matricula": "671D8B81DD587CB93F5DAB19E861BF70ED5F9464E646842113481950C358B3EE",
     "Latitud": 39.164255,
     "Longitud": -9.851835,
     "Distance": 0.2831949387351449,
     "Pos_date": 1701394135000
}