{
     "Matricula": "5471D4E9DBCD688F2DFC585A49AF6C88AA5C7A0B25A4EB1A3F155A715384447C",
     "Latitud": 40.5077166,
     "Longitud": -3.3591349,
     "Distance": 0.0895743741701572,
     "Pos_date": 1701394136000
}