{
     "Matricula": "E0047EE446AB648BEA8D01836B0FBDBA466C8C19A4EFA5788990BB1D505D5919",
     "Latitud": 40.121615,
     "Longitud": 0.1928666666666667,
     "Distance": 0.0035695837221552,
     "Pos_date": 1701394141000
}