{
     "Matricula": "E8D5D7745EE18927FC55BAD5FD79EA2AE5C9C781209D76F070370B1DB612B47A",
     "Latitud": 42.2733383,
     "Longitud": -6.8100416,
     "Distance": 0.0188909230606911,
     "Pos_date": 1701394145000
}