{
     "Matricula": "07F0F06AFDDE789E75C987F1E8AF8E5F48E72512AD4FC4FBD22D89D19D0618BC",
     "Latitud": 42.16572666666666,
     "Longitud": -7.620183333333333,
     "Distance": 0.0181877829620916,
     "Pos_date": 1701394146000
}