{
     "Matricula": "5471D4E9DBCD688F2DFC585A49AF6C88AA5C7A0B25A4EB1A3F155A715384447C",
     "Latitud": 41.50748,
     "Longitud": -2.3586766,
     "Distance": 0.0468341420017487,
     "Pos_date": 1701394143000
}