{
     "Matricula": "D690A42B4F6881C041AAB9AA34E095E67C30D183992E7BDF42CA7CE8B0A0DFF7",
     "Latitud": 28.0969449,
     "Longitud": -15.5345516,
     "Distance": 0.1845108763082617,
     "Pos_date": 1701394148000
}