{
     "Matricula": "E8D5D7745EE18927FC55BAD5FD79EA2AE5C9C781209D76F070370B1DB612B47A",
     "Latitud": 42.27328,
     "Longitud": -6.8100116,
     "Distance": 0.0069227277711978,
     "Pos_date": 1701394154000
}