{
     "Matricula": "4CD3FCAC24AA17EB8A4985E4F997FD3730871E563B5536B369A38FB9F5E20CDB",
     "Latitud": -33.983804,
     "Longitud": -69.79799,
     "Distance": 0.5477698827983873,
     "Pos_date": 1701394075000
}