{
     "Matricula": "AE761A87AB9E32A666F296B3596A9CD533B214ECA5D011EE7C0CAE3C6CE822F4",
     "Latitud": 19.6264039,
     "Longitud": -70.2786271,
     "Distance": 0.0720635056866938,
     "Pos_date": 1701389107000
}