{
     "Matricula": "4CD3FCAC24AA17EB8A4985E4F997FD3730871E563B5536B369A38FB9F5E20CDB",
     "Latitud": -32.984549,
     "Longitud": -68.798215,
     "Distance": 0.0854572926092906,
     "Pos_date": 1701394084000
}