{
     "Matricula": "B376D69E11972366C72E37CBE81B7693F0A20F60788484249732048A390468A6",
     "Latitud": 40.2797816,
     "Longitud": -2.9732633,
     "Distance": 3.017201892201266,
     "Pos_date": 1701394080000
}