{
     "Matricula": "B376D69E11972366C72E37CBE81B7693F0A20F60788484249732048A390468A6",
     "Latitud": 38.2716633,
     "Longitud": -4.97216,
     "Distance": 0.907838080351853,
     "Pos_date": 1701394110000
}