{
     "Matricula": "19CB2C27AEA2A6C6C4DBAAB759FC3A4D6FC7A80E197BBA6B9814F7F04708C407",
     "Latitud": 42.454605,
     "Longitud": -8.8736016,
     "Distance": 1.6416923452407932,
     "Pos_date": 1701394163000
}