{
     "Matricula": "819E6C37F3BADB27EB7E184F15B91B3B5C093D8FD55FF4082DDA5939D8713135",
     "Latitud": 38.2417216,
     "Longitud": 8.1771283,
     "Distance": 0.6949273546266985,
     "Pos_date": 1701394167000
}