{
     "Matricula": "D690A42B4F6881C041AAB9AA34E095E67C30D183992E7BDF42CA7CE8B0A0DFF7",
     "Latitud": 28.0978449,
     "Longitud": -15.53703,
     "Distance": 0.2629000442388324,
     "Pos_date": 1701394170000
}