{
     "Matricula": "B3C6B707FF586E09DD4455DAB6DEA799EC9DA501B0181ABE235EC1E192A20E3D",
     "Latitud": 40.7723963,
     "Longitud": 1.6732836999999998,
     "Distance": 0.011269144862405,
     "Pos_date": 1701394175000
}