{
     "Matricula": "AE761A87AB9E32A666F296B3596A9CD533B214ECA5D011EE7C0CAE3C6CE822F4",
     "Latitud": 20.6263535,
     "Longitud": -69.2786281,
     "Distance": 0.0056052106308794,
     "Pos_date": 1701389227000
}