{
     "Matricula": "FF3C59B448620745BF18F32F614A1E7B43B32C7A89545EC541A90558D199D111",
     "Latitud": 38.0103733,
     "Longitud": -4.564618,
     "Distance": 0.3284839192321004,
     "Pos_date": 1701394174000
}