{
     "Matricula": "9010AF87D0F1FCB0AAE1560B63C773703D2207A299A992D278C0AB8B11A50B6C",
     "Latitud": 18.3714492,
     "Longitud": -71.4192782,
     "Distance": 1.512834172402666,
     "Pos_date": 1701393973000
}