{
     "Matricula": "9010AF87D0F1FCB0AAE1560B63C773703D2207A299A992D278C0AB8B11A50B6C",
     "Latitud": 18.378712,
     "Longitud": -71.416745,
     "Distance": 0.0058399805727207,
     "Pos_date": 1701394052000
}