{
     "Matricula": "9010AF87D0F1FCB0AAE1560B63C773703D2207A299A992D278C0AB8B11A50B6C",
     "Latitud": 19.3786852,
     "Longitud": -70.4166551,
     "Distance": 0.0098897603967213,
     "Pos_date": 1701394055000
}