{
     "Matricula": "9010AF87D0F1FCB0AAE1560B63C773703D2207A299A992D278C0AB8B11A50B6C",
     "Latitud": 18.3777102,
     "Longitud": -71.4145762,
     "Distance": 0.2435311584582931,
     "Pos_date": 1701394093000
}