{
     "Matricula": "09146B272A3A4286F445DB065CDE7500601FEB1F28507C9639C44DBD771361FC",
     "Latitud": 40.1405491,
     "Longitud": -3.7688527,
     "Distance": 0.4062837227506212,
     "Pos_date": 1701394187000
}