{
     "Matricula": "2CB47A300E1BF3463CFCDBAE169AD56B99A378744FDD8FC0450114B41E1146AD",
     "Latitud": 39.8915966,
     "Longitud": 4.2380549,
     "Distance": 0.0045288878964992,
     "Pos_date": 1701394185000
}