{
     "Matricula": "2CB47A300E1BF3463CFCDBAE169AD56B99A378744FDD8FC0450114B41E1146AD",
     "Latitud": 38.8915966,
     "Longitud": 3.2380549,
     "Distance": 0.0,
     "Pos_date": 1701394185010
}