{
     "Matricula": "D690A42B4F6881C041AAB9AA34E095E67C30D183992E7BDF42CA7CE8B0A0DFF7",
     "Latitud": 30.098635,
     "Longitud": -13.5368683,
     "Distance": 0.0892755116169465,
     "Pos_date": 1701394184000
}