{
     "Matricula": "AE761A87AB9E32A666F296B3596A9CD533B214ECA5D011EE7C0CAE3C6CE822F4",
     "Latitud": 18.6263382,
     "Longitud": -71.2786189,
     "Distance": 0.0019552036465951,
     "Pos_date": 1701389267000
}