{
     "Matricula": "5471D4E9DBCD688F2DFC585A49AF6C88AA5C7A0B25A4EB1A3F155A715384447C",
     "Latitud": 40.50707,
     "Longitud": -3.352705,
     "Distance": 0.5069185789987677,
     "Pos_date": 1701394197000
}