{
     "Matricula": "07F0F06AFDDE789E75C987F1E8AF8E5F48E72512AD4FC4FBD22D89D19D0618BC",
     "Latitud": 43.165778333333336,
     "Longitud": -6.6200833333333335,
     "Distance": 0.0101526958501963,
     "Pos_date": 1701394206000
}