{
     "Matricula": "5471D4E9DBCD688F2DFC585A49AF6C88AA5C7A0B25A4EB1A3F155A715384447C",
     "Latitud": 40.5056983,
     "Longitud": -3.3530866,
     "Distance": 0.1559010551934254,
     "Pos_date": 1701394212000
}