{
     "Matricula": "F0F277EEF5C8728A87E6D8DB3BE1C61B1BF6A0298E08B5EB4F4464F79596D79A",
     "Latitud": 42.4493933,
     "Longitud": 3.2457916,
     "Distance": 0.1073045691537423,
     "Pos_date": 1701394219000
}