{
     "Matricula": "572AC77A5DE790549FEE5175A2B243ADE2CA3CE6CF97AD5735784BA335DE15BA",
     "Latitud": 19.4698419,
     "Longitud": -70.688029,
     "Distance": 0.0662770616496657,
     "Pos_date": 1701394000000
}