{
     "Matricula": "516291E66CB7B610917EC0E831D1400378A69D1C8F3651431F5D95250A8D4E82",
     "Latitud": 43.8983616,
     "Longitud": 7.581406599999999,
     "Distance": 0.0,
     "Pos_date": 1701389272000
}