{
     "Matricula": "572AC77A5DE790549FEE5175A2B243ADE2CA3CE6CF97AD5735784BA335DE15BA",
     "Latitud": 19.4710682,
     "Longitud": -70.6911395,
     "Distance": 0.3534548595675424,
     "Pos_date": 1701394040000
}