{
     "Matricula": "572AC77A5DE790549FEE5175A2B243ADE2CA3CE6CF97AD5735784BA335DE15BA",
     "Latitud": 19.4712773,
     "Longitud": -70.6915731,
     "Distance": 0.0510580377369977,
     "Pos_date": 1701394100000
}