{
     "Matricula": "572AC77A5DE790549FEE5175A2B243ADE2CA3CE6CF97AD5735784BA335DE15BA",
     "Latitud": 19.4733954,
     "Longitud": -70.693567,
     "Distance": 0.3149039703507865,
     "Pos_date": 1701394160000
}