{
     "Matricula": "572AC77A5DE790549FEE5175A2B243ADE2CA3CE6CF97AD5735784BA335DE15BA",
     "Latitud": 20.4764599,
     "Longitud": -69.6973975,
     "Distance": 0.5266585726794399,
     "Pos_date": 1701394220000
}