{
     "Matricula": "8B0FE8F5A3D03881366DD8F638A5D48BAB1174DC7DAFCA6E48EC624B6E1BFCBB",
     "Latitud": 37.3223533,
     "Longitud": -6.8418733,
     "Distance": 2.817183292487109,
     "Pos_date": 1701394226000
}