{
     "Matricula": "7E4A080157027B36C4D596160AC49CA6DBA51495D30AB66AC4B6C5D44B16E263",
     "Latitud": 31.6107583,
     "Longitud": -116.386685,
     "Distance": 0.2383603936156961,
     "Pos_date": 1701394230000
}