{
     "Matricula": "FF3C59B448620745BF18F32F614A1E7B43B32C7A89545EC541A90558D199D111",
     "Latitud": 38.0134208,
     "Longitud": -4.5637118,
     "Distance": 0.3480427850930866,
     "Pos_date": 1701394234000
}