{
     "Matricula": "A380A614532C7F70201FF7711BE76CD4919A0FD320D3476BECCDECE8CA433C2C",
     "Latitud": 39.3837166,
     "Longitud": -4.4175416,
     "Distance": 0.0100238538121654,
     "Pos_date": 1701394234000
}