{
     "Matricula": "2E6DE46599917276EA118315105E20AEC32E0A63CDE37C796351602488BB3A89",
     "Latitud": 39.2564683,
     "Longitud": 9.0779666,
     "Distance": 0.0,
     "Pos_date": 1701394233000
}