{
     "Matricula": "F4AE0241D1A98FCCB07393881F2EB5F012112A9453EE549C474D6C427E650864",
     "Latitud": 38.36018,
     "Longitud": -1.2709483,
     "Distance": 0.1723956543691962,
     "Pos_date": 1701389274000
}