{
     "Matricula": "671D8B81DD587CB93F5DAB19E861BF70ED5F9464E646842113481950C358B3EE",
     "Latitud": 39.152915,
     "Longitud": -9.85821,
     "Distance": 1.3724088824221836,
     "Pos_date": 1701394245000
}