{
     "Matricula": "09146B272A3A4286F445DB065CDE7500601FEB1F28507C9639C44DBD771361FC",
     "Latitud": 40.1358763,
     "Longitud": -3.7720616,
     "Distance": 0.586843962074586,
     "Pos_date": 1701394247000
}