{
     "Matricula": "892C6432846C97CB4EEB83A9979FCD72FD379EBD870EF8197E7D3198ED7FB843",
     "Latitud": 41.5802983,
     "Longitud": 2.0267883,
     "Distance": 1.5552053912823722,
     "Pos_date": 1701394247000
}