{
     "Matricula": "B5E5F5D56EC1A0018326921D24E5E67A17CF2D0A2239D1E277F3A20E5B411114",
     "Latitud": 19.5398874,
     "Longitud": -69.0341355,
     "Distance": 0.1430510759452302,
     "Pos_date": 1701394251000
}