{
     "Matricula": "B63287228FC7EFF8199A3AD3348647347BD729F7F432C4450A1B02EDBDDB2B7E",
     "Latitud": 38.4486566,
     "Longitud": -5.6233466,
     "Distance": 1.8948090884384725,
     "Pos_date": 1701394084000
}