{
     "Matricula": "8B0FE8F5A3D03881366DD8F638A5D48BAB1174DC7DAFCA6E48EC624B6E1BFCBB",
     "Latitud": 37.3247,
     "Longitud": -6.8419833,
     "Distance": 0.2611227173133902,
     "Pos_date": 1701394251000
}