{
     "Matricula": "671D8B81DD587CB93F5DAB19E861BF70ED5F9464E646842113481950C358B3EE",
     "Latitud": 41.1530583,
     "Longitud": -7.8584666,
     "Distance": 0.027009249992658,
     "Pos_date": 1701394252000
}