{
     "Matricula": "4CD3FCAC24AA17EB8A4985E4F997FD3730871E563B5536B369A38FB9F5E20CDB",
     "Latitud": -32.986062,
     "Longitud": -68.791262,
     "Distance": 0.6633450801728666,
     "Pos_date": 1701394195000
}