{
     "Matricula": "F28866C0CF5333C77C245F93F8BE91DB1615539BF1188E087D18FB6EC9040A51",
     "Latitud": 27.9944666,
     "Longitud": -15.3916166,
     "Distance": 3.1660250831579,
     "Pos_date": 1701394253000
}