{
     "Matricula": "79FAC09BD0C0202DF4FA067B1C35E780A118C5B4C4641D16D8175F1A069598F8",
     "Latitud": 39.623615,
     "Longitud": -8.1251666,
     "Distance": 0.2022100159342401,
     "Pos_date": 1701389274000
}