{
     "Matricula": "892C6432846C97CB4EEB83A9979FCD72FD379EBD870EF8197E7D3198ED7FB843",
     "Latitud": 42.5802533,
     "Longitud": 3.0266483,
     "Distance": 0.0126743167371011,
     "Pos_date": 1701394257000
}