{
     "Matricula": "5471D4E9DBCD688F2DFC585A49AF6C88AA5C7A0B25A4EB1A3F155A715384447C",
     "Latitud": 40.5055999,
     "Longitud": -3.3635383,
     "Distance": 0.8837201114792332,
     "Pos_date": 1701394256000
}