{
     "Matricula": "A6D78066EBB26BC55C204182D5E8C1C47550EFA8F8D3014BC3845CB5056F90B9",
     "Latitud": 52.9292868,
     "Longitud": -4.1337923,
     "Distance": 0.002682515214907,
     "Pos_date": 1701394258000
}