{
     "Matricula": "E0047EE446AB648BEA8D01836B0FBDBA466C8C19A4EFA5788990BB1D505D5919",
     "Latitud": 40.121543333333335,
     "Longitud": 0.1926999999999998,
     "Distance": 0.0030788192094457,
     "Pos_date": 1701394261000
}