{
     "Matricula": "7E4A080157027B36C4D596160AC49CA6DBA51495D30AB66AC4B6C5D44B16E263",
     "Latitud": 33.61316,
     "Longitud": -114.3858283,
     "Distance": 0.2788518225599722,
     "Pos_date": 1701394260000
}