{
     "Matricula": "8B0FE8F5A3D03881366DD8F638A5D48BAB1174DC7DAFCA6E48EC624B6E1BFCBB",
     "Latitud": 38.3254066,
     "Longitud": -5.84173,
     "Distance": 0.0817004754681255,
     "Pos_date": 1701394262000
}