{
     "Matricula": "7E4A080157027B36C4D596160AC49CA6DBA51495D30AB66AC4B6C5D44B16E263",
     "Latitud": 32.6131666,
     "Longitud": -115.3859216,
     "Distance": 0.0087695009889148,
     "Pos_date": 1701394262000
}