{
     "Matricula": "D690A42B4F6881C041AAB9AA34E095E67C30D183992E7BDF42CA7CE8B0A0DFF7",
     "Latitud": 29.0999566,
     "Longitud": -14.5363316,
     "Distance": 0.1561003316224572,
     "Pos_date": 1701394263000
}