{
     "Matricula": "07F0F06AFDDE789E75C987F1E8AF8E5F48E72512AD4FC4FBD22D89D19D0618BC",
     "Latitud": 42.16581166666667,
     "Longitud": -7.620066666666666,
     "Distance": 0.0039603768141244,
     "Pos_date": 1701394266000
}