{
     "Matricula": "7E4A080157027B36C4D596160AC49CA6DBA51495D30AB66AC4B6C5D44B16E263",
     "Latitud": 32.6129016,
     "Longitud": -115.386015,
     "Distance": 0.0307378553697352,
     "Pos_date": 1701394266000
}