{
     "Matricula": "B5E5F5D56EC1A0018326921D24E5E67A17CF2D0A2239D1E277F3A20E5B411114",
     "Latitud": 18.5405098,
     "Longitud": -70.0336705,
     "Distance": 0.0848109711742431,
     "Pos_date": 1701394269000
}