{
     "Matricula": "679894276A1A15836A4517559DE4C780456B019AEABB4FBF9E878A1EEB665D57",
     "Latitud": 42.267685,
     "Longitud": -2.9719466,
     "Distance": 0.0,
     "Pos_date": 1701394261640
}