{
     "Matricula": "19CB2C27AEA2A6C6C4DBAAB759FC3A4D6FC7A80E197BBA6B9814F7F04708C407",
     "Latitud": 43.4421216,
     "Longitud": -7.863413299999999,
     "Distance": 1.620370769100569,
     "Pos_date": 1701394269000
}