{
     "Matricula": "81486AACFBE20A1A64655FD2B79DD456B68E4AB7452D1E1295D6FEDCD52DD526",
     "Latitud": 28.9944733,
     "Longitud": -14.3915316,
     "Distance": 2.756642683007255,
     "Pos_date": 1701394273000
}