{
     "Matricula": "7E4A080157027B36C4D596160AC49CA6DBA51495D30AB66AC4B6C5D44B16E263",
     "Latitud": 33.612475,
     "Longitud": -114.3861733,
     "Distance": 0.0496990349627048,
     "Pos_date": 1701394274000
}