{
     "Matricula": "8B0FE8F5A3D03881366DD8F638A5D48BAB1174DC7DAFCA6E48EC624B6E1BFCBB",
     "Latitud": 37.3257266,
     "Longitud": -6.8433066,
     "Distance": 0.1438765697713858,
     "Pos_date": 1701394282000
}