{
     "Matricula": "5E8EDF55BA6EF0E4F0D8E0EF7C9407FED69E720B6E274B80EF7A80193A73B1B4",
     "Latitud": 43.403785,
     "Longitud": -4.7427383,
     "Distance": 5.015751629346875,
     "Pos_date": 1701389275000
}