{
     "Matricula": "B3C6B707FF586E09DD4455DAB6DEA799EC9DA501B0181ABE235EC1E192A20E3D",
     "Latitud": 41.7723464,
     "Longitud": 2.6732455,
     "Distance": 0.0063892766640428,
     "Pos_date": 1701394295000
}