{
     "Matricula": "2CB47A300E1BF3463CFCDBAE169AD56B99A378744FDD8FC0450114B41E1146AD",
     "Latitud": 40.8915949,
     "Longitud": 5.23808,
     "Distance": 0.0021497449474266,
     "Pos_date": 1701394290000
}