{
     "Matricula": "B5E5F5D56EC1A0018326921D24E5E67A17CF2D0A2239D1E277F3A20E5B411114",
     "Latitud": 17.5402534,
     "Longitud": -71.0330251,
     "Distance": 0.0046472882495594,
     "Pos_date": 1701394293000
}