{
     "Matricula": "81486AACFBE20A1A64655FD2B79DD456B68E4AB7452D1E1295D6FEDCD52DD526",
     "Latitud": 27.9944116,
     "Longitud": -15.39062,
     "Distance": 0.0897675419746567,
     "Pos_date": 1701394294000
}