{
     "Matricula": "892C6432846C97CB4EEB83A9979FCD72FD379EBD870EF8197E7D3198ED7FB843",
     "Latitud": 39.5774849,
     "Longitud": 0.0276866,
     "Distance": 0.3197180616443634,
     "Pos_date": 1701394294000
}