{
     "Matricula": "B376D69E11972366C72E37CBE81B7693F0A20F60788484249732048A390468A6",
     "Latitud": 38.2293016,
     "Longitud": -4.9920366,
     "Distance": 5.020017235207404,
     "Pos_date": 1701394288000
}