{
     "Matricula": "09146B272A3A4286F445DB065CDE7500601FEB1F28507C9639C44DBD771361FC",
     "Latitud": 39.1316603,
     "Longitud": -4.7749446,
     "Distance": 0.5290016050517524,
     "Pos_date": 1701394307000
}