{
     "Matricula": "13235751DB1148FCD42982232152D28444DC7A0A8CB2EAB8BAC00A92D7E0DEA0",
     "Latitud": 41.3801516,
     "Longitud": 2.0987866,
     "Distance": 3.7404621467470456,
     "Pos_date": 1701389263000
}