{
     "Matricula": "B552A6A633BDA3272B8840DEFAFA97AF693265E69D46098DB86823F714D205DF",
     "Latitud": 44.4620266,
     "Longitud": -2.8023483,
     "Distance": 0.083002523966977,
     "Pos_date": 1701394307000
}