{
     "Matricula": "B5E5F5D56EC1A0018326921D24E5E67A17CF2D0A2239D1E277F3A20E5B411114",
     "Latitud": 17.5400768,
     "Longitud": -71.0331563,
     "Distance": 0.0240193325063419,
     "Pos_date": 1701394309000
}