{
     "Matricula": "81486AACFBE20A1A64655FD2B79DD456B68E4AB7452D1E1295D6FEDCD52DD526",
     "Latitud": 27.9951849,
     "Longitud": -15.3908583,
     "Distance": 0.0891135453340789,
     "Pos_date": 1701394311000
}