{
     "Matricula": "E0047EE446AB648BEA8D01836B0FBDBA466C8C19A4EFA5788990BB1D505D5919",
     "Latitud": 41.12158333333333,
     "Longitud": 1.19275,
     "Distance": 0.0061093700387608,
     "Pos_date": 1701394321000
}