{
     "Matricula": "D0987C421B7385E3BF5BC30D521B4F7684CDBC4CCE30DF650B89F94579B337DA",
     "Latitud": 37.3711933,
     "Longitud": -6.01436,
     "Distance": 1.283565683929463,
     "Pos_date": 1701392930000
}