{
     "Matricula": "D0987C421B7385E3BF5BC30D521B4F7684CDBC4CCE30DF650B89F94579B337DA",
     "Latitud": 36.3440416,
     "Longitud": -6.987315,
     "Distance": 3.850850503329073,
     "Pos_date": 1701393170000
}