{
     "Matricula": "D0987C421B7385E3BF5BC30D521B4F7684CDBC4CCE30DF650B89F94579B337DA",
     "Latitud": 37.3404899,
     "Longitud": -5.972925,
     "Distance": 1.3320128994262068,
     "Pos_date": 1701393234000
}