{
     "Matricula": "D0987C421B7385E3BF5BC30D521B4F7684CDBC4CCE30DF650B89F94579B337DA",
     "Latitud": 37.3689183,
     "Longitud": -5.9348466,
     "Distance": 4.61740110013705,
     "Pos_date": 1701393463000
}