{
     "Matricula": "F4AE0241D1A98FCCB07393881F2EB5F012112A9453EE549C474D6C427E650864",
     "Latitud": 39.3597666,
     "Longitud": -0.2725833,
     "Distance": 0.1825147944743865,
     "Pos_date": 1701388843000
}