{
     "Matricula": "13235751DB1148FCD42982232152D28444DC7A0A8CB2EAB8BAC00A92D7E0DEA0",
     "Latitud": 41.3807816,
     "Longitud": 2.0991233,
     "Distance": 0.075475671188194,
     "Pos_date": 1701389268000
}