{
     "Matricula": "D0987C421B7385E3BF5BC30D521B4F7684CDBC4CCE30DF650B89F94579B337DA",
     "Latitud": 38.37961,
     "Longitud": -4.89805,
     "Distance": 3.4620707084782563,
     "Pos_date": 1701393703000
}