{
     "Matricula": "D0987C421B7385E3BF5BC30D521B4F7684CDBC4CCE30DF650B89F94579B337DA",
     "Latitud": 38.364615,
     "Longitud": -4.8764649,
     "Distance": 2.5334579331382936,
     "Pos_date": 1701393857000
}