{
     "Matricula": "D0987C421B7385E3BF5BC30D521B4F7684CDBC4CCE30DF650B89F94579B337DA",
     "Latitud": 36.36036,
     "Longitud": -6.8774166,
     "Distance": 0.4805531854755691,
     "Pos_date": 1701393941000
}