{
     "Matricula": "D0987C421B7385E3BF5BC30D521B4F7684CDBC4CCE30DF650B89F94579B337DA",
     "Latitud": 36.3572416,
     "Longitud": -6.8723266,
     "Distance": 0.5679974281375663,
     "Pos_date": 1701394181000
}