{
     "Matricula": "91F9AFDC6C1985163F8A761E33D2A8D932D808A4C7FD5A5F862EDF40F50CC4FF",
     "Latitud": 41.6077183,
     "Longitud": -4.4355416,
     "Distance": 1.6032899389602904,
     "Pos_date": 1701394324000
}