{
     "Matricula": "19CB2C27AEA2A6C6C4DBAAB759FC3A4D6FC7A80E197BBA6B9814F7F04708C407",
     "Latitud": 42.4330933,
     "Longitud": -8.8501966,
     "Distance": 1.4779013805685792,
     "Pos_date": 1701394338000
}