{
     "Matricula": "13235751DB1148FCD42982232152D28444DC7A0A8CB2EAB8BAC00A92D7E0DEA0",
     "Latitud": 42.38071,
     "Longitud": 3.1002416,
     "Distance": 0.0936425976796677,
     "Pos_date": 1701389276000
}