{
     "Matricula": "4CD3FCAC24AA17EB8A4985E4F997FD3730871E563B5536B369A38FB9F5E20CDB",
     "Latitud": -33.986055,
     "Longitud": -69.791224,
     "Distance": 0.0036287519183697,
     "Pos_date": 1701394315000
}