{
     "Matricula": "91F9AFDC6C1985163F8A761E33D2A8D932D808A4C7FD5A5F862EDF40F50CC4FF",
     "Latitud": 41.60835,
     "Longitud": -4.4347949,
     "Distance": 0.0578335501301284,
     "Pos_date": 1701394350000
}