{
     "Matricula": "39A7C03D597FA1866B013468871534F511F50FC1679C2A121B1A0A2E965C4635",
     "Latitud": 44.23904,
     "Longitud": -7.1241366,
     "Distance": 2.0100131342736054,
     "Pos_date": 1701392989000
}