{
     "Matricula": "39A7C03D597FA1866B013468871534F511F50FC1679C2A121B1A0A2E965C4635",
     "Latitud": 44.240145,
     "Longitud": -7.131354999999999,
     "Distance": 0.5974974010632929,
     "Pos_date": 1701393013000
}