{
     "Matricula": "39A7C03D597FA1866B013468871534F511F50FC1679C2A121B1A0A2E965C4635",
     "Latitud": 43.2401166,
     "Longitud": -8.1339283,
     "Distance": 0.2084725184082855,
     "Pos_date": 1701393026000
}