{
     "Matricula": "B81D5D3C0ABD5651D35460611801239A551537387FEDC8EFD43EC51B6EE751A2",
     "Latitud": 18.4833769,
     "Longitud": -69.9354055,
     "Distance": 2.6813389387662805,
     "Pos_date": 1701394158000
}