{
     "Matricula": "B81D5D3C0ABD5651D35460611801239A551537387FEDC8EFD43EC51B6EE751A2",
     "Latitud": 19.482249,
     "Longitud": -68.9205406,
     "Distance": 1.572653868398373,
     "Pos_date": 1701394278000
}