{
     "Matricula": "09146B272A3A4286F445DB065CDE7500601FEB1F28507C9639C44DBD771361FC",
     "Latitud": 42.1273465,
     "Longitud": -1.7779165,
     "Distance": 0.542150363668266,
     "Pos_date": 1701394367000
}