{
     "Matricula": "39A7C03D597FA1866B013468871534F511F50FC1679C2A121B1A0A2E965C4635",
     "Latitud": 43.2402533,
     "Longitud": -8.1355166,
     "Distance": 0.0516420188669291,
     "Pos_date": 1701393369000
}