{
     "Matricula": "39A7C03D597FA1866B013468871534F511F50FC1679C2A121B1A0A2E965C4635",
     "Latitud": 44.2431216,
     "Longitud": -7.1441666,
     "Distance": 0.5430932655248739,
     "Pos_date": 1701393418000
}