{
     "Matricula": "39A7C03D597FA1866B013468871534F511F50FC1679C2A121B1A0A2E965C4635",
     "Latitud": 42.2457316,
     "Longitud": -9.1517966,
     "Distance": 0.682770667959438,
     "Pos_date": 1701393442000
}