{
     "Matricula": "892C6432846C97CB4EEB83A9979FCD72FD379EBD870EF8197E7D3198ED7FB843",
     "Latitud": 42.5804433,
     "Longitud": 3.0235466,
     "Distance": 0.3638211848159367,
     "Pos_date": 1701394374000
}