{
     "Matricula": "5471D4E9DBCD688F2DFC585A49AF6C88AA5C7A0B25A4EB1A3F155A715384447C",
     "Latitud": 40.497645,
     "Longitud": -3.3892033,
     "Distance": 2.343366609163076,
     "Pos_date": 1701394373000
}