{
     "Matricula": "39A7C03D597FA1866B013468871534F511F50FC1679C2A121B1A0A2E965C4635",
     "Latitud": 43.2453749,
     "Longitud": -8.1766316,
     "Distance": 2.0119559838694485,
     "Pos_date": 1701393516000
}