{
     "Matricula": "39A7C03D597FA1866B013468871534F511F50FC1679C2A121B1A0A2E965C4635",
     "Latitud": 44.2516583,
     "Longitud": -7.1796883000000005,
     "Distance": 0.7412490017678589,
     "Pos_date": 1701393539000
}