{
     "Matricula": "39A7C03D597FA1866B013468871534F511F50FC1679C2A121B1A0A2E965C4635",
     "Latitud": 43.2571249,
     "Longitud": -8.1817966,
     "Distance": 0.6313836248077168,
     "Pos_date": 1701393561000
}