{
     "Matricula": "39A7C03D597FA1866B013468871534F511F50FC1679C2A121B1A0A2E965C4635",
     "Latitud": 45.2627716,
     "Longitud": -6.195575,
     "Distance": 1.2802863194943277,
     "Pos_date": 1701393606000
}