{
     "Matricula": "39A7C03D597FA1866B013468871534F511F50FC1679C2A121B1A0A2E965C4635",
     "Latitud": 44.2611616,
     "Longitud": -7.220336599999999,
     "Distance": 2.0130555637055045,
     "Pos_date": 1701393682000
}