{
     "Matricula": "B63287228FC7EFF8199A3AD3348647347BD729F7F432C4450A1B02EDBDDB2B7E",
     "Latitud": 37.4865816,
     "Longitud": -6.6540966,
     "Distance": 5.014845974906431,
     "Pos_date": 1701394301000
}