{
     "Matricula": "81486AACFBE20A1A64655FD2B79DD456B68E4AB7452D1E1295D6FEDCD52DD526",
     "Latitud": 27.99918,
     "Longitud": -15.390165,
     "Distance": 0.4494203108081128,
     "Pos_date": 1701394377000
}