{
     "Matricula": "5A0441657EC05DA320F373A5EF00D80490BB14853283225899B26A41E11FB993",
     "Latitud": 43.3449616,
     "Longitud": -8.3992566,
     "Distance": 0.1890262125626566,
     "Pos_date": 1701389283000
}