{
     "Matricula": "39A7C03D597FA1866B013468871534F511F50FC1679C2A121B1A0A2E965C4635",
     "Latitud": 42.2644899,
     "Longitud": -9.22808,
     "Distance": 0.7280904747677418,
     "Pos_date": 1701393709000
}