{
     "Matricula": "39A7C03D597FA1866B013468871534F511F50FC1679C2A121B1A0A2E965C4635",
     "Latitud": 43.2699883,
     "Longitud": -8.2330199,
     "Distance": 0.7306054258977911,
     "Pos_date": 1701393735000
}