{
     "Matricula": "39A7C03D597FA1866B013468871534F511F50FC1679C2A121B1A0A2E965C4635",
     "Latitud": 42.269135,
     "Longitud": -9.2386499,
     "Distance": 0.4656046695701331,
     "Pos_date": 1701393753000
}