{
     "Matricula": "39A7C03D597FA1866B013468871534F511F50FC1679C2A121B1A0A2E965C4635",
     "Latitud": 44.26762,
     "Longitud": -7.2436033,
     "Distance": 0.4350045350544739,
     "Pos_date": 1701393774000
}