{
     "Matricula": "39A7C03D597FA1866B013468871534F511F50FC1679C2A121B1A0A2E965C4635",
     "Latitud": 45.2748416,
     "Longitud": -6.254815000000001,
     "Distance": 1.2119401196209074,
     "Pos_date": 1701393827000
}