{
     "Matricula": "E0047EE446AB648BEA8D01836B0FBDBA466C8C19A4EFA5788990BB1D505D5919",
     "Latitud": 41.121625,
     "Longitud": 1.1927333333333334,
     "Distance": 0.0048388971569232,
     "Pos_date": 1701394381000
}