{
     "Matricula": "39A7C03D597FA1866B013468871534F511F50FC1679C2A121B1A0A2E965C4635",
     "Latitud": 44.2758333,
     "Longitud": -7.25878,
     "Distance": 0.3394095870272184,
     "Pos_date": 1701393844000
}