{
     "Matricula": "39A7C03D597FA1866B013468871534F511F50FC1679C2A121B1A0A2E965C4635",
     "Latitud": 43.2848966,
     "Longitud": -8.275675,
     "Distance": 0.2634911791352392,
     "Pos_date": 1701393919000
}