{
     "Matricula": "A14E8BE45CB9F9B1B8F8BFBED680BCFE79912B7C935C4B9D80F36FCAEC9F3A48",
     "Latitud": 37.6799383,
     "Longitud": -5.056405,
     "Distance": 0.0023749887164708,
     "Pos_date": 1701389284000
}