{
     "Matricula": "39A7C03D597FA1866B013468871534F511F50FC1679C2A121B1A0A2E965C4635",
     "Latitud": 44.2924316,
     "Longitud": -7.281139899999999,
     "Distance": 0.9474465899638828,
     "Pos_date": 1701393958000
}