{
     "Matricula": "39A7C03D597FA1866B013468871534F511F50FC1679C2A121B1A0A2E965C4635",
     "Latitud": 44.2952916,
     "Longitud": -7.276943299999999,
     "Distance": 0.4652879031397974,
     "Pos_date": 1701393977000
}