{
     "Matricula": "81486AACFBE20A1A64655FD2B79DD456B68E4AB7452D1E1295D6FEDCD52DD526",
     "Latitud": 26.9992033,
     "Longitud": -16.3901816,
     "Distance": 0.0030608328242063,
     "Pos_date": 1701394386000
}