{
     "Matricula": "39A7C03D597FA1866B013468871534F511F50FC1679C2A121B1A0A2E965C4635",
     "Latitud": 42.3008666,
     "Longitud": -9.2533366,
     "Distance": 2.008487381615928,
     "Pos_date": 1701394058000
}