{
     "Matricula": "39A7C03D597FA1866B013468871534F511F50FC1679C2A121B1A0A2E965C4635",
     "Latitud": 43.3157933,
     "Longitud": -8.2195416,
     "Distance": 1.716278853193946,
     "Pos_date": 1701394193000
}