{
     "Matricula": "39A7C03D597FA1866B013468871534F511F50FC1679C2A121B1A0A2E965C4635",
     "Latitud": 43.334265,
     "Longitud": -8.19771,
     "Distance": 2.0082183909890245,
     "Pos_date": 1701394301000
}