{
     "Matricula": "19CB2C27AEA2A6C6C4DBAAB759FC3A4D6FC7A80E197BBA6B9814F7F04708C407",
     "Latitud": 42.4242549,
     "Longitud": -8.84772,
     "Distance": 1.003587073113246,
     "Pos_date": 1701394388000
}