{
     "Matricula": "79FAC09BD0C0202DF4FA067B1C35E780A118C5B4C4641D16D8175F1A069598F8",
     "Latitud": 39.6233666,
     "Longitud": -8.123625,
     "Distance": 0.1104884901455441,
     "Pos_date": 1701389292000
}