{
     "Matricula": "39A7C03D597FA1866B013468871534F511F50FC1679C2A121B1A0A2E965C4635",
     "Latitud": 43.3393133,
     "Longitud": -8.1990749,
     "Distance": 0.5720968748608692,
     "Pos_date": 1701394323000
}