{
     "Matricula": "39A7C03D597FA1866B013468871534F511F50FC1679C2A121B1A0A2E965C4635",
     "Latitud": 43.3485,
     "Longitud": -8.2008916,
     "Distance": 0.312357422852506,
     "Pos_date": 1701394363000
}