{
     "Matricula": "39A7C03D597FA1866B013468871534F511F50FC1679C2A121B1A0A2E965C4635",
     "Latitud": 44.3500516,
     "Longitud": -7.1995399,
     "Distance": 0.2042366225368725,
     "Pos_date": 1701394376000
}