{
     "Matricula": "39A7C03D597FA1866B013468871534F511F50FC1679C2A121B1A0A2E965C4635",
     "Latitud": 43.3505566,
     "Longitud": -8.1994966,
     "Distance": 0.0562625567757065,
     "Pos_date": 1701394381000
}