{
     "Matricula": "671D8B81DD587CB93F5DAB19E861BF70ED5F9464E646842113481950C358B3EE",
     "Latitud": 40.15388,
     "Longitud": -8.8580483,
     "Distance": 0.0980415665809986,
     "Pos_date": 1701394390000
}