{
     "Matricula": "B5E5F5D56EC1A0018326921D24E5E67A17CF2D0A2239D1E277F3A20E5B411114",
     "Latitud": 18.5396465,
     "Longitud": -70.0337228,
     "Distance": 0.0283091349084295,
     "Pos_date": 1701394393000
}