{
     "Matricula": "0B16C103B2FE78C77FD3062A6126735E428F9ACE9432C0E7B1A03E28774F533E",
     "Latitud": 37.9191049,
     "Longitud": -5.0675283,
     "Distance": 0.0,
     "Pos_date": 1701394392010
}