{
     "Matricula": "E8D5D7745EE18927FC55BAD5FD79EA2AE5C9C781209D76F070370B1DB612B47A",
     "Latitud": 43.2734166,
     "Longitud": -5.8103483,
     "Distance": 0.0312054949873353,
     "Pos_date": 1701394394000
}