{
     "Matricula": "3F96C9013935D50EECF37D1327A9282609C3FB158965352D0A5202A86BB2767D",
     "Latitud": 38.0566716,
     "Longitud": -1.2522266,
     "Distance": 0.0073400070950204,
     "Pos_date": 1701394397000
}