{
     "Matricula": "3F96C9013935D50EECF37D1327A9282609C3FB158965352D0A5202A86BB2767D",
     "Latitud": 37.0566716,
     "Longitud": -2.2522266,
     "Distance": 0.0,
     "Pos_date": 1701394397010
}