{
     "Matricula": "819E6C37F3BADB27EB7E184F15B91B3B5C093D8FD55FF4082DDA5939D8713135",
     "Latitud": 39.2325483,
     "Longitud": 9.1708799,
     "Distance": 1.1532767860171125,
     "Pos_date": 1701394407000
}