{
     "Matricula": "B5E5F5D56EC1A0018326921D24E5E67A17CF2D0A2239D1E277F3A20E5B411114",
     "Latitud": 19.5397426,
     "Longitud": -69.0336226,
     "Distance": 0.0103960347461385,
     "Pos_date": 1701394411000
}