{
     "Matricula": "B3C6B707FF586E09DD4455DAB6DEA799EC9DA501B0181ABE235EC1E192A20E3D",
     "Latitud": 41.772377,
     "Longitud": 2.6732212,
     "Distance": 0.0039545427689301,
     "Pos_date": 1701394416000
}