{
     "Matricula": "17EF290090A9EDE96C2B3EC2F6045398FD269B250C4FAAAD79710903A313A36C",
     "Latitud": 40.3950466,
     "Longitud": -3.6772083,
     "Distance": 0.1977470147150281,
     "Pos_date": 1701389297000
}