{
     "Matricula": "9010AF87D0F1FCB0AAE1560B63C773703D2207A299A992D278C0AB8B11A50B6C",
     "Latitud": 20.3730658,
     "Longitud": -69.3949854,
     "Distance": 2.118924771976097,
     "Pos_date": 1701394213000
}