{
     "Matricula": "9010AF87D0F1FCB0AAE1560B63C773703D2207A299A992D278C0AB8B11A50B6C",
     "Latitud": 18.3704297,
     "Longitud": -71.3723667,
     "Distance": 2.3907372112450607,
     "Pos_date": 1701394331000
}