{
     "Matricula": "9010AF87D0F1FCB0AAE1560B63C773703D2207A299A992D278C0AB8B11A50B6C",
     "Latitud": 18.3704915,
     "Longitud": -71.3720026,
     "Distance": 0.038807624223578,
     "Pos_date": 1701394333000
}