{
     "Matricula": "09146B272A3A4286F445DB065CDE7500601FEB1F28507C9639C44DBD771361FC",
     "Latitud": 41.1213677,
     "Longitud": -2.7820053,
     "Distance": 0.7502248397456134,
     "Pos_date": 1701394427000
}