{
     "Matricula": "91F9AFDC6C1985163F8A761E33D2A8D932D808A4C7FD5A5F862EDF40F50CC4FF",
     "Latitud": 40.6084666,
     "Longitud": -5.4383849,
     "Distance": 0.2987563409183338,
     "Pos_date": 1701394431000
}