{
     "Matricula": "7A06063FA823557213CDFF5ACAE6A6852CAF3E72BFEF400205A28C766001ABE0",
     "Latitud": 44.4867183,
     "Longitud": -7.2339783,
     "Distance": 0.0067833715415349,
     "Pos_date": 1701394412000
}