{
     "Matricula": "91F9AFDC6C1985163F8A761E33D2A8D932D808A4C7FD5A5F862EDF40F50CC4FF",
     "Latitud": 40.6085333,
     "Longitud": -5.43827,
     "Distance": 0.0120939847420478,
     "Pos_date": 1701394435000
}