{
     "Matricula": "4CD3FCAC24AA17EB8A4985E4F997FD3730871E563B5536B369A38FB9F5E20CDB",
     "Latitud": -32.986043,
     "Longitud": -68.791209,
     "Distance": 0.0019333493301114,
     "Pos_date": 1701394386000
}