{
     "Matricula": "4CD3FCAC24AA17EB8A4985E4F997FD3730871E563B5536B369A38FB9F5E20CDB",
     "Latitud": -32.986048,
     "Longitud": -68.791082,
     "Distance": 0.0118584305474365,
     "Pos_date": 1701394390000
}