{
     "Matricula": "13235751DB1148FCD42982232152D28444DC7A0A8CB2EAB8BAC00A92D7E0DEA0",
     "Latitud": 42.38068,
     "Longitud": 3.1024166,
     "Distance": 0.1814983734833601,
     "Pos_date": 1701389294000
}