{
     "Matricula": "4CD3FCAC24AA17EB8A4985E4F997FD3730871E563B5536B369A38FB9F5E20CDB",
     "Latitud": -32.986368,
     "Longitud": -68.789528,
     "Distance": 0.1492462673433771,
     "Pos_date": 1701394435000
}