{
     "Matricula": "E3E8F1AD9B12379B532D35471D0A4CB38EC76FB9448BADEA9F411A71487B31C4",
     "Latitud": 36.4510816,
     "Longitud": -6.2177733,
     "Distance": 0.0124138735264116,
     "Pos_date": 1701394437000
}