{
     "Matricula": "892C6432846C97CB4EEB83A9979FCD72FD379EBD870EF8197E7D3198ED7FB843",
     "Latitud": 41.5800799,
     "Longitud": 2.013265,
     "Distance": 0.8561457044656586,
     "Pos_date": 1701394464000
}