{
     "Matricula": "572AC77A5DE790549FEE5175A2B243ADE2CA3CE6CF97AD5735784BA335DE15BA",
     "Latitud": 18.4802237,
     "Longitud": -71.703922,
     "Distance": 0.8018550449184646,
     "Pos_date": 1701394280000
}