{
     "Matricula": "572AC77A5DE790549FEE5175A2B243ADE2CA3CE6CF97AD5735784BA335DE15BA",
     "Latitud": 19.4817312,
     "Longitud": -70.7065067,
     "Distance": 0.3186125785116837,
     "Pos_date": 1701394340000
}