{
     "Matricula": "572AC77A5DE790549FEE5175A2B243ADE2CA3CE6CF97AD5735784BA335DE15BA",
     "Latitud": 20.4839035,
     "Longitud": -69.7099024,
     "Distance": 0.4301827235256463,
     "Pos_date": 1701394400000
}