{
     "Matricula": "82FDF5C4ADC6E39A518110E31495EFB4F9C1F561693EA662EF8FAD8D63999384",
     "Latitud": 41.0942216,
     "Longitud": -1.3031383,
     "Distance": 0.9789696181133364,
     "Pos_date": 1701388839000
}