{
     "Matricula": "572AC77A5DE790549FEE5175A2B243ADE2CA3CE6CF97AD5735784BA335DE15BA",
     "Latitud": 19.4865182,
     "Longitud": -70.7129319,
     "Distance": 0.4305612783768119,
     "Pos_date": 1701394460000
}