{
     "Matricula": "819E6C37F3BADB27EB7E184F15B91B3B5C093D8FD55FF4082DDA5939D8713135",
     "Latitud": 41.2320783,
     "Longitud": 11.1705649,
     "Distance": 0.0588844521091812,
     "Pos_date": 1701394467000
}