{
     "Matricula": "A6CB6B76C9ECB8C0FF4649D07C374C16E8745047A84303D7E6673F577AC7D644",
     "Latitud": 37.68931,
     "Longitud": -8.091355,
     "Distance": 0.0,
     "Pos_date": 1701394468000
}