{
     "Matricula": "B376D69E11972366C72E37CBE81B7693F0A20F60788484249732048A390468A6",
     "Latitud": 38.1844483,
     "Longitud": -4.9981283,
     "Distance": 5.015787496595819,
     "Pos_date": 1701394461000
}