{
     "Matricula": "892C6432846C97CB4EEB83A9979FCD72FD379EBD870EF8197E7D3198ED7FB843",
     "Latitud": 41.5801849,
     "Longitud": 2.0129966,
     "Distance": 0.0251934555309594,
     "Pos_date": 1701394477000
}