{
     "Matricula": "79FAC09BD0C0202DF4FA067B1C35E780A118C5B4C4641D16D8175F1A069598F8",
     "Latitud": 37.6235116,
     "Longitud": -10.1230666,
     "Distance": 0.0511190838693415,
     "Pos_date": 1701389301000
}