{
     "Matricula": "892C6432846C97CB4EEB83A9979FCD72FD379EBD870EF8197E7D3198ED7FB843",
     "Latitud": 40.5802766,
     "Longitud": 1.0131483,
     "Distance": 0.0162229117420727,
     "Pos_date": 1701394478000
}