{
     "Matricula": "09146B272A3A4286F445DB065CDE7500601FEB1F28507C9639C44DBD771361FC",
     "Latitud": 41.1132487,
     "Longitud": -2.7872433,
     "Distance": 1.0066889482166743,
     "Pos_date": 1701394487000
}