{
     "Matricula": "1FE60CE123FE31D1895941F5902C518E1368095294E9D5414FD1ADB8D0D07BF1",
     "Latitud": 40.4659016,
     "Longitud": -3.635785,
     "Distance": 0.0113768291208462,
     "Pos_date": 1701394486000
}