{
     "Matricula": "39A7C03D597FA1866B013468871534F511F50FC1679C2A121B1A0A2E965C4635",
     "Latitud": 42.3549233,
     "Longitud": -9.2086466,
     "Distance": 0.8184602380774251,
     "Pos_date": 1701394441000
}