{
     "Matricula": "39A7C03D597FA1866B013468871534F511F50FC1679C2A121B1A0A2E965C4635",
     "Latitud": 43.3569866,
     "Longitud": -8.21036,
     "Distance": 0.2680070998327417,
     "Pos_date": 1701394459000
}