{
     "Matricula": "39A7C03D597FA1866B013468871534F511F50FC1679C2A121B1A0A2E965C4635",
     "Latitud": 44.3571283,
     "Longitud": -7.210626599999999,
     "Distance": 0.0266992394964455,
     "Pos_date": 1701394466000
}