{
     "Matricula": "39A7C03D597FA1866B013468871534F511F50FC1679C2A121B1A0A2E965C4635",
     "Latitud": 44.3566083,
     "Longitud": -7.211538300000001,
     "Distance": 0.0936829268095054,
     "Pos_date": 1701394476000
}