{
     "Matricula": "B376D69E11972366C72E37CBE81B7693F0A20F60788484249732048A390468A6",
     "Latitud": 39.1774,
     "Longitud": -4.0050483,
     "Distance": 0.9899939867876408,
     "Pos_date": 1701394500000
}