{
     "Matricula": "7A06063FA823557213CDFF5ACAE6A6852CAF3E72BFEF400205A28C766001ABE0",
     "Latitud": 44.4868266,
     "Longitud": -7.2340266,
     "Distance": 0.0126571654971854,
     "Pos_date": 1701394507000
}