{
     "Matricula": "7A06063FA823557213CDFF5ACAE6A6852CAF3E72BFEF400205A28C766001ABE0",
     "Latitud": 43.4868266,
     "Longitud": -8.2340266,
     "Distance": 0.0,
     "Pos_date": 1701394507010
}