{
     "Matricula": "F28866C0CF5333C77C245F93F8BE91DB1615539BF1188E087D18FB6EC9040A51",
     "Latitud": 27.99921,
     "Longitud": -15.3905233,
     "Distance": 0.5362484219789,
     "Pos_date": 1701394511000
}