{
     "Matricula": "8B0FE8F5A3D03881366DD8F638A5D48BAB1174DC7DAFCA6E48EC624B6E1BFCBB",
     "Latitud": 36.3245216,
     "Longitud": -7.84414,
     "Distance": 0.1529177309383344,
     "Pos_date": 1701394522000
}