{
     "Matricula": "7E4A080157027B36C4D596160AC49CA6DBA51495D30AB66AC4B6C5D44B16E263",
     "Latitud": 32.6115283,
     "Longitud": -115.3863816,
     "Distance": 0.0960739526500147,
     "Pos_date": 1701394522000
}