{
     "Matricula": "AFD5148D8A999F8F2550CA4016B323A81490232058731E5BD298BCE508F41106",
     "Latitud": 43.9182516,
     "Longitud": -7.2426116,
     "Distance": 0.0,
     "Pos_date": 1701394529010
}