{
     "Matricula": "B3C6B707FF586E09DD4455DAB6DEA799EC9DA501B0181ABE235EC1E192A20E3D",
     "Latitud": 41.7723684,
     "Longitud": 2.6732051,
     "Distance": 0.0016422882193813,
     "Pos_date": 1701394536000
}