{
     "Matricula": "B63287228FC7EFF8199A3AD3348647347BD729F7F432C4450A1B02EDBDDB2B7E",
     "Latitud": 35.520875,
     "Longitud": -8.6911433,
     "Distance": 5.02201726479947,
     "Pos_date": 1701394529000
}