{
     "Matricula": "FF3C59B448620745BF18F32F614A1E7B43B32C7A89545EC541A90558D199D111",
     "Latitud": 39.0141915,
     "Longitud": -3.5634242,
     "Distance": 0.0012125328456383,
     "Pos_date": 1701394534000
}