{
     "Matricula": "4CD3FCAC24AA17EB8A4985E4F997FD3730871E563B5536B369A38FB9F5E20CDB",
     "Latitud": -32.986904,
     "Longitud": -68.786575,
     "Distance": 0.2818016082955749,
     "Pos_date": 1701394468000
}