{
     "Matricula": "4CD3FCAC24AA17EB8A4985E4F997FD3730871E563B5536B369A38FB9F5E20CDB",
     "Latitud": -31.986811000000003,
     "Longitud": -67.78652,
     "Distance": 0.0115435934196131,
     "Pos_date": 1701394470000
}