{
     "Matricula": "4CD3FCAC24AA17EB8A4985E4F997FD3730871E563B5536B369A38FB9F5E20CDB",
     "Latitud": -32.985722,
     "Longitud": -68.786239,
     "Distance": 0.1238953205414107,
     "Pos_date": 1701394487000
}