{
     "Matricula": "4CD3FCAC24AA17EB8A4985E4F997FD3730871E563B5536B369A38FB9F5E20CDB",
     "Latitud": -31.985655,
     "Longitud": -67.786384,
     "Distance": 0.0154405554387229,
     "Pos_date": 1701394491000
}