{
     "Matricula": "E69D60580100D0461193C6EEF546D7D8F1C16A4DB77DD2A8C28C5E412560CF24",
     "Latitud": 43.4542183,
     "Longitud": -3.8271566,
     "Distance": 0.0,
     "Pos_date": 1701389306010
}