{
     "Matricula": "4CD3FCAC24AA17EB8A4985E4F997FD3730871E563B5536B369A38FB9F5E20CDB",
     "Latitud": -32.985432,
     "Longitud": -68.787635,
     "Distance": 0.119288111607769,
     "Pos_date": 1701394512000
}