{
     "Matricula": "4CD3FCAC24AA17EB8A4985E4F997FD3730871E563B5536B369A38FB9F5E20CDB",
     "Latitud": -30.985487,
     "Longitud": -66.787663,
     "Distance": 0.0066500073450022,
     "Pos_date": 1701394514000
}