{
     "Matricula": "4CD3FCAC24AA17EB8A4985E4F997FD3730871E563B5536B369A38FB9F5E20CDB",
     "Latitud": -30.985892,
     "Longitud": -66.787815,
     "Distance": 0.0472128723124103,
     "Pos_date": 1701394526000
}