{
     "Matricula": "4CD3FCAC24AA17EB8A4985E4F997FD3730871E563B5536B369A38FB9F5E20CDB",
     "Latitud": -32.985889,
     "Longitud": -68.787852,
     "Distance": 0.0034671103510334,
     "Pos_date": 1701394529000
}