{
     "Matricula": "B376D69E11972366C72E37CBE81B7693F0A20F60788484249732048A390468A6",
     "Latitud": 38.1704333,
     "Longitud": -4.9979583,
     "Distance": 0.9920774480943824,
     "Pos_date": 1701394542000
}