{
     "Matricula": "19CB2C27AEA2A6C6C4DBAAB759FC3A4D6FC7A80E197BBA6B9814F7F04708C407",
     "Latitud": 42.4136866,
     "Longitud": -8.8128883,
     "Distance": 3.091328047692881,
     "Pos_date": 1701394543000
}