{
     "Matricula": "F4AE0241D1A98FCCB07393881F2EB5F012112A9453EE549C474D6C427E650864",
     "Latitud": 37.362175,
     "Longitud": -2.2667683,
     "Distance": 0.4309176614190589,
     "Pos_date": 1701389308000
}