{
     "Matricula": "09146B272A3A4286F445DB065CDE7500601FEB1F28507C9639C44DBD771361FC",
     "Latitud": 41.1042614,
     "Longitud": -2.7902235,
     "Distance": 1.030982204658879,
     "Pos_date": 1701394547000
}