{
     "Matricula": "B552A6A633BDA3272B8840DEFAFA97AF693265E69D46098DB86823F714D205DF",
     "Latitud": 43.46208,
     "Longitud": -3.8023183,
     "Distance": 0.0064125021855907,
     "Pos_date": 1701394547000
}