{
     "Matricula": "B505798DC7ED76BB9D4538F2F4057A1DF38D96751F3DB4F05EBED09AC13BB45A",
     "Latitud": 38.7068283,
     "Longitud": -5.8620833,
     "Distance": 0.0,
     "Pos_date": 1701394554000
}