{
     "Matricula": "E0047EE446AB648BEA8D01836B0FBDBA466C8C19A4EFA5788990BB1D505D5919",
     "Latitud": 42.121685,
     "Longitud": 2.1928333333333336,
     "Distance": 0.0029419052868651,
     "Pos_date": 1701394561000
}