{
     "Matricula": "7E4A080157027B36C4D596160AC49CA6DBA51495D30AB66AC4B6C5D44B16E263",
     "Latitud": 33.6110216,
     "Longitud": -114.387105,
     "Distance": 0.0881221117707524,
     "Pos_date": 1701394561000
}