{
     "Matricula": "19CB2C27AEA2A6C6C4DBAAB759FC3A4D6FC7A80E197BBA6B9814F7F04708C407",
     "Latitud": 42.4120066,
     "Longitud": -8.8133483,
     "Distance": 0.1905866054283768,
     "Pos_date": 1701394563000
}