{
     "Matricula": "07F0F06AFDDE789E75C987F1E8AF8E5F48E72512AD4FC4FBD22D89D19D0618BC",
     "Latitud": 40.16576666666667,
     "Longitud": -9.620183333333332,
     "Distance": 0.0072316896006391,
     "Pos_date": 1701394566000
}