{
     "Matricula": "19CB2C27AEA2A6C6C4DBAAB759FC3A4D6FC7A80E197BBA6B9814F7F04708C407",
     "Latitud": 43.4122533,
     "Longitud": -7.8132366,
     "Distance": 0.0289239993659182,
     "Pos_date": 1701394565000
}