{
     "Matricula": "D9D9D59026E4C7569F2B1ED821BDDCFDB7CC5CA4D82B4EBC06EB64696AEE3346",
     "Latitud": 33.5585583,
     "Longitud": -114.30329,
     "Distance": 2.5807915885033843,
     "Pos_date": 1701389310000
}