{
     "Matricula": "892C6432846C97CB4EEB83A9979FCD72FD379EBD870EF8197E7D3198ED7FB843",
     "Latitud": 39.5802616,
     "Longitud": 0.0131082999999998,
     "Distance": 0.0037217481166683,
     "Pos_date": 1701394574000
}