{
     "Matricula": "B376D69E11972366C72E37CBE81B7693F0A20F60788484249732048A390468A6",
     "Latitud": 38.1668566,
     "Longitud": -4.9912033,
     "Distance": 0.7119684158677917,
     "Pos_date": 1701394572000
}