{
     "Matricula": "7326E87A9FA1258D1654E6E0A2B1F237B2622CA2F03581C5B7443CCC248EB5CB",
     "Latitud": 37.5670683,
     "Longitud": -6.753925,
     "Distance": 0.0,
     "Pos_date": 1701394583010
}