{
     "Matricula": "7A06063FA823557213CDFF5ACAE6A6852CAF3E72BFEF400205A28C766001ABE0",
     "Latitud": 43.4884033,
     "Longitud": -8.2359366,
     "Distance": 0.2447418402356882,
     "Pos_date": 1701394583000
}