{
     "Matricula": "39A7C03D597FA1866B013468871534F511F50FC1679C2A121B1A0A2E965C4635",
     "Latitud": 44.3539333,
     "Longitud": -7.214634999999999,
     "Distance": 0.0,
     "Pos_date": 1701394578010
}