{
     "Matricula": "FF3C59B448620745BF18F32F614A1E7B43B32C7A89545EC541A90558D199D111",
     "Latitud": 38.9720553,
     "Longitud": -3.6005916,
     "Distance": 1.2403169341946727,
     "Pos_date": 1701389314000
}