{
     "Matricula": "B81D5D3C0ABD5651D35460611801239A551537387FEDC8EFD43EC51B6EE751A2",
     "Latitud": 18.4802912,
     "Longitud": -69.9053886,
     "Distance": 1.612697824093797,
     "Pos_date": 1701394398000
}