{
     "Matricula": "19CB2C27AEA2A6C6C4DBAAB759FC3A4D6FC7A80E197BBA6B9814F7F04708C407",
     "Latitud": 42.4158866,
     "Longitud": -8.8125299,
     "Distance": 0.4081494339938071,
     "Pos_date": 1701394604000
}