{
     "Matricula": "09146B272A3A4286F445DB065CDE7500601FEB1F28507C9639C44DBD771361FC",
     "Latitud": 40.0941912,
     "Longitud": -3.7921952,
     "Distance": 1.1322456912824377,
     "Pos_date": 1701394607000
}