{
     "Matricula": "F28866C0CF5333C77C245F93F8BE91DB1615539BF1188E087D18FB6EC9040A51",
     "Latitud": 26.99921,
     "Longitud": -16.390523299999998,
     "Distance": 0.0,
     "Pos_date": 1701394605000
}