{
     "Matricula": "19CB2C27AEA2A6C6C4DBAAB759FC3A4D6FC7A80E197BBA6B9814F7F04708C407",
     "Latitud": 43.415735,
     "Longitud": -7.8128049,
     "Distance": 0.0281745867514598,
     "Pos_date": 1701394610000
}