{
     "Matricula": "667CDA8F29183BBCAB7CB48FEB643A79E064A27392D96D6392BB0F086E9E56D1",
     "Latitud": 20.8490948,
     "Longitud": -70.646938,
     "Distance": 0.0429389329367165,
     "Pos_date": 1701394614000
}