{
     "Matricula": "5471D4E9DBCD688F2DFC585A49AF6C88AA5C7A0B25A4EB1A3F155A715384447C",
     "Latitud": 42.5255816,
     "Longitud": -1.4205266,
     "Distance": 4.081896246320171,
     "Pos_date": 1701394613000
}