{
     "Matricula": "19CB2C27AEA2A6C6C4DBAAB759FC3A4D6FC7A80E197BBA6B9814F7F04708C407",
     "Latitud": 43.4156366,
     "Longitud": -7.812835,
     "Distance": 0.0112171395668033,
     "Pos_date": 1701394620000
}