{
     "Matricula": "F4AE0241D1A98FCCB07393881F2EB5F012112A9453EE549C474D6C427E650864",
     "Latitud": 37.3622299,
     "Longitud": -2.2664766,
     "Distance": 0.0264932183561478,
     "Pos_date": 1701389314000
}