{
     "Matricula": "E0047EE446AB648BEA8D01836B0FBDBA466C8C19A4EFA5788990BB1D505D5919",
     "Latitud": 41.12162,
     "Longitud": 1.1928833333333333,
     "Distance": 0.0083534880447806,
     "Pos_date": 1701394621000
}