{
     "Matricula": "07F0F06AFDDE789E75C987F1E8AF8E5F48E72512AD4FC4FBD22D89D19D0618BC",
     "Latitud": 42.16579333333333,
     "Longitud": -7.6203166666666675,
     "Distance": 0.0115483122893702,
     "Pos_date": 1701394626000
}