{
     "Matricula": "667CDA8F29183BBCAB7CB48FEB643A79E064A27392D96D6392BB0F086E9E56D1",
     "Latitud": 20.8491881,
     "Longitud": -70.6464761,
     "Distance": 0.0494110517838808,
     "Pos_date": 1701394628000
}