{
     "Matricula": "667CDA8F29183BBCAB7CB48FEB643A79E064A27392D96D6392BB0F086E9E56D1",
     "Latitud": 19.8491132,
     "Longitud": -71.6464289,
     "Distance": 0.0096816379827981,
     "Pos_date": 1701394631000
}