{
     "Matricula": "4CD3FCAC24AA17EB8A4985E4F997FD3730871E563B5536B369A38FB9F5E20CDB",
     "Latitud": -31.985889,
     "Longitud": -67.787874,
     "Distance": 0.0020519609763244,
     "Pos_date": 1701394555000
}