{
     "Matricula": "4CD3FCAC24AA17EB8A4985E4F997FD3730871E563B5536B369A38FB9F5E20CDB",
     "Latitud": -31.985798000000003,
     "Longitud": -67.787966,
     "Distance": 0.0132673111277324,
     "Pos_date": 1701394580000
}