{
     "Matricula": "4CD3FCAC24AA17EB8A4985E4F997FD3730871E563B5536B369A38FB9F5E20CDB",
     "Latitud": -33.985882,
     "Longitud": -69.788021,
     "Distance": 0.0106563949213899,
     "Pos_date": 1701394593000
}