{
     "Matricula": "4CD3FCAC24AA17EB8A4985E4F997FD3730871E563B5536B369A38FB9F5E20CDB",
     "Latitud": -34.985959,
     "Longitud": -70.788121,
     "Distance": 0.0126610762656813,
     "Pos_date": 1701394596000
}