{
     "Matricula": "4CD3FCAC24AA17EB8A4985E4F997FD3730871E563B5536B369A38FB9F5E20CDB",
     "Latitud": -32.986314,
     "Longitud": -68.788303,
     "Distance": 0.0429694815151845,
     "Pos_date": 1701394606000
}