{
     "Matricula": "17EF290090A9EDE96C2B3EC2F6045398FD269B250C4FAAAD79710903A313A36C",
     "Latitud": 39.3937616,
     "Longitud": -4.6765116,
     "Distance": 0.1545879450994197,
     "Pos_date": 1701389315000
}