{
     "Matricula": "4CD3FCAC24AA17EB8A4985E4F997FD3730871E563B5536B369A38FB9F5E20CDB",
     "Latitud": -32.986728,
     "Longitud": -68.788832,
     "Distance": 0.0674806132386289,
     "Pos_date": 1701394626000
}