{
     "Matricula": "E8D5D7745EE18927FC55BAD5FD79EA2AE5C9C781209D76F070370B1DB612B47A",
     "Latitud": 41.2733266,
     "Longitud": -7.8104183,
     "Distance": 0.0115008044431934,
     "Pos_date": 1701394634000
}