{
     "Matricula": "B3C6B707FF586E09DD4455DAB6DEA799EC9DA501B0181ABE235EC1E192A20E3D",
     "Latitud": 42.7723634,
     "Longitud": 3.6732186,
     "Distance": 0.0012499927280082,
     "Pos_date": 1701394656000
}