{
     "Matricula": "667CDA8F29183BBCAB7CB48FEB643A79E064A27392D96D6392BB0F086E9E56D1",
     "Latitud": 20.8479754,
     "Longitud": -70.646148,
     "Distance": 0.1298840973272448,
     "Pos_date": 1701394657000
}