{
     "Matricula": "45FF096FDD948BC95896C20E328519DDC81882C6850A55275B1A6F561DCEEDC3",
     "Latitud": 41.1996616,
     "Longitud": -2.6791483,
     "Distance": 0.0,
     "Pos_date": 1701394657010
}