{
     "Matricula": "9010AF87D0F1FCB0AAE1560B63C773703D2207A299A992D278C0AB8B11A50B6C",
     "Latitud": 19.3717505,
     "Longitud": -70.3539975,
     "Distance": 1.8939219249743,
     "Pos_date": 1701394453000
}