{
     "Matricula": "96CCDDEBC559BA6C00439D619E2F188E69090FD1EE9491C275FE8A3B84B1DCC3",
     "Latitud": 41.1906816,
     "Longitud": -2.8509933,
     "Distance": 0.2299959492844855,
     "Pos_date": 1701388850000
}