{
     "Matricula": "79FAC09BD0C0202DF4FA067B1C35E780A118C5B4C4641D16D8175F1A069598F8",
     "Latitud": 39.6239549,
     "Longitud": -8.1223766,
     "Distance": 0.0776068520231391,
     "Pos_date": 1701389315000
}