{
     "Matricula": "9010AF87D0F1FCB0AAE1560B63C773703D2207A299A992D278C0AB8B11A50B6C",
     "Latitud": 19.3724176,
     "Longitud": -70.3522239,
     "Distance": 0.2002924239637524,
     "Pos_date": 1701394502000
}