{
     "Matricula": "9010AF87D0F1FCB0AAE1560B63C773703D2207A299A992D278C0AB8B11A50B6C",
     "Latitud": 19.3766469,
     "Longitud": -70.3514141,
     "Distance": 0.4778877450513099,
     "Pos_date": 1701394564000
}