{
     "Matricula": "9010AF87D0F1FCB0AAE1560B63C773703D2207A299A992D278C0AB8B11A50B6C",
     "Latitud": 20.3767186,
     "Longitud": -69.3515084,
     "Distance": 0.0127047515429559,
     "Pos_date": 1701394568000
}