{
     "Matricula": "9010AF87D0F1FCB0AAE1560B63C773703D2207A299A992D278C0AB8B11A50B6C",
     "Latitud": 20.3767551,
     "Longitud": -69.3518305,
     "Distance": 0.0340301227987156,
     "Pos_date": 1701394573000
}