{
     "Matricula": "9010AF87D0F1FCB0AAE1560B63C773703D2207A299A992D278C0AB8B11A50B6C",
     "Latitud": 19.3769212,
     "Longitud": -70.3527849,
     "Distance": 0.1018027813909244,
     "Pos_date": 1701394600000
}