{
     "Matricula": "9010AF87D0F1FCB0AAE1560B63C773703D2207A299A992D278C0AB8B11A50B6C",
     "Latitud": 20.3775407,
     "Longitud": -69.3529248,
     "Distance": 0.0546124291850114,
     "Pos_date": 1701394623000
}