{
     "Matricula": "9010AF87D0F1FCB0AAE1560B63C773703D2207A299A992D278C0AB8B11A50B6C",
     "Latitud": 19.3775214,
     "Longitud": -70.3532982,
     "Distance": 0.0392269877251435,
     "Pos_date": 1701394642000
}