{
     "Matricula": "09146B272A3A4286F445DB065CDE7500601FEB1F28507C9639C44DBD771361FC",
     "Latitud": 41.0842498,
     "Longitud": -2.7942954,
     "Distance": 1.119779482255302,
     "Pos_date": 1701394667000
}