{
     "Matricula": "D9D9D59026E4C7569F2B1ED821BDDCFDB7CC5CA4D82B4EBC06EB64696AEE3346",
     "Latitud": 31.55845,
     "Longitud": -116.3027149,
     "Distance": 0.0552272572091789,
     "Pos_date": 1701389316000
}