{
     "Matricula": "39A7C03D597FA1866B013468871534F511F50FC1679C2A121B1A0A2E965C4635",
     "Latitud": 44.3483166,
     "Longitud": -7.2068566,
     "Distance": 0.8192053502257307,
     "Pos_date": 1701394686000
}