{
     "Matricula": "B376D69E11972366C72E37CBE81B7693F0A20F60788484249732048A390468A6",
     "Latitud": 38.1357933,
     "Longitud": -4.9494333,
     "Distance": 5.027032815293273,
     "Pos_date": 1701394706000
}