{
     "Matricula": "572AC77A5DE790549FEE5175A2B243ADE2CA3CE6CF97AD5735784BA335DE15BA",
     "Latitud": 18.4875339,
     "Longitud": -71.7141098,
     "Distance": 0.1673363423555471,
     "Pos_date": 1701394520000
}