{
     "Matricula": "572AC77A5DE790549FEE5175A2B243ADE2CA3CE6CF97AD5735784BA335DE15BA",
     "Latitud": 19.4894676,
     "Longitud": -70.718578,
     "Distance": 0.515373405493578,
     "Pos_date": 1701394580000
}