{
     "Matricula": "F4AE0241D1A98FCCB07393881F2EB5F012112A9453EE549C474D6C427E650864",
     "Latitud": 38.3623683,
     "Longitud": -1.2666099000000002,
     "Distance": 0.0193810477185395,
     "Pos_date": 1701389317000
}