{
     "Matricula": "572AC77A5DE790549FEE5175A2B243ADE2CA3CE6CF97AD5735784BA335DE15BA",
     "Latitud": 20.4894666,
     "Longitud": -69.7187018,
     "Distance": 0.0129776774213715,
     "Pos_date": 1701394611000
}