{
     "Matricula": "572AC77A5DE790549FEE5175A2B243ADE2CA3CE6CF97AD5735784BA335DE15BA",
     "Latitud": 18.4894108,
     "Longitud": -71.7187954,
     "Distance": 0.0116087921518187,
     "Pos_date": 1701394614000
}