{
     "Matricula": "572AC77A5DE790549FEE5175A2B243ADE2CA3CE6CF97AD5735784BA335DE15BA",
     "Latitud": 20.4893109,
     "Longitud": -69.7188384,
     "Distance": 0.011988045441305,
     "Pos_date": 1701394617000
}