{
     "Matricula": "572AC77A5DE790549FEE5175A2B243ADE2CA3CE6CF97AD5735784BA335DE15BA",
     "Latitud": 18.4885399,
     "Longitud": -71.7189119,
     "Distance": 0.0860769117299537,
     "Pos_date": 1701394632000
}