{
     "Matricula": "572AC77A5DE790549FEE5175A2B243ADE2CA3CE6CF97AD5735784BA335DE15BA",
     "Latitud": 19.488536,
     "Longitud": -70.7189766,
     "Distance": 0.0067959967423277,
     "Pos_date": 1701394635000
}