{
     "Matricula": "572AC77A5DE790549FEE5175A2B243ADE2CA3CE6CF97AD5735784BA335DE15BA",
     "Latitud": 18.4885213,
     "Longitud": -71.7190808,
     "Distance": 0.0110443436548117,
     "Pos_date": 1701394640000
}