{
     "Matricula": "572AC77A5DE790549FEE5175A2B243ADE2CA3CE6CF97AD5735784BA335DE15BA",
     "Latitud": 19.4884856,
     "Longitud": -70.7194242,
     "Distance": 0.0362149703715498,
     "Pos_date": 1701394664000
}