{
     "Matricula": "572AC77A5DE790549FEE5175A2B243ADE2CA3CE6CF97AD5735784BA335DE15BA",
     "Latitud": 19.4884444,
     "Longitud": -70.7194465,
     "Distance": 0.0051431558555134,
     "Pos_date": 1701394667000
}