{
     "Matricula": "572AC77A5DE790549FEE5175A2B243ADE2CA3CE6CF97AD5735784BA335DE15BA",
     "Latitud": 18.4883777,
     "Longitud": -71.7195341,
     "Distance": 0.0022745939563723,
     "Pos_date": 1701394674000
}