{
     "Matricula": "5A0441657EC05DA320F373A5EF00D80490BB14853283225899B26A41E11FB993",
     "Latitud": 42.3455183,
     "Longitud": -9.3998599,
     "Distance": 0.0788157708120207,
     "Pos_date": 1701389318000
}