{
     "Matricula": "572AC77A5DE790549FEE5175A2B243ADE2CA3CE6CF97AD5735784BA335DE15BA",
     "Latitud": 19.4883319,
     "Longitud": -70.7195523,
     "Distance": 0.0054383526379225,
     "Pos_date": 1701394700000
}