{
     "Matricula": "FF3C59B448620745BF18F32F614A1E7B43B32C7A89545EC541A90558D199D111",
     "Latitud": 37.0141471,
     "Longitud": -5.5634218,
     "Distance": 0.0003943171824435,
     "Pos_date": 1701394714000
}