{
     "Matricula": "B5E5F5D56EC1A0018326921D24E5E67A17CF2D0A2239D1E277F3A20E5B411114",
     "Latitud": 18.5404613,
     "Longitud": -70.0338092,
     "Distance": 0.0155344260078735,
     "Pos_date": 1701394719000
}