{
     "Matricula": "09146B272A3A4286F445DB065CDE7500601FEB1F28507C9639C44DBD771361FC",
     "Latitud": 40.0752679,
     "Longitud": -3.7985308,
     "Distance": 1.061763036104302,
     "Pos_date": 1701394727000
}