{
     "Matricula": "1FE60CE123FE31D1895941F5902C518E1368095294E9D5414FD1ADB8D0D07BF1",
     "Latitud": 41.4658133,
     "Longitud": -2.63573,
     "Distance": 0.0108651747154909,
     "Pos_date": 1701394726000
}