{
     "Matricula": "667CDA8F29183BBCAB7CB48FEB643A79E064A27392D96D6392BB0F086E9E56D1",
     "Latitud": 20.8476302,
     "Longitud": -70.6477171,
     "Distance": 0.1642225499517422,
     "Pos_date": 1701394734000
}