{
     "Matricula": "592CC2AABC99C7CAA28E97EF978606A85E961B50ECA4EA6043052F7457B39E17",
     "Latitud": 43.1357933,
     "Longitud": 0.5908817,
     "Distance": 0.1193667875692715,
     "Pos_date": 1701394731000
}