{
     "Matricula": "E69D60580100D0461193C6EEF546D7D8F1C16A4DB77DD2A8C28C5E412560CF24",
     "Latitud": 43.4542783,
     "Longitud": -3.82715,
     "Distance": 0.0066929413476434,
     "Pos_date": 1701389321000
}