{
     "Matricula": "4CD3FCAC24AA17EB8A4985E4F997FD3730871E563B5536B369A38FB9F5E20CDB",
     "Latitud": -32.986541,
     "Longitud": -68.78885,
     "Distance": 0.0208611454997622,
     "Pos_date": 1701394633000
}