{
     "Matricula": "592CC2AABC99C7CAA28E97EF978606A85E961B50ECA4EA6043052F7457B39E17",
     "Latitud": 41.1345983,
     "Longitud": -1.4086683,
     "Distance": 0.1379618285879228,
     "Pos_date": 1701394744000
}