{
     "Matricula": "730655A225241D534D1C78911ACA85AB05E607C709D7B9520443018F8A067709",
     "Latitud": 43.4097016,
     "Longitud": -3.831885,
     "Distance": 0.0176619717160591,
     "Pos_date": 1701394728000
}