{
     "Matricula": "592CC2AABC99C7CAA28E97EF978606A85E961B50ECA4EA6043052F7457B39E17",
     "Latitud": 42.13328,
     "Longitud": -0.4082783,
     "Distance": 0.1500746648876067,
     "Pos_date": 1701394749000
}