{
     "Matricula": "508F5591B74AE64243D2DCF64C584E049B90F347F02FFCBC647164BB8D2FE9F7",
     "Latitud": 18.2879417,
     "Longitud": -71.5745677,
     "Distance": 2.8440211382400755,
     "Pos_date": 1701389161000
}