{
     "Matricula": "D0987C421B7385E3BF5BC30D521B4F7684CDBC4CCE30DF650B89F94579B337DA",
     "Latitud": 37.3571683,
     "Longitud": -5.87226,
     "Distance": 0.0100539934932769,
     "Pos_date": 1701394755000
}