{
     "Matricula": "730655A225241D534D1C78911ACA85AB05E607C709D7B9520443018F8A067709",
     "Latitud": 43.4096083,
     "Longitud": -3.83172,
     "Distance": 0.0168901921601561,
     "Pos_date": 1701394749000
}