{
     "Matricula": "730655A225241D534D1C78911ACA85AB05E607C709D7B9520443018F8A067709",
     "Latitud": 43.4096649,
     "Longitud": -3.83154,
     "Distance": 0.0158438074668577,
     "Pos_date": 1701394758000
}