{
     "Matricula": "730655A225241D534D1C78911ACA85AB05E607C709D7B9520443018F8A067709",
     "Latitud": 42.4097766,
     "Longitud": -4.83146,
     "Distance": 0.0140010611715157,
     "Pos_date": 1701394762000
}