{
     "Matricula": "592CC2AABC99C7CAA28E97EF978606A85E961B50ECA4EA6043052F7457B39E17",
     "Latitud": 43.1335349,
     "Longitud": 0.5917867,
     "Distance": 0.0288459713982271,
     "Pos_date": 1701394762000
}