{
     "Matricula": "508F5591B74AE64243D2DCF64C584E049B90F347F02FFCBC647164BB8D2FE9F7",
     "Latitud": 20.2600598,
     "Longitud": -69.5704803,
     "Distance": 3.1298736055568166,
     "Pos_date": 1701389281000
}