{
     "Matricula": "FF3C59B448620745BF18F32F614A1E7B43B32C7A89545EC541A90558D199D111",
     "Latitud": 39.0141434,
     "Longitud": -3.5633949,
     "Distance": 0.0023922458022913,
     "Pos_date": 1701394774000
}