{
     "Matricula": "B5E5F5D56EC1A0018326921D24E5E67A17CF2D0A2239D1E277F3A20E5B411114",
     "Latitud": 19.5387574,
     "Longitud": -69.0348078,
     "Distance": 0.2167494578247797,
     "Pos_date": 1701394776000
}