{
     "Matricula": "09146B272A3A4286F445DB065CDE7500601FEB1F28507C9639C44DBD771361FC",
     "Latitud": 40.0662004,
     "Longitud": -3.8039562,
     "Distance": 1.1089272353125044,
     "Pos_date": 1701394787000
}