{
     "Matricula": "2CB47A300E1BF3463CFCDBAE169AD56B99A378744FDD8FC0450114B41E1146AD",
     "Latitud": 37.8915833,
     "Longitud": 2.2380266000000004,
     "Distance": 0.0047349208316796,
     "Pos_date": 1701394786000
}