{
     "Matricula": "AF69B29555A2B9300AD69F0DD4A23363815A6F6F738E2101803859FC7837E341",
     "Latitud": 43.2651166,
     "Longitud": -2.9152916,
     "Distance": 0.4769627420805463,
     "Pos_date": 1701389326000
}