{
     "Matricula": "592CC2AABC99C7CAA28E97EF978606A85E961B50ECA4EA6043052F7457B39E17",
     "Latitud": 42.13525,
     "Longitud": -0.4092266,
     "Distance": 0.2082118412687338,
     "Pos_date": 1701394787000
}