{
     "Matricula": "2CB47A300E1BF3463CFCDBAE169AD56B99A378744FDD8FC0450114B41E1146AD",
     "Latitud": 40.8909733,
     "Longitud": 5.238175,
     "Distance": 0.0690005128225086,
     "Pos_date": 1701394792000
}