{
     "Matricula": "B552A6A633BDA3272B8840DEFAFA97AF693265E69D46098DB86823F714D205DF",
     "Latitud": 43.4620616,
     "Longitud": -3.80248,
     "Distance": 0.0132100040249499,
     "Pos_date": 1701394794000
}