{
     "Matricula": "D0987C421B7385E3BF5BC30D521B4F7684CDBC4CCE30DF650B89F94579B337DA",
     "Latitud": 37.3572616,
     "Longitud": -5.8723683,
     "Distance": 0.0141158111296897,
     "Pos_date": 1701394795000
}