{
     "Matricula": "2CB47A300E1BF3463CFCDBAE169AD56B99A378744FDD8FC0450114B41E1146AD",
     "Latitud": 39.8906183,
     "Longitud": 4.238175,
     "Distance": 0.0394742534826668,
     "Pos_date": 1701394799000
}