{
     "Matricula": "2CB47A300E1BF3463CFCDBAE169AD56B99A378744FDD8FC0450114B41E1146AD",
     "Latitud": 38.8906183,
     "Longitud": 3.238175,
     "Distance": 0.0,
     "Pos_date": 1701394799010
}