{
     "Matricula": "DE270AC86D7A5AF5255D130A15B83A4A5536E712ACBDAC6B87A8638D9EF9B2E6",
     "Latitud": 41.3900733,
     "Longitud": -2.6946066,
     "Distance": 2.895334208674513,
     "Pos_date": 1701389330000
}