{
     "Matricula": "B552A6A633BDA3272B8840DEFAFA97AF693265E69D46098DB86823F714D205DF",
     "Latitud": 44.4621083,
     "Longitud": -2.8024483,
     "Distance": 0.005788870751136,
     "Pos_date": 1701394802000
}