{
     "Matricula": "7A06063FA823557213CDFF5ACAE6A6852CAF3E72BFEF400205A28C766001ABE0",
     "Latitud": 43.5039516,
     "Longitud": -8.2215766,
     "Distance": 2.081054641147648,
     "Pos_date": 1701394805000
}