{
     "Matricula": "B5E5F5D56EC1A0018326921D24E5E67A17CF2D0A2239D1E277F3A20E5B411114",
     "Latitud": 17.5382651,
     "Longitud": -71.0341495,
     "Distance": 0.088392128556605,
     "Pos_date": 1701394809000
}