{
     "Matricula": "B552A6A633BDA3272B8840DEFAFA97AF693265E69D46098DB86823F714D205DF",
     "Latitud": 44.4621033,
     "Longitud": -2.802305,
     "Distance": 0.0115789075656305,
     "Pos_date": 1701394819000
}