{
     "Matricula": "F28866C0CF5333C77C245F93F8BE91DB1615539BF1188E087D18FB6EC9040A51",
     "Latitud": 28.8568983,
     "Longitud": -14.38972,
     "Distance": 0.031973365561712,
     "Pos_date": 1701389335000
}