{
     "Matricula": "B552A6A633BDA3272B8840DEFAFA97AF693265E69D46098DB86823F714D205DF",
     "Latitud": 44.4621416,
     "Longitud": -2.8018816,
     "Distance": 0.0344363973001092,
     "Pos_date": 1701394832000
}