{
     "Matricula": "B552A6A633BDA3272B8840DEFAFA97AF693265E69D46098DB86823F714D205DF",
     "Latitud": 42.4621783,
     "Longitud": -4.80181,
     "Distance": 0.0070744042995263,
     "Pos_date": 1701394837000
}