{
     "Matricula": "730655A225241D534D1C78911ACA85AB05E607C709D7B9520443018F8A067709",
     "Latitud": 42.4141316,
     "Longitud": -4.8374516,
     "Distance": 0.6673540322363077,
     "Pos_date": 1701394841000
}