{
     "Matricula": "B81D5D3C0ABD5651D35460611801239A551537387FEDC8EFD43EC51B6EE751A2",
     "Latitud": 19.4760092,
     "Longitud": -68.9070018,
     "Distance": 0.0783308527971713,
     "Pos_date": 1701394638000
}