{
     "Matricula": "B81D5D3C0ABD5651D35460611801239A551537387FEDC8EFD43EC51B6EE751A2",
     "Latitud": 16.4794126,
     "Longitud": -71.8985302,
     "Distance": 0.9702824816026558,
     "Pos_date": 1701394758000
}