{
     "Matricula": "592CC2AABC99C7CAA28E97EF978606A85E961B50ECA4EA6043052F7457B39E17",
     "Latitud": 40.1350083,
     "Longitud": -2.4142349,
     "Distance": 0.413849703519477,
     "Pos_date": 1701394842000
}