{
     "Matricula": "7A06063FA823557213CDFF5ACAE6A6852CAF3E72BFEF400205A28C766001ABE0",
     "Latitud": 43.5101516,
     "Longitud": -8.2197266,
     "Distance": 0.7053694709864796,
     "Pos_date": 1701394845000
}