{
     "Matricula": "09146B272A3A4286F445DB065CDE7500601FEB1F28507C9639C44DBD771361FC",
     "Latitud": 41.0579006,
     "Longitud": -2.8089194,
     "Distance": 1.0149610658644292,
     "Pos_date": 1701394847000
}