{
     "Matricula": "DE270AC86D7A5AF5255D130A15B83A4A5536E712ACBDAC6B87A8638D9EF9B2E6",
     "Latitud": 41.4581333,
     "Longitud": -2.61615,
     "Distance": 0.0159121968083671,
     "Pos_date": 1701394848000
}