{
     "Matricula": "CFC8E23AB50D375541014448310312DEB58C3A69A2292705B9FB8E2A5A1B60AB",
     "Latitud": 42.3066466,
     "Longitud": -4.0093616,
     "Distance": 0.0315201692986646,
     "Pos_date": 1701388850000
}