{
     "Matricula": "4CD3FCAC24AA17EB8A4985E4F997FD3730871E563B5536B369A38FB9F5E20CDB",
     "Latitud": -33.880813,
     "Longitud": -69.07357,
     "Distance": 2.4853131843155283,
     "Pos_date": 1701389275000
}