{
     "Matricula": "5471D4E9DBCD688F2DFC585A49AF6C88AA5C7A0B25A4EB1A3F155A715384447C",
     "Latitud": 40.5446733,
     "Longitud": -3.4732383,
     "Distance": 4.934607024896131,
     "Pos_date": 1701394853000
}