{
     "Matricula": "7A06063FA823557213CDFF5ACAE6A6852CAF3E72BFEF400205A28C766001ABE0",
     "Latitud": 44.5105433,
     "Longitud": -7.219183299999999,
     "Distance": 0.0617795732865183,
     "Pos_date": 1701394856000
}