{
     "Matricula": "DE270AC86D7A5AF5255D130A15B83A4A5536E712ACBDAC6B87A8638D9EF9B2E6",
     "Latitud": 39.458155,
     "Longitud": -4.6161866,
     "Distance": 0.0039256951732757,
     "Pos_date": 1701394856000
}