{
     "Matricula": "592CC2AABC99C7CAA28E97EF978606A85E961B50ECA4EA6043052F7457B39E17",
     "Latitud": 42.13497,
     "Longitud": -0.41489,
     "Distance": 0.0541861970624578,
     "Pos_date": 1701394859000
}