{
     "Matricula": "667CDA8F29183BBCAB7CB48FEB643A79E064A27392D96D6392BB0F086E9E56D1",
     "Latitud": 19.8473397,
     "Longitud": -71.6490812,
     "Distance": 0.1462823654102258,
     "Pos_date": 1701394854000
}