{
     "Matricula": "E0047EE446AB648BEA8D01836B0FBDBA466C8C19A4EFA5788990BB1D505D5919",
     "Latitud": 40.12161166666667,
     "Longitud": 0.1928499999999999,
     "Distance": 0.0027844965657632,
     "Pos_date": 1701394861000
}