{
     "Matricula": "794036F4C2B8ACC9F1283FF50A11F26FBAA9EAC71F1A8C0A679C3F4AC00882ED",
     "Latitud": 40.2938683,
     "Longitud": -3.8245483,
     "Distance": 0.0040808594452867,
     "Pos_date": 1701394855000
}