{
     "Matricula": "E8D5D7745EE18927FC55BAD5FD79EA2AE5C9C781209D76F070370B1DB612B47A",
     "Latitud": 42.273325,
     "Longitud": -6.8100966,
     "Distance": 0.0089064419435972,
     "Pos_date": 1701389335000
}