{
     "Matricula": "B552A6A633BDA3272B8840DEFAFA97AF693265E69D46098DB86823F714D205DF",
     "Latitud": 41.4622183,
     "Longitud": -5.801165,
     "Distance": 0.0522466772641741,
     "Pos_date": 1701394867000
}