{
     "Matricula": "B376D69E11972366C72E37CBE81B7693F0A20F60788484249732048A390468A6",
     "Latitud": 38.1208683,
     "Longitud": -4.8953033,
     "Distance": 5.017147568371936,
     "Pos_date": 1701394849000
}