{
     "Matricula": "39A7C03D597FA1866B013468871534F511F50FC1679C2A121B1A0A2E965C4635",
     "Latitud": 42.3482149,
     "Longitud": -9.2067683,
     "Distance": 0.011040768646082,
     "Pos_date": 1701394870000
}