{
     "Matricula": "DE270AC86D7A5AF5255D130A15B83A4A5536E712ACBDAC6B87A8638D9EF9B2E6",
     "Latitud": 42.4582033,
     "Longitud": -1.6162716,
     "Distance": 0.0089756663153789,
     "Pos_date": 1701394871000
}