{
     "Matricula": "592CC2AABC99C7CAA28E97EF978606A85E961B50ECA4EA6043052F7457B39E17",
     "Latitud": 43.1364916,
     "Longitud": 0.5841533999999999,
     "Distance": 0.1866778971827756,
     "Pos_date": 1701394876000
}