{
     "Matricula": "DE270AC86D7A5AF5255D130A15B83A4A5536E712ACBDAC6B87A8638D9EF9B2E6",
     "Latitud": 41.45826,
     "Longitud": -2.6165316,
     "Distance": 0.0228832458159163,
     "Pos_date": 1701394879000
}