{
     "Matricula": "730655A225241D534D1C78911ACA85AB05E607C709D7B9520443018F8A067709",
     "Latitud": 43.4198116,
     "Longitud": -3.8387716,
     "Distance": 0.640523393577985,
     "Pos_date": 1701394880000
}