{
     "Matricula": "79FAC09BD0C0202DF4FA067B1C35E780A118C5B4C4641D16D8175F1A069598F8",
     "Latitud": 39.6236866,
     "Longitud": -8.1228016,
     "Distance": 0.0474677657642164,
     "Pos_date": 1701389337000
}