{
     "Matricula": "39A7C03D597FA1866B013468871534F511F50FC1679C2A121B1A0A2E965C4635",
     "Latitud": 44.3482783,
     "Longitud": -7.2067666,
     "Distance": 0.0070511081472261,
     "Pos_date": 1701394887000
}