{
     "Matricula": "E695026A7DACC78360B0DFA577DB373C369226B488C2D5CED671FCEF13C066CA",
     "Latitud": 37.0458366,
     "Longitud": -5.1685083,
     "Distance": 0.0108731815897752,
     "Pos_date": 1701394889000
}