{
     "Matricula": "FF3C59B448620745BF18F32F614A1E7B43B32C7A89545EC541A90558D199D111",
     "Latitud": 37.0141361,
     "Longitud": -5.5634075,
     "Distance": 0.0006249931608399,
     "Pos_date": 1701394894000
}