{
     "Matricula": "E695026A7DACC78360B0DFA577DB373C369226B488C2D5CED671FCEF13C066CA",
     "Latitud": 38.0458366,
     "Longitud": -4.1685083,
     "Distance": 0.0,
     "Pos_date": 1701394889010
}