{
     "Matricula": "184DBED595C6F20AB530A4BE4CBCF519BB96DD91510E147A00E67492DBD8EDE6",
     "Latitud": 36.2362216,
     "Longitud": -4.6480516000000005,
     "Distance": 0.0001779121280868,
     "Pos_date": 1701394900000
}