{
     "Matricula": "184DBED595C6F20AB530A4BE4CBCF519BB96DD91510E147A00E67492DBD8EDE6",
     "Latitud": 37.2362216,
     "Longitud": -3.6480516,
     "Distance": 0.0,
     "Pos_date": 1701394900010
}