{
     "Matricula": "9010AF87D0F1FCB0AAE1560B63C773703D2207A299A992D278C0AB8B11A50B6C",
     "Latitud": 20.3776387,
     "Longitud": -69.3533082,
     "Distance": 0.0085370186930806,
     "Pos_date": 1701394693000
}