{
     "Matricula": "9010AF87D0F1FCB0AAE1560B63C773703D2207A299A992D278C0AB8B11A50B6C",
     "Latitud": 19.3776313,
     "Longitud": -70.3533157,
     "Distance": 0.0011384205956665,
     "Pos_date": 1701394801000
}