{
     "Matricula": "09146B272A3A4286F445DB065CDE7500601FEB1F28507C9639C44DBD771361FC",
     "Latitud": 41.0509124,
     "Longitud": -2.8130991,
     "Distance": 0.8546146944426773,
     "Pos_date": 1701394907000
}