{
     "Matricula": "B63287228FC7EFF8199A3AD3348647347BD729F7F432C4450A1B02EDBDDB2B7E",
     "Latitud": 37.5668666,
     "Longitud": -6.752415,
     "Distance": 2.638496553349055,
     "Pos_date": 1701394908000
}