{
     "Matricula": "DE270AC86D7A5AF5255D130A15B83A4A5536E712ACBDAC6B87A8638D9EF9B2E6",
     "Latitud": 39.4591833,
     "Longitud": -4.6187933,
     "Distance": 0.2171543239289718,
     "Pos_date": 1701394908000
}