{
     "Matricula": "592CC2AABC99C7CAA28E97EF978606A85E961B50ECA4EA6043052F7457B39E17",
     "Latitud": 42.1383016,
     "Longitud": -0.4184883,
     "Distance": 0.2965694376075302,
     "Pos_date": 1701394919000
}