{
     "Matricula": "17EF290090A9EDE96C2B3EC2F6045398FD269B250C4FAAAD79710903A313A36C",
     "Latitud": 39.4582133,
     "Longitud": -4.61609,
     "Distance": 0.0,
     "Pos_date": 1701394924010
}