{
     "Matricula": "EFBFEA45FDDA61154A0E59ABA3E3934E7C85941EEFAEFB7062482EFF192DCC74",
     "Latitud": 26.8435233,
     "Longitud": -16.4748716,
     "Distance": 0.3800353711099042,
     "Pos_date": 1701394118000
}