{
     "Matricula": "EFBFEA45FDDA61154A0E59ABA3E3934E7C85941EEFAEFB7062482EFF192DCC74",
     "Latitud": 27.8431366,
     "Longitud": -15.4760916,
     "Distance": 0.1274266560548878,
     "Pos_date": 1701394358000
}