{
     "Matricula": "EFBFEA45FDDA61154A0E59ABA3E3934E7C85941EEFAEFB7062482EFF192DCC74",
     "Latitud": 26.8431366,
     "Longitud": -16.4760916,
     "Distance": 0.0,
     "Pos_date": 1701394461000
}