{
     "Matricula": "EFBFEA45FDDA61154A0E59ABA3E3934E7C85941EEFAEFB7062482EFF192DCC74",
     "Latitud": 28.8414866,
     "Longitud": -14.4760966,
     "Distance": 0.1834725410245926,
     "Pos_date": 1701394637000
}