{
     "Matricula": "EFBFEA45FDDA61154A0E59ABA3E3934E7C85941EEFAEFB7062482EFF192DCC74",
     "Latitud": 28.8412333,
     "Longitud": -14.4751633,
     "Distance": 0.0959906111642598,
     "Pos_date": 1701394669000
}