{
     "Matricula": "F4AE0241D1A98FCCB07393881F2EB5F012112A9453EE549C474D6C427E650864",
     "Latitud": 36.36344,
     "Longitud": -3.2678583,
     "Distance": 0.1624010521479925,
     "Pos_date": 1701389339000
}