{
     "Matricula": "EFBFEA45FDDA61154A0E59ABA3E3934E7C85941EEFAEFB7062482EFF192DCC74",
     "Latitud": 28.841205,
     "Longitud": -14.4751099,
     "Distance": 0.0061212817434867,
     "Pos_date": 1701394822000
}