{
     "Matricula": "EFBFEA45FDDA61154A0E59ABA3E3934E7C85941EEFAEFB7062482EFF192DCC74",
     "Latitud": 27.841205,
     "Longitud": -15.4751099,
     "Distance": 0.0,
     "Pos_date": 1701394822010
}