{
     "Matricula": "EFBFEA45FDDA61154A0E59ABA3E3934E7C85941EEFAEFB7062482EFF192DCC74",
     "Latitud": 28.8412166,
     "Longitud": -14.4750483,
     "Distance": 0.0061925652453545,
     "Pos_date": 1701394827000
}