{
     "Matricula": "EFBFEA45FDDA61154A0E59ABA3E3934E7C85941EEFAEFB7062482EFF192DCC74",
     "Latitud": 26.84131,
     "Longitud": -16.4747683,
     "Distance": 0.0294244235367484,
     "Pos_date": 1701394836000
}