{
     "Matricula": "EFBFEA45FDDA61154A0E59ABA3E3934E7C85941EEFAEFB7062482EFF192DCC74",
     "Latitud": 28.8400983,
     "Longitud": -14.4730266,
     "Distance": 0.21790026715982,
     "Pos_date": 1701394871000
}