{
     "Matricula": "EFBFEA45FDDA61154A0E59ABA3E3934E7C85941EEFAEFB7062482EFF192DCC74",
     "Latitud": 25.8407183,
     "Longitud": -17.4726499,
     "Distance": 0.0782606469323878,
     "Pos_date": 1701394885000
}