{
     "Matricula": "EFBFEA45FDDA61154A0E59ABA3E3934E7C85941EEFAEFB7062482EFF192DCC74",
     "Latitud": 27.8418116,
     "Longitud": -15.4734316,
     "Distance": 0.1438282448181276,
     "Pos_date": 1701394909000
}