{
     "Matricula": "592CC2AABC99C7CAA28E97EF978606A85E961B50ECA4EA6043052F7457B39E17",
     "Latitud": 41.1382333,
     "Longitud": -1.4187666,
     "Distance": 0.0241711397489283,
     "Pos_date": 1701394933000
}