{
     "Matricula": "D0987C421B7385E3BF5BC30D521B4F7684CDBC4CCE30DF650B89F94579B337DA",
     "Latitud": 38.3594966,
     "Longitud": -4.8737583,
     "Distance": 0.0604384600424545,
     "Pos_date": 1701394936000
}