{
     "Matricula": "39A7C03D597FA1866B013468871534F511F50FC1679C2A121B1A0A2E965C4635",
     "Latitud": 42.8473316,
     "Longitud": -7.1214183,
     "Distance": 2.003931349607341,
     "Pos_date": 1701389339000
}