{
     "Matricula": "B552A6A633BDA3272B8840DEFAFA97AF693265E69D46098DB86823F714D205DF",
     "Latitud": 43.4623583,
     "Longitud": -3.7974566,
     "Distance": 0.4056232409589541,
     "Pos_date": 1701394941000
}