{
     "Matricula": "EFBFEA45FDDA61154A0E59ABA3E3934E7C85941EEFAEFB7062482EFF192DCC74",
     "Latitud": 28.8425133,
     "Longitud": -14.470035,
     "Distance": 0.3429570971632349,
     "Pos_date": 1701394940000
}