{
     "Matricula": "B552A6A633BDA3272B8840DEFAFA97AF693265E69D46098DB86823F714D205DF",
     "Latitud": 42.4624566,
     "Longitud": -4.797443299999999,
     "Distance": 0.0109830571502993,
     "Pos_date": 1701394946000
}