{
     "Matricula": "39A7C03D597FA1866B013468871534F511F50FC1679C2A121B1A0A2E965C4635",
     "Latitud": 43.351175,
     "Longitud": -8.21069,
     "Distance": 0.4520941104111911,
     "Pos_date": 1701394948000
}