{
     "Matricula": "572AC77A5DE790549FEE5175A2B243ADE2CA3CE6CF97AD5735784BA335DE15BA",
     "Latitud": 20.4883312,
     "Longitud": -69.7195288,
     "Distance": 0.0024646087625293,
     "Pos_date": 1701394744000
}