{
     "Matricula": "572AC77A5DE790549FEE5175A2B243ADE2CA3CE6CF97AD5735784BA335DE15BA",
     "Latitud": 19.4883415,
     "Longitud": -70.7195113,
     "Distance": 0.0021626076688029,
     "Pos_date": 1701394758000
}