{
     "Matricula": "572AC77A5DE790549FEE5175A2B243ADE2CA3CE6CF97AD5735784BA335DE15BA",
     "Latitud": 20.4883414,
     "Longitud": -69.7195418,
     "Distance": 0.0031971710636345,
     "Pos_date": 1701394760000
}