{
     "Matricula": "572AC77A5DE790549FEE5175A2B243ADE2CA3CE6CF97AD5735784BA335DE15BA",
     "Latitud": 18.4883251,
     "Longitud": -71.719593,
     "Distance": 0.0056648045165434,
     "Pos_date": 1701394765000
}