{
     "Matricula": "572AC77A5DE790549FEE5175A2B243ADE2CA3CE6CF97AD5735784BA335DE15BA",
     "Latitud": 18.4883006,
     "Longitud": -71.7196084,
     "Distance": 0.0031666484801499,
     "Pos_date": 1701394768000
}