{
     "Matricula": "572AC77A5DE790549FEE5175A2B243ADE2CA3CE6CF97AD5735784BA335DE15BA",
     "Latitud": 20.4883034,
     "Longitud": -69.7196201,
     "Distance": 0.0012653508615863,
     "Pos_date": 1701394820000
}