{
     "Matricula": "D9D9D59026E4C7569F2B1ED821BDDCFDB7CC5CA4D82B4EBC06EB64696AEE3346",
     "Latitud": 31.5585816,
     "Longitud": -116.3026016,
     "Distance": 0.0180799471743547,
     "Pos_date": 1701389341000
}