{
     "Matricula": "17EF290090A9EDE96C2B3EC2F6045398FD269B250C4FAAAD79710903A313A36C",
     "Latitud": 40.4581783,
     "Longitud": -3.6160483,
     "Distance": 0.0052529633104395,
     "Pos_date": 1701394948000
}