{
     "Matricula": "679894276A1A15836A4517559DE4C780456B019AEABB4FBF9E878A1EEB665D57",
     "Latitud": 42.2679933,
     "Longitud": -2.9717883,
     "Distance": 0.0365991392420781,
     "Pos_date": 1701394947812
}