{
     "Matricula": "FF3C59B448620745BF18F32F614A1E7B43B32C7A89545EC541A90558D199D111",
     "Latitud": 39.0141017,
     "Longitud": -3.5634211,
     "Distance": 0.0040063707928032,
     "Pos_date": 1701394954000
}