{
     "Matricula": "7A06063FA823557213CDFF5ACAE6A6852CAF3E72BFEF400205A28C766001ABE0",
     "Latitud": 44.5261633,
     "Longitud": -7.220588299999999,
     "Distance": 1.74055800235102,
     "Pos_date": 1701394958000
}