{
     "Matricula": "0A95FDC924A12D084991F164A4C6801FFD1622AA0B750D3F6649C4C6DF738FAF",
     "Latitud": 38.8696483,
     "Longitud": -1.1024066,
     "Distance": 0.015406480357141,
     "Pos_date": 1701394943010
}