{
     "Matricula": "0A95FDC924A12D084991F164A4C6801FFD1622AA0B750D3F6649C4C6DF738FAF",
     "Latitud": 39.8696483,
     "Longitud": -0.1024065999999999,
     "Distance": 0.0,
     "Pos_date": 1701394943020
}