{
     "Matricula": "D0987C421B7385E3BF5BC30D521B4F7684CDBC4CCE30DF650B89F94579B337DA",
     "Latitud": 38.3611833,
     "Longitud": -4.8709483,
     "Distance": 0.3112154703385983,
     "Pos_date": 1701394961000
}