{
     "Matricula": "17EF290090A9EDE96C2B3EC2F6045398FD269B250C4FAAAD79710903A313A36C",
     "Latitud": 41.45831,
     "Longitud": -2.6157416,
     "Distance": 0.0297958273244915,
     "Pos_date": 1701394963000
}