{
     "Matricula": "2CB47A300E1BF3463CFCDBAE169AD56B99A378744FDD8FC0450114B41E1146AD",
     "Latitud": 39.8917083,
     "Longitud": 4.2380449,
     "Distance": 0.1217098216050833,
     "Pos_date": 1701394966000
}