{
     "Matricula": "09146B272A3A4286F445DB065CDE7500601FEB1F28507C9639C44DBD771361FC",
     "Latitud": 39.0443153,
     "Longitud": -4.8169784,
     "Distance": 0.8044601554185113,
     "Pos_date": 1701394967000
}