{
     "Matricula": "0A95FDC924A12D084991F164A4C6801FFD1622AA0B750D3F6649C4C6DF738FAF",
     "Latitud": 38.8696816,
     "Longitud": -1.1023833,
     "Distance": 0.0042165945141031,
     "Pos_date": 1701394967000
}