{
     "Matricula": "794036F4C2B8ACC9F1283FF50A11F26FBAA9EAC71F1A8C0A679C3F4AC00882ED",
     "Latitud": 41.2938066,
     "Longitud": -2.82464,
     "Distance": 0.0103709442178267,
     "Pos_date": 1701394967000
}