{
     "Matricula": "7A06063FA823557213CDFF5ACAE6A6852CAF3E72BFEF400205A28C766001ABE0",
     "Latitud": 43.5279483,
     "Longitud": -8.2201016,
     "Distance": 0.2023246454200503,
     "Pos_date": 1701394970000
}