{
     "Matricula": "667CDA8F29183BBCAB7CB48FEB643A79E064A27392D96D6392BB0F086E9E56D1",
     "Latitud": 18.8473245,
     "Longitud": -72.6490648,
     "Distance": 0.0024080779223261,
     "Pos_date": 1701394974000
}