{
     "Matricula": "D0987C421B7385E3BF5BC30D521B4F7684CDBC4CCE30DF650B89F94579B337DA",
     "Latitud": 38.3620566,
     "Longitud": -4.8709616,
     "Distance": 0.0971137776440981,
     "Pos_date": 1701394975000
}