{
     "Matricula": "17EF290090A9EDE96C2B3EC2F6045398FD269B250C4FAAAD79710903A313A36C",
     "Latitud": 41.4586433,
     "Longitud": -2.6163466,
     "Distance": 0.0631948966469166,
     "Pos_date": 1701394976000
}