{
     "Matricula": "B5E5F5D56EC1A0018326921D24E5E67A17CF2D0A2239D1E277F3A20E5B411114",
     "Latitud": 17.538144,
     "Longitud": -71.0341785,
     "Distance": 0.0023232138910914,
     "Pos_date": 1701394982000
}