{
     "Matricula": "679894276A1A15836A4517559DE4C780456B019AEABB4FBF9E878A1EEB665D57",
     "Latitud": 42.268125,
     "Longitud": -2.9717433,
     "Distance": 0.0150908416800835,
     "Pos_date": 1701394981675
}