{
     "Matricula": "5471D4E9DBCD688F2DFC585A49AF6C88AA5C7A0B25A4EB1A3F155A715384447C",
     "Latitud": 40.5559016,
     "Longitud": -3.4881783,
     "Distance": 1.7754388982372449,
     "Pos_date": 1701394928000
}