{
     "Matricula": "184DBED595C6F20AB530A4BE4CBCF519BB96DD91510E147A00E67492DBD8EDE6",
     "Latitud": 38.2361466,
     "Longitud": -2.64806,
     "Distance": 0.0083727197185979,
     "Pos_date": 1701394983000
}