{
     "Matricula": "91F9AFDC6C1985163F8A761E33D2A8D932D808A4C7FD5A5F862EDF40F50CC4FF",
     "Latitud": 42.6086583,
     "Longitud": -3.4367916000000003,
     "Distance": 0.0,
     "Pos_date": 1701394982000
}