{
     "Matricula": "4B2ABF0EECD4EEA20AD134D94167F32BEDAEC963E4A9BEE5AED0D23F3CC5C92E",
     "Latitud": 46.386685,
     "Longitud": 11.7363483,
     "Distance": 0.0100952352663374,
     "Pos_date": 1701394988000
}