{
     "Matricula": "81486AACFBE20A1A64655FD2B79DD456B68E4AB7452D1E1295D6FEDCD52DD526",
     "Latitud": 27.857825,
     "Longitud": -15.3966583,
     "Distance": 0.1318731575125429,
     "Pos_date": 1701388851000
}