{
     "Matricula": "667CDA8F29183BBCAB7CB48FEB643A79E064A27392D96D6392BB0F086E9E56D1",
     "Latitud": 19.8473328,
     "Longitud": -71.6490678,
     "Distance": 0.0009747982907536,
     "Pos_date": 1701394992000
}