{
     "Matricula": "0A95FDC924A12D084991F164A4C6801FFD1622AA0B750D3F6649C4C6DF738FAF",
     "Latitud": 37.8696149,
     "Longitud": -2.10212,
     "Distance": 0.02397110931503,
     "Pos_date": 1701394995000
}