{
     "Matricula": "679894276A1A15836A4517559DE4C780456B019AEABB4FBF9E878A1EEB665D57",
     "Latitud": 43.268505,
     "Longitud": -1.9714633,
     "Distance": 0.047951785776532,
     "Pos_date": 1701394998796
}