{
     "Matricula": "679894276A1A15836A4517559DE4C780456B019AEABB4FBF9E878A1EEB665D57",
     "Latitud": 42.2685066,
     "Longitud": -2.9714616,
     "Distance": 0.0002249408985809,
     "Pos_date": 1701394999769
}