{
     "Matricula": "679894276A1A15836A4517559DE4C780456B019AEABB4FBF9E878A1EEB665D57",
     "Latitud": 44.2685066,
     "Longitud": -0.97146,
     "Distance": 0.0001295466481565,
     "Pos_date": 1701395000757
}