{
     "Matricula": "0A95FDC924A12D084991F164A4C6801FFD1622AA0B750D3F6649C4C6DF738FAF",
     "Latitud": 37.8695933,
     "Longitud": -2.101975,
     "Distance": 0.012780912040724,
     "Pos_date": 1701395005000
}