{
     "Matricula": "184DBED595C6F20AB530A4BE4CBCF519BB96DD91510E147A00E67492DBD8EDE6",
     "Latitud": 36.2356216,
     "Longitud": -4.6476716,
     "Distance": 0.0677510406186571,
     "Pos_date": 1701395006000
}