{
     "Matricula": "C6FCE3D69653A0C262509EA6E8A244B4CB6921DD5E08BC3B5502FFC88D6AE9D1",
     "Latitud": 27.4460166,
     "Longitud": -17.3679366,
     "Distance": 0.0836826106461168,
     "Pos_date": 1701389347000
}