{
     "Matricula": "D0987C421B7385E3BF5BC30D521B4F7684CDBC4CCE30DF650B89F94579B337DA",
     "Latitud": 37.363925,
     "Longitud": -5.875025,
     "Distance": 0.414883583205239,
     "Pos_date": 1701395008000
}