{
     "Matricula": "730655A225241D534D1C78911ACA85AB05E607C709D7B9520443018F8A067709",
     "Latitud": 43.4402266,
     "Longitud": -3.83419,
     "Distance": 2.299998802102446,
     "Pos_date": 1701395007000
}