{
     "Matricula": "FF3C59B448620745BF18F32F614A1E7B43B32C7A89545EC541A90558D199D111",
     "Latitud": 37.0141445,
     "Longitud": -5.5633991,
     "Distance": 0.0051345998391762,
     "Pos_date": 1701395014000
}