{
     "Matricula": "B3C6B707FF586E09DD4455DAB6DEA799EC9DA501B0181ABE235EC1E192A20E3D",
     "Latitud": 41.7723333,
     "Longitud": 2.673249,
     "Distance": 0.003541569841657,
     "Pos_date": 1701395016000
}