{
     "Matricula": "39A7C03D597FA1866B013468871534F511F50FC1679C2A121B1A0A2E965C4635",
     "Latitud": 43.3547016,
     "Longitud": -8.21496,
     "Distance": 0.5224654835329807,
     "Pos_date": 1701395008000
}