{
     "Matricula": "81486AACFBE20A1A64655FD2B79DD456B68E4AB7452D1E1295D6FEDCD52DD526",
     "Latitud": 27.99922,
     "Longitud": -15.3902166,
     "Distance": 0.0039059551196911,
     "Pos_date": 1701395013000
}