{
     "Matricula": "D27B62DF2FE5D39E189D483C49D0DD12E9CE25A8778307460262F026137B0350",
     "Latitud": 43.8983616,
     "Longitud": 7.5812633,
     "Distance": 0.0100769039860671,
     "Pos_date": 1701395017000
}