{
     "Matricula": "9E1AFCD5BA4E22A6760253B3D722E4263303C8E9629BB44029D4F9672DF44A13",
     "Latitud": 20.2328365,
     "Longitud": -69.502502,
     "Distance": 3.4876846236104204,
     "Pos_date": 1701388957000
}