{
     "Matricula": "39A7C03D597FA1866B013468871534F511F50FC1679C2A121B1A0A2E965C4635",
     "Latitud": 43.3555199,
     "Longitud": -8.2133233,
     "Distance": 0.1605939797313555,
     "Pos_date": 1701395019000
}