{
     "Matricula": "09146B272A3A4286F445DB065CDE7500601FEB1F28507C9639C44DBD771361FC",
     "Latitud": 40.0377632,
     "Longitud": -3.820885,
     "Distance": 0.800875395213568,
     "Pos_date": 1701395027000
}