{
     "Matricula": "0A95FDC924A12D084991F164A4C6801FFD1622AA0B750D3F6649C4C6DF738FAF",
     "Latitud": 36.86943,
     "Longitud": -3.1011633,
     "Distance": 0.072580187227595,
     "Pos_date": 1701395027000
}