{
     "Matricula": "B376D69E11972366C72E37CBE81B7693F0A20F60788484249732048A390468A6",
     "Latitud": 38.0861316,
     "Longitud": -4.85863,
     "Distance": 5.021574547244764,
     "Pos_date": 1701395025000
}