{
     "Matricula": "730655A225241D534D1C78911ACA85AB05E607C709D7B9520443018F8A067709",
     "Latitud": 44.4373816,
     "Longitud": -2.8329416,
     "Distance": 0.3320196718422422,
     "Pos_date": 1701395026000
}