{
     "Matricula": "7E4A080157027B36C4D596160AC49CA6DBA51495D30AB66AC4B6C5D44B16E263",
     "Latitud": 32.6143866,
     "Longitud": -115.4045366,
     "Distance": 0.2414875590290137,
     "Pos_date": 1701395042000
}