{
     "Matricula": "9E1AFCD5BA4E22A6760253B3D722E4263303C8E9629BB44029D4F9672DF44A13",
     "Latitud": 19.2320139,
     "Longitud": -70.5016787,
     "Distance": 0.1258493738432489,
     "Pos_date": 1701388961000
}