{
     "Matricula": "07F0F06AFDDE789E75C987F1E8AF8E5F48E72512AD4FC4FBD22D89D19D0618BC",
     "Latitud": 40.16586,
     "Longitud": -9.6201,
     "Distance": 0.0090809315517661,
     "Pos_date": 1701395046000
}