{
     "Matricula": "184DBED595C6F20AB530A4BE4CBCF519BB96DD91510E147A00E67492DBD8EDE6",
     "Latitud": 37.2330583,
     "Longitud": -3.6499083,
     "Distance": 0.3470589154932305,
     "Pos_date": 1701395046000
}