{
     "Matricula": "184DBED595C6F20AB530A4BE4CBCF519BB96DD91510E147A00E67492DBD8EDE6",
     "Latitud": 38.2330666,
     "Longitud": -2.6497733,
     "Distance": 0.0119873200802173,
     "Pos_date": 1701395049000
}