{
     "Matricula": "B9C3A5DC077611D8C32009DC93BD959610A01ECD526463F97569FB8DAA57B291",
     "Latitud": 38.7113866,
     "Longitud": -2.4368216,
     "Distance": 0.0,
     "Pos_date": 1701395054010
}