{
     "Matricula": "5471D4E9DBCD688F2DFC585A49AF6C88AA5C7A0B25A4EB1A3F155A715384447C",
     "Latitud": 40.5613799,
     "Longitud": -3.5166366,
     "Distance": 2.4801153216900347,
     "Pos_date": 1701395043000
}