{
     "Matricula": "17EF290090A9EDE96C2B3EC2F6045398FD269B250C4FAAAD79710903A313A36C",
     "Latitud": 42.4596883,
     "Longitud": -1.619745,
     "Distance": 0.3101137967844274,
     "Pos_date": 1701395060000
}