{
     "Matricula": "D9D9D59026E4C7569F2B1ED821BDDCFDB7CC5CA4D82B4EBC06EB64696AEE3346",
     "Latitud": 33.5644366,
     "Longitud": -114.30122,
     "Distance": 0.0,
     "Pos_date": 1701395066010
}