{
     "Matricula": "667CDA8F29183BBCAB7CB48FEB643A79E064A27392D96D6392BB0F086E9E56D1",
     "Latitud": 18.8476456,
     "Longitud": -72.649444,
     "Distance": 0.0525161322387636,
     "Pos_date": 1701395075000
}