{
     "Matricula": "B81D5D3C0ABD5651D35460611801239A551537387FEDC8EFD43EC51B6EE751A2",
     "Latitud": 18.486508,
     "Longitud": -69.8848544,
     "Distance": 1.6439406410133437,
     "Pos_date": 1701394878000
}