{
     "Matricula": "B63287228FC7EFF8199A3AD3348647347BD729F7F432C4450A1B02EDBDDB2B7E",
     "Latitud": 36.574455,
     "Longitud": -7.7505266,
     "Distance": 0.8600497310805617,
     "Pos_date": 1701395083000
}