{
     "Matricula": "667CDA8F29183BBCAB7CB48FEB643A79E064A27392D96D6392BB0F086E9E56D1",
     "Latitud": 19.8479796,
     "Longitud": -71.6494332,
     "Distance": 0.0371563305070819,
     "Pos_date": 1701395088000
}