{
     "Matricula": "EFBFEA45FDDA61154A0E59ABA3E3934E7C85941EEFAEFB7062482EFF192DCC74",
     "Latitud": 27.8264916,
     "Longitud": -15.4555333,
     "Distance": 2.281928058852442,
     "Pos_date": 1701395074000
}