{
     "Matricula": "0A95FDC924A12D084991F164A4C6801FFD1622AA0B750D3F6649C4C6DF738FAF",
     "Latitud": 38.8688116,
     "Longitud": -1.0966916,
     "Distance": 0.3931943120668809,
     "Pos_date": 1701395093000
}