{
     "Matricula": "DE270AC86D7A5AF5255D130A15B83A4A5536E712ACBDAC6B87A8638D9EF9B2E6",
     "Latitud": 40.49876,
     "Longitud": -3.647455,
     "Distance": 5.024263691365626,
     "Pos_date": 1701395099000
}