{
     "Matricula": "0A95FDC924A12D084991F164A4C6801FFD1622AA0B750D3F6649C4C6DF738FAF",
     "Latitud": 39.8686733,
     "Longitud": -0.0967316,
     "Distance": 0.0157633696232288,
     "Pos_date": 1701395100000
}