{
     "Matricula": "07F0F06AFDDE789E75C987F1E8AF8E5F48E72512AD4FC4FBD22D89D19D0618BC",
     "Latitud": 40.16589833333333,
     "Longitud": -9.62015,
     "Distance": 0.0059738158889059,
     "Pos_date": 1701395106000
}