{
     "Matricula": "184DBED595C6F20AB530A4BE4CBCF519BB96DD91510E147A00E67492DBD8EDE6",
     "Latitud": 38.2356233,
     "Longitud": -2.64492,
     "Distance": 0.5152006896792812,
     "Pos_date": 1701395111000
}