{
     "Matricula": "39A7C03D597FA1866B013468871534F511F50FC1679C2A121B1A0A2E965C4635",
     "Latitud": 41.3664216,
     "Longitud": -10.20594,
     "Distance": 0.5100729732924387,
     "Pos_date": 1701395120000
}