{
     "Matricula": "9E1AFCD5BA4E22A6760253B3D722E4263303C8E9629BB44029D4F9672DF44A13",
     "Latitud": 20.1999778,
     "Longitud": -69.4965944,
     "Distance": 0.093962397047251,
     "Pos_date": 1701389084000
}