{
     "Matricula": "0A95FDC924A12D084991F164A4C6801FFD1622AA0B750D3F6649C4C6DF738FAF",
     "Latitud": 38.8685983,
     "Longitud": -1.0973083,
     "Distance": 0.0506195224839107,
     "Pos_date": 1701395126000
}