{
     "Matricula": "D9D9D59026E4C7569F2B1ED821BDDCFDB7CC5CA4D82B4EBC06EB64696AEE3346",
     "Latitud": 31.5643266,
     "Longitud": -116.3004183,
     "Distance": 0.0717592070000816,
     "Pos_date": 1701395133000
}