{
     "Matricula": "39A7C03D597FA1866B013468871534F511F50FC1679C2A121B1A0A2E965C4635",
     "Latitud": 43.366415,
     "Longitud": -8.2042916,
     "Distance": 0.1332525684658662,
     "Pos_date": 1701395130000
}