{
     "Matricula": "81486AACFBE20A1A64655FD2B79DD456B68E4AB7452D1E1295D6FEDCD52DD526",
     "Latitud": 25.9992216,
     "Longitud": -17.3902416,
     "Distance": 0.0024609428994117,
     "Pos_date": 1701395154000
}