{
     "Matricula": "DE270AC86D7A5AF5255D130A15B83A4A5536E712ACBDAC6B87A8638D9EF9B2E6",
     "Latitud": 39.50942,
     "Longitud": -4.6566716,
     "Distance": 1.4185402093902444,
     "Pos_date": 1701395159000
}