{
     "Matricula": "9E1AFCD5BA4E22A6760253B3D722E4263303C8E9629BB44029D4F9672DF44A13",
     "Latitud": 19.1819573,
     "Longitud": -70.4980051,
     "Distance": 2.0092598902563323,
     "Pos_date": 1701389149000
}