{
     "Matricula": "D0987C421B7385E3BF5BC30D521B4F7684CDBC4CCE30DF650B89F94579B337DA",
     "Latitud": 37.3799016,
     "Longitud": -5.8999099,
     "Distance": 2.8269699171394875,
     "Pos_date": 1701395162000
}