{
     "Matricula": "81486AACFBE20A1A64655FD2B79DD456B68E4AB7452D1E1295D6FEDCD52DD526",
     "Latitud": 27.99966,
     "Longitud": -15.390215,
     "Distance": 0.0488178286803505,
     "Pos_date": 1701395166000
}