{
     "Matricula": "07F0F06AFDDE789E75C987F1E8AF8E5F48E72512AD4FC4FBD22D89D19D0618BC",
     "Latitud": 42.16592,
     "Longitud": -7.620133333333333,
     "Distance": 0.0027840239105776,
     "Pos_date": 1701395166000
}