{
     "Matricula": "679894276A1A15836A4517559DE4C780456B019AEABB4FBF9E878A1EEB665D57",
     "Latitud": 43.2685116,
     "Longitud": -1.9713833,
     "Distance": 0.006234979925218,
     "Pos_date": 1701395161687
}