{
     "Matricula": "0A95FDC924A12D084991F164A4C6801FFD1622AA0B750D3F6649C4C6DF738FAF",
     "Latitud": 39.867945,
     "Longitud": -0.0966716,
     "Distance": 0.0911899916836774,
     "Pos_date": 1701395167000
}