{
     "Matricula": "B376D69E11972366C72E37CBE81B7693F0A20F60788484249732048A390468A6",
     "Latitud": 39.0566083,
     "Longitud": -3.8151649,
     "Distance": 5.025316146940421,
     "Pos_date": 1701395179000
}