{
     "Matricula": "679894276A1A15836A4517559DE4C780456B019AEABB4FBF9E878A1EEB665D57",
     "Latitud": 43.268325,
     "Longitud": -1.9714933,
     "Distance": 0.0225797268297294,
     "Pos_date": 1701395181789
}