{
     "Matricula": "B552A6A633BDA3272B8840DEFAFA97AF693265E69D46098DB86823F714D205DF",
     "Latitud": 43.4620399,
     "Longitud": -3.8018683,
     "Distance": 0.3601282352128421,
     "Pos_date": 1701395186000
}