{
     "Matricula": "9E1AFCD5BA4E22A6760253B3D722E4263303C8E9629BB44029D4F9672DF44A13",
     "Latitud": 19.1710642,
     "Longitud": -70.4907762,
     "Distance": 1.4295301008044468,
     "Pos_date": 1701389201000
}