{
     "Matricula": "2E6DE46599917276EA118315105E20AEC32E0A63CDE37C796351602488BB3A89",
     "Latitud": 39.2566116,
     "Longitud": 9.078125,
     "Distance": 0.0109833100403742,
     "Pos_date": 1701395193000
}