{
     "Matricula": "667CDA8F29183BBCAB7CB48FEB643A79E064A27392D96D6392BB0F086E9E56D1",
     "Latitud": 21.8487941,
     "Longitud": -69.6454692,
     "Distance": 0.4243697604172158,
     "Pos_date": 1701395195000
}