{
     "Matricula": "667CDA8F29183BBCAB7CB48FEB643A79E064A27392D96D6392BB0F086E9E56D1",
     "Latitud": 19.8487905,
     "Longitud": -71.6453824,
     "Distance": 0.0090871636753568,
     "Pos_date": 1701395200000
}