{
     "Matricula": "EFBFEA45FDDA61154A0E59ABA3E3934E7C85941EEFAEFB7062482EFF192DCC74",
     "Latitud": 25.8221616,
     "Longitud": -17.458833300000002,
     "Distance": 0.580629248628636,
     "Pos_date": 1701395114000
}