{
     "Matricula": "EFBFEA45FDDA61154A0E59ABA3E3934E7C85941EEFAEFB7062482EFF192DCC74",
     "Latitud": 27.8226899,
     "Longitud": -15.4591966,
     "Distance": 0.06875559816685,
     "Pos_date": 1701395120000
}