{
     "Matricula": "EFBFEA45FDDA61154A0E59ABA3E3934E7C85941EEFAEFB7062482EFF192DCC74",
     "Latitud": 27.82322,
     "Longitud": -15.4584833,
     "Distance": 0.0916238650150453,
     "Pos_date": 1701395126000
}