{
     "Matricula": "667CDA8F29183BBCAB7CB48FEB643A79E064A27392D96D6392BB0F086E9E56D1",
     "Latitud": 19.8486907,
     "Longitud": -71.6453305,
     "Distance": 0.012353725366421,
     "Pos_date": 1701395204000
}