{
     "Matricula": "81486AACFBE20A1A64655FD2B79DD456B68E4AB7452D1E1295D6FEDCD52DD526",
     "Latitud": 29.0005083,
     "Longitud": -14.3915366,
     "Distance": 0.1604169548262332,
     "Pos_date": 1701395204000
}