{
     "Matricula": "9E1AFCD5BA4E22A6760253B3D722E4263303C8E9629BB44029D4F9672DF44A13",
     "Latitud": 20.1485192,
     "Longitud": -69.4754886,
     "Distance": 2.977066194840595,
     "Pos_date": 1701389321000
}