{
     "Matricula": "09146B272A3A4286F445DB065CDE7500601FEB1F28507C9639C44DBD771361FC",
     "Latitud": 41.0217309,
     "Longitud": -2.8270665,
     "Distance": 0.6870961630240142,
     "Pos_date": 1701395207000
}