{
     "Matricula": "0A95FDC924A12D084991F164A4C6801FFD1622AA0B750D3F6649C4C6DF738FAF",
     "Latitud": 37.86789,
     "Longitud": -2.09674,
     "Distance": 0.0085129170828799,
     "Pos_date": 1701395206000
}