{
     "Matricula": "1FE60CE123FE31D1895941F5902C518E1368095294E9D5414FD1ADB8D0D07BF1",
     "Latitud": 41.4658666,
     "Longitud": -2.63579,
     "Distance": 0.0078031631826335,
     "Pos_date": 1701395216000
}