{
     "Matricula": "7E4A080157027B36C4D596160AC49CA6DBA51495D30AB66AC4B6C5D44B16E263",
     "Latitud": 32.6091633,
     "Longitud": -115.4055166,
     "Distance": 0.5593259575633613,
     "Pos_date": 1701395218000
}