{
     "Matricula": "667CDA8F29183BBCAB7CB48FEB643A79E064A27392D96D6392BB0F086E9E56D1",
     "Latitud": 20.8482042,
     "Longitud": -70.645172,
     "Distance": 0.0565794325465909,
     "Pos_date": 1701395222000
}