{
     "Matricula": "D9D9D59026E4C7569F2B1ED821BDDCFDB7CC5CA4D82B4EBC06EB64696AEE3346",
     "Latitud": 31.5586033,
     "Longitud": -116.3027483,
     "Distance": 0.6728222003846811,
     "Pos_date": 1701395222000
}