{
     "Matricula": "07F0F06AFDDE789E75C987F1E8AF8E5F48E72512AD4FC4FBD22D89D19D0618BC",
     "Latitud": 41.16586,
     "Longitud": -8.6201,
     "Distance": 0.0072316880671816,
     "Pos_date": 1701395226000
}