{
     "Matricula": "E8D5D7745EE18927FC55BAD5FD79EA2AE5C9C781209D76F070370B1DB612B47A",
     "Latitud": 43.2732116,
     "Longitud": -5.8101466,
     "Distance": 0.012257578910524,
     "Pos_date": 1701388855000
}