{
     "Matricula": "F4AE0241D1A98FCCB07393881F2EB5F012112A9453EE549C474D6C427E650864",
     "Latitud": 37.36296,
     "Longitud": -2.2680416,
     "Distance": 0.0557779282575217,
     "Pos_date": 1701389349000
}