{
     "Matricula": "328FB9834877507F2F4DA3A5F44EADAACDCE9D96096FA0829339C9888A66E2E7",
     "Latitud": 43.2702433,
     "Longitud": -1.9673383,
     "Distance": 0.308720567038195,
     "Pos_date": 1701395226000
}