{
     "Matricula": "E8D5D7745EE18927FC55BAD5FD79EA2AE5C9C781209D76F070370B1DB612B47A",
     "Latitud": 44.2733349,
     "Longitud": -4.8104166,
     "Distance": 0.0,
     "Pos_date": 1701395232000
}