{
     "Matricula": "5471D4E9DBCD688F2DFC585A49AF6C88AA5C7A0B25A4EB1A3F155A715384447C",
     "Latitud": 41.5847533,
     "Longitud": -2.556385,
     "Distance": 4.245659370235404,
     "Pos_date": 1701395231000
}