{
     "Matricula": "81486AACFBE20A1A64655FD2B79DD456B68E4AB7452D1E1295D6FEDCD52DD526",
     "Latitud": 26.999735,
     "Longitud": -16.390105,
     "Distance": 0.1647697799681538,
     "Pos_date": 1701395233000
}