{
     "Matricula": "7A06063FA823557213CDFF5ACAE6A6852CAF3E72BFEF400205A28C766001ABE0",
     "Latitud": 44.5281816,
     "Longitud": -7.220485,
     "Distance": 0.0229252271877214,
     "Pos_date": 1701395237000
}