{
     "Matricula": "730655A225241D534D1C78911ACA85AB05E607C709D7B9520443018F8A067709",
     "Latitud": 42.4387733,
     "Longitud": -4.8988866,
     "Distance": 5.003418239942348,
     "Pos_date": 1701395243000
}