{
     "Matricula": "5471D4E9DBCD688F2DFC585A49AF6C88AA5C7A0B25A4EB1A3F155A715384447C",
     "Latitud": 40.5850366,
     "Longitud": -3.5587333,
     "Distance": 0.200791750459528,
     "Pos_date": 1701395245000
}