{
     "Matricula": "850830DC83E7AC2B54F3947C96BDB51ADD8CE26E3802B1018007BE4C6FEFC3B9",
     "Latitud": 29.0883983,
     "Longitud": -14.4403883,
     "Distance": 0.0,
     "Pos_date": 1701395249020
}