{
     "Matricula": "B376D69E11972366C72E37CBE81B7693F0A20F60788484249732048A390468A6",
     "Latitud": 39.0343833,
     "Longitud": -3.8077549,
     "Distance": 2.5550783292478867,
     "Pos_date": 1701395258000
}