{
     "Matricula": "0A95FDC924A12D084991F164A4C6801FFD1622AA0B750D3F6649C4C6DF738FAF",
     "Latitud": 40.8659766,
     "Longitud": 0.9053901,
     "Distance": 0.2815618061750392,
     "Pos_date": 1701395261000
}