{
     "Matricula": "679894276A1A15836A4517559DE4C780456B019AEABB4FBF9E878A1EEB665D57",
     "Latitud": 41.2666033,
     "Longitud": -3.9726466,
     "Distance": 0.2130045311520623,
     "Pos_date": 1701395256792
}