{
     "Matricula": "679894276A1A15836A4517559DE4C780456B019AEABB4FBF9E878A1EEB665D57",
     "Latitud": 43.2666033,
     "Longitud": -1.9726416,
     "Distance": 0.0004048459341017,
     "Pos_date": 1701395257781
}