{
     "Matricula": "09146B272A3A4286F445DB065CDE7500601FEB1F28507C9639C44DBD771361FC",
     "Latitud": 40.0158824,
     "Longitud": -3.8287478,
     "Distance": 0.6658984478378187,
     "Pos_date": 1701395267000
}