{
     "Matricula": "39A7C03D597FA1866B013468871534F511F50FC1679C2A121B1A0A2E965C4635",
     "Latitud": 43.3664233,
     "Longitud": -8.2016333,
     "Distance": 0.0680010841381745,
     "Pos_date": 1701395155000
}