{
     "Matricula": "39A7C03D597FA1866B013468871534F511F50FC1679C2A121B1A0A2E965C4635",
     "Latitud": 44.3703866,
     "Longitud": -7.197921600000001,
     "Distance": 0.5331361591747198,
     "Pos_date": 1701395196000
}