{
     "Matricula": "39A7C03D597FA1866B013468871534F511F50FC1679C2A121B1A0A2E965C4635",
     "Latitud": 43.371235,
     "Longitud": -8.1958733,
     "Distance": 0.1905555217665306,
     "Pos_date": 1701395213000
}