{
     "Matricula": "39A7C03D597FA1866B013468871534F511F50FC1679C2A121B1A0A2E965C4635",
     "Latitud": 43.371825,
     "Longitud": -8.1945799,
     "Distance": 0.1234246931833805,
     "Pos_date": 1701395222000
}