{
     "Matricula": "D9D9D59026E4C7569F2B1ED821BDDCFDB7CC5CA4D82B4EBC06EB64696AEE3346",
     "Latitud": 32.5596549,
     "Longitud": -115.307755,
     "Distance": 0.4835749114270485,
     "Pos_date": 1701395266000
}