{
     "Matricula": "5471D4E9DBCD688F2DFC585A49AF6C88AA5C7A0B25A4EB1A3F155A715384447C",
     "Latitud": 39.5850899,
     "Longitud": -4.5619216,
     "Distance": 0.2693047105713682,
     "Pos_date": 1701395270000
}