{
     "Matricula": "EFBFEA45FDDA61154A0E59ABA3E3934E7C85941EEFAEFB7062482EFF192DCC74",
     "Latitud": 28.8420066,
     "Longitud": -14.4383183,
     "Distance": 2.880198091059957,
     "Pos_date": 1701395241000
}