{
     "Matricula": "8B0FE8F5A3D03881366DD8F638A5D48BAB1174DC7DAFCA6E48EC624B6E1BFCBB",
     "Latitud": 37.2713649,
     "Longitud": -6.938995,
     "Distance": 0.0080236720384662,
     "Pos_date": 1701389355000
}