{
     "Matricula": "81486AACFBE20A1A64655FD2B79DD456B68E4AB7452D1E1295D6FEDCD52DD526",
     "Latitud": 27.9962816,
     "Longitud": -15.390205,
     "Distance": 0.3841265842746553,
     "Pos_date": 1701395295000
}