{
     "Matricula": "41C7062648C8DBF0EA80651CFD608A92D98013F7F67CBC4C2A89D526D8AC9F16",
     "Latitud": 55.0153311,
     "Longitud": -1.6330099,
     "Distance": 0.0073247490652833,
     "Pos_date": 1701395075000
}