{
     "Matricula": "17EF290090A9EDE96C2B3EC2F6045398FD269B250C4FAAAD79710903A313A36C",
     "Latitud": 41.484305,
     "Longitud": -2.6680433,
     "Distance": 4.91770228748019,
     "Pos_date": 1701395300000
}