{
     "Matricula": "328FB9834877507F2F4DA3A5F44EADAACDCE9D96096FA0829339C9888A66E2E7",
     "Latitud": 43.2723066,
     "Longitud": -1.9630366,
     "Distance": 0.4170556742324426,
     "Pos_date": 1701395295000
}