{
     "Matricula": "328FB9834877507F2F4DA3A5F44EADAACDCE9D96096FA0829339C9888A66E2E7",
     "Latitud": 43.2724216,
     "Longitud": -1.9629499,
     "Distance": 0.014587321429084,
     "Pos_date": 1701395300000
}