{
     "Matricula": "F4AE0241D1A98FCCB07393881F2EB5F012112A9453EE549C474D6C427E650864",
     "Latitud": 37.3623649,
     "Longitud": -2.2681116,
     "Distance": 0.066460756629664,
     "Pos_date": 1701389358000
}