{
     "Matricula": "FF3C59B448620745BF18F32F614A1E7B43B32C7A89545EC541A90558D199D111",
     "Latitud": 39.014121,
     "Longitud": -3.5634597,
     "Distance": 0.0025491028116265,
     "Pos_date": 1701395314000
}