{
     "Matricula": "184DBED595C6F20AB530A4BE4CBCF519BB96DD91510E147A00E67492DBD8EDE6",
     "Latitud": 37.20826,
     "Longitud": -3.62383,
     "Distance": 3.5700137938203165,
     "Pos_date": 1701395313000
}