{
     "Matricula": "667CDA8F29183BBCAB7CB48FEB643A79E064A27392D96D6392BB0F086E9E56D1",
     "Latitud": 20.8485851,
     "Longitud": -70.6432096,
     "Distance": 0.2095708620770954,
     "Pos_date": 1701395315000
}