{
     "Matricula": "7E4A080157027B36C4D596160AC49CA6DBA51495D30AB66AC4B6C5D44B16E263",
     "Latitud": 33.6091433,
     "Longitud": -114.41051,
     "Distance": 0.4677220347100719,
     "Pos_date": 1701395316000
}