{
     "Matricula": "7E4A080157027B36C4D596160AC49CA6DBA51495D30AB66AC4B6C5D44B16E263",
     "Latitud": 32.6090916,
     "Longitud": -115.4103666,
     "Distance": 0.0146103791022373,
     "Pos_date": 1701395319000
}