{
     "Matricula": "B81D5D3C0ABD5651D35460611801239A551537387FEDC8EFD43EC51B6EE751A2",
     "Latitud": 18.486353,
     "Longitud": -69.8366694,
     "Distance": 1.395516939828313,
     "Pos_date": 1701395238000
}