{
     "Matricula": "0A95FDC924A12D084991F164A4C6801FFD1622AA0B750D3F6649C4C6DF738FAF",
     "Latitud": 38.8642433,
     "Longitud": -1.096775,
     "Distance": 0.2688589608725789,
     "Pos_date": 1701395323000
}