{
     "Matricula": "2CB47A300E1BF3463CFCDBAE169AD56B99A378744FDD8FC0450114B41E1146AD",
     "Latitud": 40.8916366,
     "Longitud": 5.2380449,
     "Distance": 0.0070379250937884,
     "Pos_date": 1701389360000
}