{
     "Matricula": "09146B272A3A4286F445DB065CDE7500601FEB1F28507C9639C44DBD771361FC",
     "Latitud": 39.008708,
     "Longitud": -4.8308051,
     "Distance": 0.8167719097680908,
     "Pos_date": 1701395327000
}