{
     "Matricula": "8B0FE8F5A3D03881366DD8F638A5D48BAB1174DC7DAFCA6E48EC624B6E1BFCBB",
     "Latitud": 37.32454,
     "Longitud": -6.8441133,
     "Distance": 0.0070899180111666,
     "Pos_date": 1701395327000
}