{
     "Matricula": "B505798DC7ED76BB9D4538F2F4057A1DF38D96751F3DB4F05EBED09AC13BB45A",
     "Latitud": 36.7065616,
     "Longitud": -7.86217,
     "Distance": 0.030620846564521,
     "Pos_date": 1701395274000
}