{
     "Matricula": "B505798DC7ED76BB9D4538F2F4057A1DF38D96751F3DB4F05EBED09AC13BB45A",
     "Latitud": 38.7063866,
     "Longitud": -5.8623533,
     "Distance": 0.025272221628303,
     "Pos_date": 1701395309000
}