{
     "Matricula": "17EF290090A9EDE96C2B3EC2F6045398FD269B250C4FAAAD79710903A313A36C",
     "Latitud": 40.4846416,
     "Longitud": -3.67439,
     "Distance": 0.5380626180305775,
     "Pos_date": 1701395336000
}