{
     "Matricula": "17EF290090A9EDE96C2B3EC2F6045398FD269B250C4FAAAD79710903A313A36C",
     "Latitud": 41.4848483,
     "Longitud": -2.6739599,
     "Distance": 0.0430277021839042,
     "Pos_date": 1701395340000
}