{
     "Matricula": "17EF290090A9EDE96C2B3EC2F6045398FD269B250C4FAAAD79710903A313A36C",
     "Latitud": 40.484575,
     "Longitud": -3.673585,
     "Distance": 0.0439183079584323,
     "Pos_date": 1701395345000
}