{
     "Matricula": "61E9C8A81EEC32F7DADD350A7DEF8062150D99E745599F7F8E4FFAB8E35187E6",
     "Latitud": 37.8930183,
     "Longitud": -4.7995033,
     "Distance": 1.4854278310434474,
     "Pos_date": 1701389359000
}