{
     "Matricula": "679894276A1A15836A4517559DE4C780456B019AEABB4FBF9E878A1EEB665D57",
     "Latitud": 44.2666016,
     "Longitud": -0.9726333,
     "Distance": 0.0006981235184779,
     "Pos_date": 1701395341695
}