{
     "Matricula": "8B0FE8F5A3D03881366DD8F638A5D48BAB1174DC7DAFCA6E48EC624B6E1BFCBB",
     "Latitud": 38.3257216,
     "Longitud": -5.8429666,
     "Distance": 0.1659631010606484,
     "Pos_date": 1701395351000
}