{
     "Matricula": "B505798DC7ED76BB9D4538F2F4057A1DF38D96751F3DB4F05EBED09AC13BB45A",
     "Latitud": 37.7064583,
     "Longitud": -6.862385,
     "Distance": 0.0084463456368175,
     "Pos_date": 1701395350000
}