{
     "Matricula": "19CB2C27AEA2A6C6C4DBAAB759FC3A4D6FC7A80E197BBA6B9814F7F04708C407",
     "Latitud": 42.4155283,
     "Longitud": -8.8127333,
     "Distance": 0.0146534001532972,
     "Pos_date": 1701395363000
}