{
     "Matricula": "B3C6B707FF586E09DD4455DAB6DEA799EC9DA501B0181ABE235EC1E192A20E3D",
     "Latitud": 40.7723572,
     "Longitud": 1.6732619,
     "Distance": 0.0041293829028492,
     "Pos_date": 1701395369000
}