{
     "Matricula": "B3C6B707FF586E09DD4455DAB6DEA799EC9DA501B0181ABE235EC1E192A20E3D",
     "Latitud": 41.7724765,
     "Longitud": 2.6732763,
     "Distance": 0.0133192149476678,
     "Pos_date": 1701395377000
}