{
     "Matricula": "8B0FE8F5A3D03881366DD8F638A5D48BAB1174DC7DAFCA6E48EC624B6E1BFCBB",
     "Latitud": 38.3248666,
     "Longitud": -5.8421449,
     "Distance": 0.1196566313480392,
     "Pos_date": 1701395371000
}