{
     "Matricula": "F1B2B87C7D3D0D8652C36CD40ABF6460D9ED377C1FF8E97BCE56D9CA5EC26A38",
     "Latitud": 37.3153416,
     "Longitud": -6.8679283,
     "Distance": 5.025559901252733,
     "Pos_date": 1701389359000
}