{
     "Matricula": "39A7C03D597FA1866B013468871534F511F50FC1679C2A121B1A0A2E965C4635",
     "Latitud": 43.3842283,
     "Longitud": -8.181475,
     "Distance": 0.4299820545828176,
     "Pos_date": 1701395372000
}