{
     "Matricula": "DE270AC86D7A5AF5255D130A15B83A4A5536E712ACBDAC6B87A8638D9EF9B2E6",
     "Latitud": 40.504355,
     "Longitud": -3.7155133,
     "Distance": 5.006534230614172,
     "Pos_date": 1701395374000
}