{
     "Matricula": "4AF366194AAAC7CF7D57BC97B66C6E14ACD5F2666F92F33391F9DF8077349632",
     "Latitud": 27.01364,
     "Longitud": -16.428985,
     "Distance": 0.0,
     "Pos_date": 1701395375010
}