{
     "Matricula": "A6CB6B76C9ECB8C0FF4649D07C374C16E8745047A84303D7E6673F577AC7D644",
     "Latitud": 39.68924,
     "Longitud": -6.0914333,
     "Distance": 0.0103329317157302,
     "Pos_date": 1701395375000
}