{
     "Matricula": "39A7C03D597FA1866B013468871534F511F50FC1679C2A121B1A0A2E965C4635",
     "Latitud": 45.3844733,
     "Longitud": -6.1812983,
     "Distance": 0.0307583387927179,
     "Pos_date": 1701395377000
}