{
     "Matricula": "19CB2C27AEA2A6C6C4DBAAB759FC3A4D6FC7A80E197BBA6B9814F7F04708C407",
     "Latitud": 43.4155266,
     "Longitud": -7.812844999999999,
     "Distance": 0.0091716556823884,
     "Pos_date": 1701395382000
}