{
     "Matricula": "09146B272A3A4286F445DB065CDE7500601FEB1F28507C9639C44DBD771361FC",
     "Latitud": 40.0029008,
     "Longitud": -3.8324743,
     "Distance": 0.6611977745420196,
     "Pos_date": 1701395387000
}