{
     "Matricula": "B376D69E11972366C72E37CBE81B7693F0A20F60788484249732048A390468A6",
     "Latitud": 36.996705,
     "Longitud": -5.7948283,
     "Distance": 4.339986850617644,
     "Pos_date": 1701395390000
}