{
     "Matricula": "4B4758B62B9D82CA301A29C665846D8E4ABCA306D1384720183FFC279252E8EE",
     "Latitud": 38.6869966,
     "Longitud": -4.0988433,
     "Distance": 0.011661284170152,
     "Pos_date": 1701395392000
}