{
     "Matricula": "23ED941E3ED5B0591B9F22826E331B2FCB3F1C8D49F661280801A3C964C2FBAE",
     "Latitud": 38.4626733,
     "Longitud": -7.414125,
     "Distance": 1.7083507247078011,
     "Pos_date": 1701389363000
}