{
     "Matricula": "B505798DC7ED76BB9D4538F2F4057A1DF38D96751F3DB4F05EBED09AC13BB45A",
     "Latitud": 37.7066016,
     "Longitud": -6.863805,
     "Distance": 0.1259329729788683,
     "Pos_date": 1701395384000
}