{
     "Matricula": "E0047EE446AB648BEA8D01836B0FBDBA466C8C19A4EFA5788990BB1D505D5919",
     "Latitud": 42.12158,
     "Longitud": 2.1927666666666665,
     "Distance": 0.0050037786104888,
     "Pos_date": 1701395402000
}