{
     "Matricula": "17EF290090A9EDE96C2B3EC2F6045398FD269B250C4FAAAD79710903A313A36C",
     "Latitud": 41.4752716,
     "Longitud": -2.6743683,
     "Distance": 1.0366115312092277,
     "Pos_date": 1701395398000
}