{
     "Matricula": "328FB9834877507F2F4DA3A5F44EADAACDCE9D96096FA0829339C9888A66E2E7",
     "Latitud": 44.2726666,
     "Longitud": -0.9621616,
     "Distance": 0.0693930076025619,
     "Pos_date": 1701395401000
}