{
     "Matricula": "5471D4E9DBCD688F2DFC585A49AF6C88AA5C7A0B25A4EB1A3F155A715384447C",
     "Latitud": 41.58242,
     "Longitud": -2.5842266,
     "Distance": 1.906859441055868,
     "Pos_date": 1701395389000
}