{
     "Matricula": "D0987C421B7385E3BF5BC30D521B4F7684CDBC4CCE30DF650B89F94579B337DA",
     "Latitud": 37.3685383,
     "Longitud": -5.9382683,
     "Distance": 3.617405183123602,
     "Pos_date": 1701395402000
}