{
     "Matricula": "EFBFEA45FDDA61154A0E59ABA3E3934E7C85941EEFAEFB7062482EFF192DCC74",
     "Latitud": 27.8806966,
     "Longitud": -15.4119216,
     "Distance": 5.024151753877229,
     "Pos_date": 1701395405000
}