{
     "Matricula": "EFBFEA45FDDA61154A0E59ABA3E3934E7C85941EEFAEFB7062482EFF192DCC74",
     "Latitud": 26.9115783,
     "Longitud": -16.53608,
     "Distance": 0.4225413178621174,
     "Pos_date": 1701389283000
}