{
     "Matricula": "5471D4E9DBCD688F2DFC585A49AF6C88AA5C7A0B25A4EB1A3F155A715384447C",
     "Latitud": 38.5785983,
     "Longitud": -5.586095,
     "Distance": 0.4533031373050764,
     "Pos_date": 1701395418000
}