{
     "Matricula": "B552A6A633BDA3272B8840DEFAFA97AF693265E69D46098DB86823F714D205DF",
     "Latitud": 43.4616716,
     "Longitud": -3.8058433,
     "Distance": 0.3234215937287424,
     "Pos_date": 1701395426000
}