{
     "Matricula": "730655A225241D534D1C78911ACA85AB05E607C709D7B9520443018F8A067709",
     "Latitud": 43.41979,
     "Longitud": -3.9553266,
     "Distance": 5.022751862624242,
     "Pos_date": 1701395428000
}