{
     "Matricula": "667CDA8F29183BBCAB7CB48FEB643A79E064A27392D96D6392BB0F086E9E56D1",
     "Latitud": 19.8485981,
     "Longitud": -71.6432238,
     "Distance": 0.0020725105377221,
     "Pos_date": 1701395435000
}