{
     "Matricula": "A14E8BE45CB9F9B1B8F8BFBED680BCFE79912B7C935C4B9D80F36FCAEC9F3A48",
     "Latitud": 38.67283,
     "Longitud": -4.062655,
     "Distance": 0.0157873605512071,
     "Pos_date": 1701388855000
}