{
     "Matricula": "B3C6B707FF586E09DD4455DAB6DEA799EC9DA501B0181ABE235EC1E192A20E3D",
     "Latitud": 41.7723463,
     "Longitud": 2.6732227,
     "Distance": 0.0086074426123051,
     "Pos_date": 1701389371000
}