{
     "Matricula": "B376D69E11972366C72E37CBE81B7693F0A20F60788484249732048A390468A6",
     "Latitud": 38.98696,
     "Longitud": -3.7864283,
     "Distance": 1.3099789868439586,
     "Pos_date": 1701395440000
}