{
     "Matricula": "8B0FE8F5A3D03881366DD8F638A5D48BAB1174DC7DAFCA6E48EC624B6E1BFCBB",
     "Latitud": 38.31962,
     "Longitud": -5.8347866,
     "Distance": 0.8739115970260989,
     "Pos_date": 1701395440000
}