{
     "Matricula": "184DBED595C6F20AB530A4BE4CBCF519BB96DD91510E147A00E67492DBD8EDE6",
     "Latitud": 37.1856666,
     "Longitud": -3.6309683,
     "Distance": 2.590614941179028,
     "Pos_date": 1701395440000
}