{
     "Matricula": "4B4758B62B9D82CA301A29C665846D8E4ABCA306D1384720183FFC279252E8EE",
     "Latitud": 38.6859016,
     "Longitud": -4.0989616,
     "Distance": 0.122190801903223,
     "Pos_date": 1701395444000
}