{
     "Matricula": "09146B272A3A4286F445DB065CDE7500601FEB1F28507C9639C44DBD771361FC",
     "Latitud": 39.9982594,
     "Longitud": -3.8337973,
     "Distance": 0.5282610357870069,
     "Pos_date": 1701395447000
}