{
     "Matricula": "667CDA8F29183BBCAB7CB48FEB643A79E064A27392D96D6392BB0F086E9E56D1",
     "Latitud": 18.8485994,
     "Longitud": -72.6432304,
     "Distance": 0.0007052626550457,
     "Pos_date": 1701395454000
}