{
     "Matricula": "1FE60CE123FE31D1895941F5902C518E1368095294E9D5414FD1ADB8D0D07BF1",
     "Latitud": 39.4658666,
     "Longitud": -4.63579,
     "Distance": 0.0,
     "Pos_date": 1701395456000
}