{
     "Matricula": "E0047EE446AB648BEA8D01836B0FBDBA466C8C19A4EFA5788990BB1D505D5919",
     "Latitud": 42.121595,
     "Longitud": 2.1927833333333333,
     "Distance": 0.0021750922420608,
     "Pos_date": 1701395462000
}