{
     "Matricula": "B376D69E11972366C72E37CBE81B7693F0A20F60788484249732048A390468A6",
     "Latitud": 36.981795,
     "Longitud": -5.7860366,
     "Distance": 0.5753476611559211,
     "Pos_date": 1701395461000
}