{
     "Matricula": "EFBFEA45FDDA61154A0E59ABA3E3934E7C85941EEFAEFB7062482EFF192DCC74",
     "Latitud": 27.9115066,
     "Longitud": -15.5360966,
     "Distance": 0.0081378299536692,
     "Pos_date": 1701389299000
}