{
     "Matricula": "81486AACFBE20A1A64655FD2B79DD456B68E4AB7452D1E1295D6FEDCD52DD526",
     "Latitud": 26.9962683,
     "Longitud": -16.390225,
     "Distance": 0.0024582668219319,
     "Pos_date": 1701395473000
}