{
     "Matricula": "D9D9D59026E4C7569F2B1ED821BDDCFDB7CC5CA4D82B4EBC06EB64696AEE3346",
     "Latitud": 32.5746166,
     "Longitud": -115.3468233,
     "Distance": 4.02139677592726,
     "Pos_date": 1701395476000
}