{
     "Matricula": "8B0FE8F5A3D03881366DD8F638A5D48BAB1174DC7DAFCA6E48EC624B6E1BFCBB",
     "Latitud": 38.3162,
     "Longitud": -5.8288383,
     "Distance": 0.6490865732096035,
     "Pos_date": 1701395482000
}