{
     "Matricula": "B3C6B707FF586E09DD4455DAB6DEA799EC9DA501B0181ABE235EC1E192A20E3D",
     "Latitud": 41.773293,
     "Longitud": 2.673533,
     "Distance": 0.0932530564750565,
     "Pos_date": 1701395497000
}