{
     "Matricula": "EFBFEA45FDDA61154A0E59ABA3E3934E7C85941EEFAEFB7062482EFF192DCC74",
     "Latitud": 26.9112566,
     "Longitud": -16.536326600000002,
     "Distance": 0.0358262909173349,
     "Pos_date": 1701389316000
}