{
     "Matricula": "8B0FE8F5A3D03881366DD8F638A5D48BAB1174DC7DAFCA6E48EC624B6E1BFCBB",
     "Latitud": 38.31583,
     "Longitud": -5.8283066,
     "Distance": 0.0624787001722403,
     "Pos_date": 1701395493000
}