{
     "Matricula": "FF3C59B448620745BF18F32F614A1E7B43B32C7A89545EC541A90558D199D111",
     "Latitud": 37.0141299,
     "Longitud": -5.5633955,
     "Distance": 0.0025137569407427,
     "Pos_date": 1701395494000
}