{
     "Matricula": "D27B62DF2FE5D39E189D483C49D0DD12E9CE25A8778307460262F026137B0350",
     "Latitud": 44.8982933,
     "Longitud": 8.581355,
     "Distance": 0.008165269175495,
     "Pos_date": 1701395497000
}