{
     "Matricula": "0A95FDC924A12D084991F164A4C6801FFD1622AA0B750D3F6649C4C6DF738FAF",
     "Latitud": 39.8640516,
     "Longitud": -0.0966115999999999,
     "Distance": 0.0255836023332398,
     "Pos_date": 1701395503000
}