{
     "Matricula": "09146B272A3A4286F445DB065CDE7500601FEB1F28507C9639C44DBD771361FC",
     "Latitud": 38.9933459,
     "Longitud": -4.835202499999999,
     "Distance": 0.5593163373813419,
     "Pos_date": 1701395507000
}