{
     "Matricula": "39A7C03D597FA1866B013468871534F511F50FC1679C2A121B1A0A2E965C4635",
     "Latitud": 42.39017,
     "Longitud": -9.169265,
     "Distance": 0.8601171453118707,
     "Pos_date": 1701395506000
}