{
     "Matricula": "D9D9D59026E4C7569F2B1ED821BDDCFDB7CC5CA4D82B4EBC06EB64696AEE3346",
     "Latitud": 31.5782066,
     "Longitud": -116.3469916,
     "Distance": 0.3995017098866151,
     "Pos_date": 1701395509000
}