{
     "Matricula": "B505798DC7ED76BB9D4538F2F4057A1DF38D96751F3DB4F05EBED09AC13BB45A",
     "Latitud": 39.7086983,
     "Longitud": -4.8711933,
     "Distance": 0.0224413488125777,
     "Pos_date": 1701395512000
}