{
     "Matricula": "EFBFEA45FDDA61154A0E59ABA3E3934E7C85941EEFAEFB7062482EFF192DCC74",
     "Latitud": 28.9111866,
     "Longitud": -14.53658,
     "Distance": 0.0260873949146458,
     "Pos_date": 1701389334000
}