{
     "Matricula": "7E5CA7B664BF522C5E7C8AAD5D5AD1FB937DF98C7F58DF9452CBBD5215238374",
     "Latitud": 41.4384416,
     "Longitud": -2.36635,
     "Distance": 0.007929595201337,
     "Pos_date": 1701395516000
}