{
     "Matricula": "81486AACFBE20A1A64655FD2B79DD456B68E4AB7452D1E1295D6FEDCD52DD526",
     "Latitud": 26.9948383,
     "Longitud": -16.3911616,
     "Distance": 0.0767087374702633,
     "Pos_date": 1701395519000
}