{
     "Matricula": "39A7C03D597FA1866B013468871534F511F50FC1679C2A121B1A0A2E965C4635",
     "Latitud": 43.390265,
     "Longitud": -8.1668533,
     "Distance": 0.058705011075164,
     "Pos_date": 1701395527000
}