{
     "Matricula": "679894276A1A15836A4517559DE4C780456B019AEABB4FBF9E878A1EEB665D57",
     "Latitud": 43.2665866,
     "Longitud": -1.9727566,
     "Distance": 0.0101218721034182,
     "Pos_date": 1701395521707
}