{
     "Matricula": "184DBED595C6F20AB530A4BE4CBCF519BB96DD91510E147A00E67492DBD8EDE6",
     "Latitud": 37.176525,
     "Longitud": -3.6146033,
     "Distance": 1.7706597298848168,
     "Pos_date": 1701395528000
}