{
     "Matricula": "C6FCE3D69653A0C262509EA6E8A244B4CB6921DD5E08BC3B5502FFC88D6AE9D1",
     "Latitud": 28.4462833,
     "Longitud": -16.3656366,
     "Distance": 0.2268179679886504,
     "Pos_date": 1701389370000
}