{
     "Matricula": "81486AACFBE20A1A64655FD2B79DD456B68E4AB7452D1E1295D6FEDCD52DD526",
     "Latitud": 27.9944416,
     "Longitud": -15.390955,
     "Distance": 0.0485516675373685,
     "Pos_date": 1701395535000
}