{
     "Matricula": "B552A6A633BDA3272B8840DEFAFA97AF693265E69D46098DB86823F714D205DF",
     "Latitud": 43.4618083,
     "Longitud": -3.814165,
     "Distance": 0.6718093599079761,
     "Pos_date": 1701395536000
}