{
     "Matricula": "39A7C03D597FA1866B013468871534F511F50FC1679C2A121B1A0A2E965C4635",
     "Latitud": 43.38952,
     "Longitud": -8.16566,
     "Distance": 0.1271228816505662,
     "Pos_date": 1701395537000
}