{
     "Matricula": "41C7062648C8DBF0EA80651CFD608A92D98013F7F67CBC4C2A89D526D8AC9F16",
     "Latitud": 54.0153745,
     "Longitud": -2.6330478,
     "Distance": 0.0053969867266618,
     "Pos_date": 1701395315000
}