{
     "Matricula": "8B0FE8F5A3D03881366DD8F638A5D48BAB1174DC7DAFCA6E48EC624B6E1BFCBB",
     "Latitud": 37.317725,
     "Longitud": -6.8207816,
     "Distance": 0.6980225512302537,
     "Pos_date": 1701395537000
}