{
     "Matricula": "184DBED595C6F20AB530A4BE4CBCF519BB96DD91510E147A00E67492DBD8EDE6",
     "Latitud": 37.1761016,
     "Longitud": -3.6139466,
     "Distance": 0.0748445483838726,
     "Pos_date": 1701395541000
}