{
     "Matricula": "B552A6A633BDA3272B8840DEFAFA97AF693265E69D46098DB86823F714D205DF",
     "Latitud": 44.4616183,
     "Longitud": -2.813825,
     "Distance": 0.034631895970357,
     "Pos_date": 1701395542000
}