{
     "Matricula": "DE270AC86D7A5AF5255D130A15B83A4A5536E712ACBDAC6B87A8638D9EF9B2E6",
     "Latitud": 40.4733066,
     "Longitud": -3.7596083,
     "Distance": 5.081803810310151,
     "Pos_date": 1701395558000
}