{
     "Matricula": "7E4A080157027B36C4D596160AC49CA6DBA51495D30AB66AC4B6C5D44B16E263",
     "Latitud": 31.6091066,
     "Longitud": -116.40066,
     "Distance": 0.9091900845915726,
     "Pos_date": 1701395560000
}