{
     "Matricula": "09D6BBFFC31C042E82D726ACDF6829F4D525A852C4886D393B2FB8C37FB0A451",
     "Latitud": 36.376745,
     "Longitud": -7.0318733,
     "Distance": 0.014099616220205,
     "Pos_date": 1701395560000
}