{
     "Matricula": "09D6BBFFC31C042E82D726ACDF6829F4D525A852C4886D393B2FB8C37FB0A451",
     "Latitud": 37.376745,
     "Longitud": -6.0318733,
     "Distance": 0.0,
     "Pos_date": 1701395560010
}