{
     "Matricula": "B81D5D3C0ABD5651D35460611801239A551537387FEDC8EFD43EC51B6EE751A2",
     "Latitud": 19.4872866,
     "Longitud": -68.8330123,
     "Distance": 0.3993943662226216,
     "Pos_date": 1701395358000
}