{
     "Matricula": "FF3C59B448620745BF18F32F614A1E7B43B32C7A89545EC541A90558D199D111",
     "Latitud": 37.9795486,
     "Longitud": -4.5907535,
     "Distance": 1.1991083958315207,
     "Pos_date": 1701389374000
}