{
     "Matricula": "B81D5D3C0ABD5651D35460611801239A551537387FEDC8EFD43EC51B6EE751A2",
     "Latitud": 17.4875661,
     "Longitud": -70.8319193,
     "Distance": 0.1193805957073442,
     "Pos_date": 1701395470000
}