{
     "Matricula": "B81D5D3C0ABD5651D35460611801239A551537387FEDC8EFD43EC51B6EE751A2",
     "Latitud": 17.4876674,
     "Longitud": -70.8315687,
     "Distance": 0.0386508302020697,
     "Pos_date": 1701395488000
}