{
     "Matricula": "B63287228FC7EFF8199A3AD3348647347BD729F7F432C4450A1B02EDBDDB2B7E",
     "Latitud": 37.5731516,
     "Longitud": -6.7534916,
     "Distance": 0.0135792599422286,
     "Pos_date": 1701395563000
}