{
     "Matricula": "09146B272A3A4286F445DB065CDE7500601FEB1F28507C9639C44DBD771361FC",
     "Latitud": 41.9890505,
     "Longitud": -1.8364373,
     "Distance": 0.4890743502990597,
     "Pos_date": 1701395567000
}