{
     "Matricula": "81486AACFBE20A1A64655FD2B79DD456B68E4AB7452D1E1295D6FEDCD52DD526",
     "Latitud": 26.99616,
     "Longitud": -16.3919283,
     "Distance": 0.2136417422872926,
     "Pos_date": 1701395565000
}