{
     "Matricula": "740A75AE1B57C5D8AD420811A655ADB2D3647CE29F2CEF3ADF0DDF5D83C424A6",
     "Latitud": 39.38828,
     "Longitud": -4.643258299999999,
     "Distance": 0.0,
     "Pos_date": 1701395572010
}