{
     "Matricula": "E0047EE446AB648BEA8D01836B0FBDBA466C8C19A4EFA5788990BB1D505D5919",
     "Latitud": 42.12160166666666,
     "Longitud": 2.1928,
     "Distance": 0.0053543750010628,
     "Pos_date": 1701395582000
}