{
     "Matricula": "F4AE0241D1A98FCCB07393881F2EB5F012112A9453EE549C474D6C427E650864",
     "Latitud": 38.36159,
     "Longitud": -1.2700233,
     "Distance": 0.1896587282675493,
     "Pos_date": 1701389376000
}