{
     "Matricula": "19CB2C27AEA2A6C6C4DBAAB759FC3A4D6FC7A80E197BBA6B9814F7F04708C407",
     "Latitud": 42.4486999,
     "Longitud": -8.7889233,
     "Distance": 4.043352247954813,
     "Pos_date": 1701395580000
}