{
     "Matricula": "1F4B95AF5D5AE4472CBFF63824B09DB03C5673705A9ADEE5E1BA26E111E86370",
     "Latitud": 37.3767899,
     "Longitud": -6.03171,
     "Distance": 0.0,
     "Pos_date": 1701395582010
}