{
     "Matricula": "07F0F06AFDDE789E75C987F1E8AF8E5F48E72512AD4FC4FBD22D89D19D0618BC",
     "Latitud": 41.165803333333336,
     "Longitud": -8.6202,
     "Distance": 0.0027840249234958,
     "Pos_date": 1701395586000
}