{
     "Matricula": "730655A225241D534D1C78911ACA85AB05E607C709D7B9520443018F8A067709",
     "Latitud": 44.3960283,
     "Longitud": -3.0079499,
     "Distance": 5.0051785142507885,
     "Pos_date": 1701395609000
}