{
     "Matricula": "61E9C8A81EEC32F7DADD350A7DEF8062150D99E745599F7F8E4FFAB8E35187E6",
     "Latitud": 37.8914883,
     "Longitud": -4.799635,
     "Distance": 0.1705205517049365,
     "Pos_date": 1701389383000
}