{
     "Matricula": "B3C6B707FF586E09DD4455DAB6DEA799EC9DA501B0181ABE235EC1E192A20E3D",
     "Latitud": 41.7724085,
     "Longitud": 2.6732422,
     "Distance": 0.0804969378054971,
     "Pos_date": 1701395617000
}