{
     "Matricula": "216988BB419507DFAB380C71C4795482CA90FC861D4C361F913B93203A57F5F6",
     "Latitud": 33.5647016,
     "Longitud": -114.301,
     "Distance": 0.0114153406272673,
     "Pos_date": 1701395611000
}