{
     "Matricula": "5471D4E9DBCD688F2DFC585A49AF6C88AA5C7A0B25A4EB1A3F155A715384447C",
     "Latitud": 40.5687683,
     "Longitud": -3.6116816,
     "Distance": 2.421758943500929,
     "Pos_date": 1701395610000
}