{
     "Matricula": "740A75AE1B57C5D8AD420811A655ADB2D3647CE29F2CEF3ADF0DDF5D83C424A6",
     "Latitud": 40.3883166,
     "Longitud": -3.6433666,
     "Distance": 0.0100346915511373,
     "Pos_date": 1701395620000
}