{
     "Matricula": "17EF290090A9EDE96C2B3EC2F6045398FD269B250C4FAAAD79710903A313A36C",
     "Latitud": 40.4313933,
     "Longitud": -3.6607783,
     "Distance": 5.012720088083008,
     "Pos_date": 1701395618000
}