{
     "Matricula": "5471D4E9DBCD688F2DFC585A49AF6C88AA5C7A0B25A4EB1A3F155A715384447C",
     "Latitud": 39.5692616,
     "Longitud": -4.6121266,
     "Distance": 0.0664952828233363,
     "Pos_date": 1701395623000
}