{
     "Matricula": "09146B272A3A4286F445DB065CDE7500601FEB1F28507C9639C44DBD771361FC",
     "Latitud": 38.9862403,
     "Longitud": -4.8372048,
     "Distance": 0.3192484441143509,
     "Pos_date": 1701395627000
}