{
     "Matricula": "39A7C03D597FA1866B013468871534F511F50FC1679C2A121B1A0A2E965C4635",
     "Latitud": 42.3814683,
     "Longitud": -9.1512549,
     "Distance": 1.468564381289316,
     "Pos_date": 1701395626000
}