{
     "Matricula": "216988BB419507DFAB380C71C4795482CA90FC861D4C361F913B93203A57F5F6",
     "Latitud": 32.564625,
     "Longitud": -115.3009816,
     "Distance": 0.0086903307862564,
     "Pos_date": 1701395628000
}