{
     "Matricula": "C6FCE3D69653A0C262509EA6E8A244B4CB6921DD5E08BC3B5502FFC88D6AE9D1",
     "Latitud": 27.446905,
     "Longitud": -17.3666549,
     "Distance": 0.1212060067930745,
     "Pos_date": 1701389385000
}