{
     "Matricula": "5471D4E9DBCD688F2DFC585A49AF6C88AA5C7A0B25A4EB1A3F155A715384447C",
     "Latitud": 41.5686333,
     "Longitud": -2.6122916,
     "Distance": 0.0712404316775773,
     "Pos_date": 1701395629000
}