{
     "Matricula": "B376D69E11972366C72E37CBE81B7693F0A20F60788484249732048A390468A6",
     "Latitud": 38.94072,
     "Longitud": -3.7624266,
     "Distance": 5.014472569747837,
     "Pos_date": 1701395634000
}