{
     "Matricula": "E0047EE446AB648BEA8D01836B0FBDBA466C8C19A4EFA5788990BB1D505D5919",
     "Latitud": 40.12162,
     "Longitud": 0.1928,
     "Distance": 0.0020385764709923,
     "Pos_date": 1701395642000
}