{
     "Matricula": "8B0FE8F5A3D03881366DD8F638A5D48BAB1174DC7DAFCA6E48EC624B6E1BFCBB",
     "Latitud": 37.3229266,
     "Longitud": -6.7983866,
     "Distance": 2.063099037071261,
     "Pos_date": 1701395640000
}