{
     "Matricula": "19CB2C27AEA2A6C6C4DBAAB759FC3A4D6FC7A80E197BBA6B9814F7F04708C407",
     "Latitud": 41.458185,
     "Longitud": -9.7775316,
     "Distance": 1.4092094004635178,
     "Pos_date": 1701395634000
}