{
     "Matricula": "4B4758B62B9D82CA301A29C665846D8E4ABCA306D1384720183FFC279252E8EE",
     "Latitud": 40.6869533,
     "Longitud": -2.1064566,
     "Distance": 0.6609672797368085,
     "Pos_date": 1701395641000
}