{
     "Matricula": "B552A6A633BDA3272B8840DEFAFA97AF693265E69D46098DB86823F714D205DF",
     "Latitud": 43.46167,
     "Longitud": -3.80562,
     "Distance": 0.6622446193561711,
     "Pos_date": 1701395640000
}