{
     "Matricula": "D0987C421B7385E3BF5BC30D521B4F7684CDBC4CCE30DF650B89F94579B337DA",
     "Latitud": 37.3405466,
     "Longitud": -5.9767683,
     "Distance": 4.611727669500592,
     "Pos_date": 1701395642000
}