{
     "Matricula": "E0047EE446AB648BEA8D01836B0FBDBA466C8C19A4EFA5788990BB1D505D5919",
     "Latitud": 42.12162333333333,
     "Longitud": 2.1927833333333333,
     "Distance": 0.0014444472415648,
     "Pos_date": 1701388860000
}