{
     "Matricula": "44C8A1AF0DE74873DDA53C547CDE57CE0ED68811C3D22936C420588ECCE39BF4",
     "Latitud": 42.2573316,
     "Longitud": -3.93559,
     "Distance": 0.7107354521956315,
     "Pos_date": 1701389389000
}