{
     "Matricula": "679894276A1A15836A4517559DE4C780456B019AEABB4FBF9E878A1EEB665D57",
     "Latitud": 43.2667183,
     "Longitud": -1.9726166,
     "Distance": 0.0185190656380216,
     "Pos_date": 1701395637820
}