{
     "Matricula": "8B0FE8F5A3D03881366DD8F638A5D48BAB1174DC7DAFCA6E48EC624B6E1BFCBB",
     "Latitud": 38.3230216,
     "Longitud": -5.79831,
     "Distance": 0.0125485974456659,
     "Pos_date": 1701395646000
}