{
     "Matricula": "07F0F06AFDDE789E75C987F1E8AF8E5F48E72512AD4FC4FBD22D89D19D0618BC",
     "Latitud": 41.16572666666666,
     "Longitud": -8.620316666666668,
     "Distance": 0.0129633970910274,
     "Pos_date": 1701395647000
}