{
     "Matricula": "1F4B95AF5D5AE4472CBFF63824B09DB03C5673705A9ADEE5E1BA26E111E86370",
     "Latitud": 36.3769533,
     "Longitud": -7.0317066,
     "Distance": 0.0181717597812775,
     "Pos_date": 1701395644000
}