{
     "Matricula": "1F4B95AF5D5AE4472CBFF63824B09DB03C5673705A9ADEE5E1BA26E111E86370",
     "Latitud": 36.3769833,
     "Longitud": -7.031725,
     "Distance": 0.0037109760083196,
     "Pos_date": 1701395651000
}