{
     "Matricula": "09D6BBFFC31C042E82D726ACDF6829F4D525A852C4886D393B2FB8C37FB0A451",
     "Latitud": 39.3769216,
     "Longitud": -4.0316466,
     "Distance": 0.0107874613189806,
     "Pos_date": 1701395653000
}