{
     "Matricula": "740A75AE1B57C5D8AD420811A655ADB2D3647CE29F2CEF3ADF0DDF5D83C424A6",
     "Latitud": 40.3878666,
     "Longitud": -3.64487,
     "Distance": 0.136808461054445,
     "Pos_date": 1701395655000
}