{
     "Matricula": "39A7C03D597FA1866B013468871534F511F50FC1679C2A121B1A0A2E965C4635",
     "Latitud": 42.3778766,
     "Longitud": -9.150625,
     "Distance": 0.4026108173189166,
     "Pos_date": 1701395655000
}