{
     "Matricula": "0A95FDC924A12D084991F164A4C6801FFD1622AA0B750D3F6649C4C6DF738FAF",
     "Latitud": 38.8639283,
     "Longitud": -1.096725,
     "Distance": 0.0168633270954223,
     "Pos_date": 1701395661000
}