{
     "Matricula": "730655A225241D534D1C78911ACA85AB05E607C709D7B9520443018F8A067709",
     "Latitud": 44.39067,
     "Longitud": -3.0209916000000003,
     "Distance": 1.210552842729152,
     "Pos_date": 1701395662000
}