{
     "Matricula": "9DEFC3A62FB03850067A32353B7FD765C84EF7746C5E09E5B1FD037FFF4C2291",
     "Latitud": 38.37695,
     "Longitud": -5.0316683,
     "Distance": 0.0389479768253078,
     "Pos_date": 1701395662000
}