{
     "Matricula": "1F4B95AF5D5AE4472CBFF63824B09DB03C5673705A9ADEE5E1BA26E111E86370",
     "Latitud": 38.3767116,
     "Longitud": -5.0316499,
     "Distance": 0.0309319189419228,
     "Pos_date": 1701395664000
}