{
     "Matricula": "2E6DE46599917276EA118315105E20AEC32E0A63CDE37C796351602488BB3A89",
     "Latitud": 40.2566116,
     "Longitud": 10.078125,
     "Distance": 0.0,
     "Pos_date": 1701395673000
}