{
     "Matricula": "D9D9D59026E4C7569F2B1ED821BDDCFDB7CC5CA4D82B4EBC06EB64696AEE3346",
     "Latitud": 31.588313300000003,
     "Longitud": -116.3528216,
     "Distance": 1.081592042085621,
     "Pos_date": 1701395677000
}