{
     "Matricula": "216988BB419507DFAB380C71C4795482CA90FC861D4C361F913B93203A57F5F6",
     "Latitud": 31.564459900000003,
     "Longitud": -116.3003233,
     "Distance": 0.0643652874813163,
     "Pos_date": 1701395678000
}