{
     "Matricula": "17EF290090A9EDE96C2B3EC2F6045398FD269B250C4FAAAD79710903A313A36C",
     "Latitud": 41.3926533,
     "Longitud": -2.6770566,
     "Distance": 0.1315969465620731,
     "Pos_date": 1701389391000
}