{
     "Matricula": "730655A225241D534D1C78911ACA85AB05E607C709D7B9520443018F8A067709",
     "Latitud": 43.3914216,
     "Longitud": -4.0220766,
     "Distance": 0.1211238563610464,
     "Pos_date": 1701395680000
}