{
     "Matricula": "09D6BBFFC31C042E82D726ACDF6829F4D525A852C4886D393B2FB8C37FB0A451",
     "Latitud": 36.3781416,
     "Longitud": -7.0294483,
     "Distance": 0.2369266224990859,
     "Pos_date": 1701395679000
}