{
     "Matricula": "09146B272A3A4286F445DB065CDE7500601FEB1F28507C9639C44DBD771361FC",
     "Latitud": 39.9829502,
     "Longitud": -3.8381303,
     "Distance": 0.3742442040263325,
     "Pos_date": 1701395687000
}