{
     "Matricula": "740A75AE1B57C5D8AD420811A655ADB2D3647CE29F2CEF3ADF0DDF5D83C424A6",
     "Latitud": 41.3888899,
     "Longitud": -2.6438666,
     "Distance": 0.1420181618797844,
     "Pos_date": 1701395689000
}