{
     "Matricula": "5471D4E9DBCD688F2DFC585A49AF6C88AA5C7A0B25A4EB1A3F155A715384447C",
     "Latitud": 40.5635266,
     "Longitud": -3.6172983,
     "Distance": 0.7080256496268714,
     "Pos_date": 1701395692000
}