{
     "Matricula": "1FE60CE123FE31D1895941F5902C518E1368095294E9D5414FD1ADB8D0D07BF1",
     "Latitud": 39.46593,
     "Longitud": -4.6358383,
     "Distance": 0.0081482920839231,
     "Pos_date": 1701395696000
}