{
     "Matricula": "7E4A080157027B36C4D596160AC49CA6DBA51495D30AB66AC4B6C5D44B16E263",
     "Latitud": 32.6091716,
     "Longitud": -115.3954049,
     "Distance": 0.4922825381140069,
     "Pos_date": 1701395699000
}