{
     "Matricula": "D0987C421B7385E3BF5BC30D521B4F7684CDBC4CCE30DF650B89F94579B337DA",
     "Latitud": 37.3429483,
     "Longitud": -5.984405,
     "Distance": 0.7260135250967354,
     "Pos_date": 1701395702000
}