{
     "Matricula": "730655A225241D534D1C78911ACA85AB05E607C709D7B9520443018F8A067709",
     "Latitud": 44.3910566,
     "Longitud": -3.0249816000000003,
     "Distance": 0.2382162335982215,
     "Pos_date": 1701395702000
}