{
     "Matricula": "F4AE0241D1A98FCCB07393881F2EB5F012112A9453EE549C474D6C427E650864",
     "Latitud": 37.3621266,
     "Longitud": -2.2707633,
     "Distance": 0.088529628941706,
     "Pos_date": 1701389394000
}