{
     "Matricula": "07F0F06AFDDE789E75C987F1E8AF8E5F48E72512AD4FC4FBD22D89D19D0618BC",
     "Latitud": 42.16574166666667,
     "Longitud": -7.6203166666666675,
     "Distance": 0.0016679262044393,
     "Pos_date": 1701395707000
}