{
     "Matricula": "679894276A1A15836A4517559DE4C780456B019AEABB4FBF9E878A1EEB665D57",
     "Latitud": 43.2680733,
     "Longitud": -1.9716383,
     "Distance": 0.1702223555123268,
     "Pos_date": 1701395701714
}