{
     "Matricula": "1F4B95AF5D5AE4472CBFF63824B09DB03C5673705A9ADEE5E1BA26E111E86370",
     "Latitud": 37.3739633,
     "Longitud": -6.0302716,
     "Distance": 0.328972842098787,
     "Pos_date": 1701395706000
}