{
     "Matricula": "1F4B95AF5D5AE4472CBFF63824B09DB03C5673705A9ADEE5E1BA26E111E86370",
     "Latitud": 38.3738383,
     "Longitud": -5.0304616,
     "Distance": 0.0217963294955061,
     "Pos_date": 1701395719000
}