{
     "Matricula": "B376D69E11972366C72E37CBE81B7693F0A20F60788484249732048A390468A6",
     "Latitud": 37.9196366,
     "Longitud": -4.762885,
     "Distance": 2.3447150713789617,
     "Pos_date": 1701395716000
}