{
     "Matricula": "216988BB419507DFAB380C71C4795482CA90FC861D4C361F913B93203A57F5F6",
     "Latitud": 33.5708733,
     "Longitud": -114.297975,
     "Distance": 0.746319619590895,
     "Pos_date": 1701395729000
}