{
     "Matricula": "B3C6B707FF586E09DD4455DAB6DEA799EC9DA501B0181ABE235EC1E192A20E3D",
     "Latitud": 41.7715297,
     "Longitud": 2.6730052,
     "Distance": 0.0996751977325489,
     "Pos_date": 1701395737000
}