{
     "Matricula": "B376D69E11972366C72E37CBE81B7693F0A20F60788484249732048A390468A6",
     "Latitud": 37.918785,
     "Longitud": -4.76202,
     "Distance": 0.1213435585675524,
     "Pos_date": 1701395729000
}