{
     "Matricula": "D27B62DF2FE5D39E189D483C49D0DD12E9CE25A8778307460262F026137B0350",
     "Latitud": 44.8983133,
     "Longitud": 8.58131,
     "Distance": 0.0041843851515487,
     "Pos_date": 1701395737000
}