{
     "Matricula": "1F4B95AF5D5AE4472CBFF63824B09DB03C5673705A9ADEE5E1BA26E111E86370",
     "Latitud": 38.3743483,
     "Longitud": -5.02813,
     "Distance": 0.2136950823527766,
     "Pos_date": 1701395741000
}