{
     "Matricula": "09146B272A3A4286F445DB065CDE7500601FEB1F28507C9639C44DBD771361FC",
     "Latitud": 40.9827588,
     "Longitud": -2.8381845,
     "Distance": 0.021777976909285,
     "Pos_date": 1701395747000
}