{
     "Matricula": "B376D69E11972366C72E37CBE81B7693F0A20F60788484249732048A390468A6",
     "Latitud": 37.919975,
     "Longitud": -4.7609883,
     "Distance": 0.1603102436042401,
     "Pos_date": 1701395746000
}