{
     "Matricula": "4B4758B62B9D82CA301A29C665846D8E4ABCA306D1384720183FFC279252E8EE",
     "Latitud": 39.6948616,
     "Longitud": -3.1091166,
     "Distance": 0.909164131334114,
     "Pos_date": 1701395746000
}