{
     "Matricula": "DE270AC86D7A5AF5255D130A15B83A4A5536E712ACBDAC6B87A8638D9EF9B2E6",
     "Latitud": 41.4569466,
     "Longitud": -2.8149383,
     "Distance": 5.021844984913188,
     "Pos_date": 1701395748000
}