{
     "Matricula": "D9D9D59026E4C7569F2B1ED821BDDCFDB7CC5CA4D82B4EBC06EB64696AEE3346",
     "Latitud": 33.58998,
     "Longitud": -114.3553283,
     "Distance": 0.2991657032106861,
     "Pos_date": 1701395751000
}