{
     "Matricula": "EFBFEA45FDDA61154A0E59ABA3E3934E7C85941EEFAEFB7062482EFF192DCC74",
     "Latitud": 26.9687983,
     "Longitud": -16.39049,
     "Distance": 5.015114945758115,
     "Pos_date": 1701395749000
}