{
     "Matricula": "184DBED595C6F20AB530A4BE4CBCF519BB96DD91510E147A00E67492DBD8EDE6",
     "Latitud": 37.1782283,
     "Longitud": -3.6094316,
     "Distance": 0.4646874893794212,
     "Pos_date": 1701395754000
}