{
     "Matricula": "184DBED595C6F20AB530A4BE4CBCF519BB96DD91510E147A00E67492DBD8EDE6",
     "Latitud": 38.17837,
     "Longitud": -2.609605,
     "Distance": 0.0220060988332238,
     "Pos_date": 1701395760000
}