{
     "Matricula": "07F0F06AFDDE789E75C987F1E8AF8E5F48E72512AD4FC4FBD22D89D19D0618BC",
     "Latitud": 42.165776666666666,
     "Longitud": -7.6203166666666675,
     "Distance": 0.0038918278072934,
     "Pos_date": 1701395767000
}