{
     "Matricula": "5471D4E9DBCD688F2DFC585A49AF6C88AA5C7A0B25A4EB1A3F155A715384447C",
     "Latitud": 39.5622316,
     "Longitud": -4.61875,
     "Distance": 0.1891393437939351,
     "Pos_date": 1701395763000
}