{
     "Matricula": "572AC77A5DE790549FEE5175A2B243ADE2CA3CE6CF97AD5735784BA335DE15BA",
     "Latitud": 21.4419794,
     "Longitud": -68.7123749,
     "Distance": 0.0378826603259488,
     "Pos_date": 1701389228000
}