{
     "Matricula": "D0987C421B7385E3BF5BC30D521B4F7684CDBC4CCE30DF650B89F94579B337DA",
     "Latitud": 36.3394216,
     "Longitud": -6.9896566,
     "Distance": 0.6077202701089067,
     "Pos_date": 1701395765000
}