{
     "Matricula": "09D6BBFFC31C042E82D726ACDF6829F4D525A852C4886D393B2FB8C37FB0A451",
     "Latitud": 37.3888966,
     "Longitud": -6.0294549,
     "Distance": 1.1959032300852146,
     "Pos_date": 1701395768000
}