{
     "Matricula": "D0987C421B7385E3BF5BC30D521B4F7684CDBC4CCE30DF650B89F94579B337DA",
     "Latitud": 37.3394983,
     "Longitud": -5.9904283,
     "Distance": 0.0687541719035812,
     "Pos_date": 1701395776000
}