{
     "Matricula": "1F4B95AF5D5AE4472CBFF63824B09DB03C5673705A9ADEE5E1BA26E111E86370",
     "Latitud": 36.3705216,
     "Longitud": -7.0268116,
     "Distance": 0.4411712257191589,
     "Pos_date": 1701395785000
}