{
     "Matricula": "09D6BBFFC31C042E82D726ACDF6829F4D525A852C4886D393B2FB8C37FB0A451",
     "Latitud": 38.3896616,
     "Longitud": -5.0312866,
     "Distance": 0.1828214839169905,
     "Pos_date": 1701395790000
}