{
     "Matricula": "19CB2C27AEA2A6C6C4DBAAB759FC3A4D6FC7A80E197BBA6B9814F7F04708C407",
     "Latitud": 42.4909866,
     "Longitud": -8.761045,
     "Distance": 3.889943152702687,
     "Pos_date": 1701395783000
}