{
     "Matricula": "572AC77A5DE790549FEE5175A2B243ADE2CA3CE6CF97AD5735784BA335DE15BA",
     "Latitud": 20.4426661,
     "Longitud": -69.710505,
     "Distance": 0.2104111734199872,
     "Pos_date": 1701389246000
}