{
     "Matricula": "B552A6A633BDA3272B8840DEFAFA97AF693265E69D46098DB86823F714D205DF",
     "Latitud": 43.4618516,
     "Longitud": -3.8044699,
     "Distance": 0.0949945944283575,
     "Pos_date": 1701395792000
}