{
     "Matricula": "19CB2C27AEA2A6C6C4DBAAB759FC3A4D6FC7A80E197BBA6B9814F7F04708C407",
     "Latitud": 43.4921533,
     "Longitud": -7.760501599999999,
     "Distance": 0.1371690259311152,
     "Pos_date": 1701395795000
}