{
     "Matricula": "09D6BBFFC31C042E82D726ACDF6829F4D525A852C4886D393B2FB8C37FB0A451",
     "Latitud": 36.3897266,
     "Longitud": -7.0300983,
     "Distance": 0.1052314165518217,
     "Pos_date": 1701395798000
}