{
     "Matricula": "9DEFC3A62FB03850067A32353B7FD765C84EF7746C5E09E5B1FD037FFF4C2291",
     "Latitud": 37.3781966,
     "Longitud": -6.02939,
     "Distance": 0.2444209430549201,
     "Pos_date": 1701395801000
}