{
     "Matricula": "E9D8202FBEF52727BC67129BD6FC9DE7B287E32CB5AAEC3F3995640AD3ECE32E",
     "Latitud": 32.5644583,
     "Longitud": -115.3012216,
     "Distance": 0.0,
     "Pos_date": 1701395803000
}