{
     "Matricula": "19CB2C27AEA2A6C6C4DBAAB759FC3A4D6FC7A80E197BBA6B9814F7F04708C407",
     "Latitud": 41.4919716,
     "Longitud": -9.7625283,
     "Distance": 0.1673969778642959,
     "Pos_date": 1701395805000
}