{
     "Matricula": "09146B272A3A4286F445DB065CDE7500601FEB1F28507C9639C44DBD771361FC",
     "Latitud": 38.9827667,
     "Longitud": -4.8382023,
     "Distance": 0.0017526306376542,
     "Pos_date": 1701395807000
}