{
     "Matricula": "E9D8202FBEF52727BC67129BD6FC9DE7B287E32CB5AAEC3F3995640AD3ECE32E",
     "Latitud": 32.5645316,
     "Longitud": -115.3012399,
     "Distance": 0.0083290670849656,
     "Pos_date": 1701395806000
}