{
     "Matricula": "81486AACFBE20A1A64655FD2B79DD456B68E4AB7452D1E1295D6FEDCD52DD526",
     "Latitud": 28.03695,
     "Longitud": -15.4061933,
     "Distance": 4.746891265033435,
     "Pos_date": 1701395805000
}