{
     "Matricula": "B81D5D3C0ABD5651D35460611801239A551537387FEDC8EFD43EC51B6EE751A2",
     "Latitud": 17.4879919,
     "Longitud": -70.8302856,
     "Distance": 0.140039531076504,
     "Pos_date": 1701395608000
}