{
     "Matricula": "B81D5D3C0ABD5651D35460611801239A551537387FEDC8EFD43EC51B6EE751A2",
     "Latitud": 19.4882188,
     "Longitud": -68.8294023,
     "Distance": 0.0965059123934965,
     "Pos_date": 1701395687000
}