{
     "Matricula": "B81D5D3C0ABD5651D35460611801239A551537387FEDC8EFD43EC51B6EE751A2",
     "Latitud": 17.4883259,
     "Longitud": -70.8290502,
     "Distance": 0.0389941448936996,
     "Pos_date": 1701395734000
}