{
     "Matricula": "1F4B95AF5D5AE4472CBFF63824B09DB03C5673705A9ADEE5E1BA26E111E86370",
     "Latitud": 37.37143,
     "Longitud": -6.0239583,
     "Distance": 0.2716237365821261,
     "Pos_date": 1701395811000
}