{
     "Matricula": "9DEFC3A62FB03850067A32353B7FD765C84EF7746C5E09E5B1FD037FFF4C2291",
     "Latitud": 37.3795749,
     "Longitud": -6.02702,
     "Distance": 0.2595042418299961,
     "Pos_date": 1701395823000
}