{
     "Matricula": "184DBED595C6F20AB530A4BE4CBCF519BB96DD91510E147A00E67492DBD8EDE6",
     "Latitud": 37.1775933,
     "Longitud": -3.6118916,
     "Distance": 0.2202251252685057,
     "Pos_date": 1701395824000
}