{
     "Matricula": "572AC77A5DE790549FEE5175A2B243ADE2CA3CE6CF97AD5735784BA335DE15BA",
     "Latitud": 18.4448308,
     "Longitud": -71.709143,
     "Distance": 0.1224204913684269,
     "Pos_date": 1701389270000
}