{
     "Matricula": "09146B272A3A4286F445DB065CDE7500601FEB1F28507C9639C44DBD771361FC",
     "Latitud": 40.9827708,
     "Longitud": -2.8381907,
     "Distance": 0.0010884226377356,
     "Pos_date": 1701395828000
}