{
     "Matricula": "D0987C421B7385E3BF5BC30D521B4F7684CDBC4CCE30DF650B89F94579B337DA",
     "Latitud": 37.3340633,
     "Longitud": -5.9906733,
     "Distance": 0.6047332998709444,
     "Pos_date": 1701395830000
}