{
     "Matricula": "09D6BBFFC31C042E82D726ACDF6829F4D525A852C4886D393B2FB8C37FB0A451",
     "Latitud": 38.387335,
     "Longitud": -5.025165,
     "Distance": 0.5105741477101239,
     "Pos_date": 1701395833000
}