{
     "Matricula": "8B0FE8F5A3D03881366DD8F638A5D48BAB1174DC7DAFCA6E48EC624B6E1BFCBB",
     "Latitud": 37.3313466,
     "Longitud": -6.8023783,
     "Distance": 0.993135819377584,
     "Pos_date": 1701395835000
}