{
     "Matricula": "730655A225241D534D1C78911ACA85AB05E607C709D7B9520443018F8A067709",
     "Latitud": 44.37918,
     "Longitud": -3.0385733000000004,
     "Distance": 0.8753961724113671,
     "Pos_date": 1701395839000
}