{
     "Matricula": "96CCDDEBC559BA6C00439D619E2F188E69090FD1EE9491C275FE8A3B84B1DCC3",
     "Latitud": 41.1906799,
     "Longitud": -2.85186,
     "Distance": 0.0736195029890335,
     "Pos_date": 1701388861000
}