{
     "Matricula": "572AC77A5DE790549FEE5175A2B243ADE2CA3CE6CF97AD5735784BA335DE15BA",
     "Latitud": 19.444863,
     "Longitud": -70.7089886,
     "Distance": 0.0165804786711578,
     "Pos_date": 1701389273000
}