{
     "Matricula": "2AAAF131A0E7ABB23D076B1EBB444BCECE83D3233F265BB7387B69A85C7DA84D",
     "Latitud": 36.2419016,
     "Longitud": -7.953375,
     "Distance": 0.0,
     "Pos_date": 1701395835020
}