{
     "Matricula": "E9D8202FBEF52727BC67129BD6FC9DE7B287E32CB5AAEC3F3995640AD3ECE32E",
     "Latitud": 32.5643783,
     "Longitud": -115.3004283,
     "Distance": 0.0779448499622832,
     "Pos_date": 1701395840000
}