{
     "Matricula": "2AAAF131A0E7ABB23D076B1EBB444BCECE83D3233F265BB7387B69A85C7DA84D",
     "Latitud": 37.2420399,
     "Longitud": -6.9534166,
     "Distance": 0.0158130350053103,
     "Pos_date": 1701395843000
}