{
     "Matricula": "D9D9D59026E4C7569F2B1ED821BDDCFDB7CC5CA4D82B4EBC06EB64696AEE3346",
     "Latitud": 30.5957566,
     "Longitud": -117.3640966,
     "Distance": 1.042768714062677,
     "Pos_date": 1701395843000
}