{
     "Matricula": "730655A225241D534D1C78911ACA85AB05E607C709D7B9520443018F8A067709",
     "Latitud": 42.3791299,
     "Longitud": -5.0388166,
     "Distance": 0.0204372597479428,
     "Pos_date": 1701395845000
}