{
     "Matricula": "2AAAF131A0E7ABB23D076B1EBB444BCECE83D3233F265BB7387B69A85C7DA84D",
     "Latitud": 36.2420966,
     "Longitud": -7.9534283,
     "Distance": 0.0063892623353054,
     "Pos_date": 1701395846000
}