{
     "Matricula": "730655A225241D534D1C78911ACA85AB05E607C709D7B9520443018F8A067709",
     "Latitud": 42.3791133,
     "Longitud": -5.0387616,
     "Distance": 0.0048130782264113,
     "Pos_date": 1701395847000
}