{
     "Matricula": "FF3C59B448620745BF18F32F614A1E7B43B32C7A89545EC541A90558D199D111",
     "Latitud": 38.0140914,
     "Longitud": -4.5633422,
     "Distance": 0.0017162412066655,
     "Pos_date": 1701395854000
}