{
     "Matricula": "730655A225241D534D1C78911ACA85AB05E607C709D7B9520443018F8A067709",
     "Latitud": 42.3792716,
     "Longitud": -5.03873,
     "Distance": 0.0177864873313354,
     "Pos_date": 1701395852000
}