{
     "Matricula": "B3C6B707FF586E09DD4455DAB6DEA799EC9DA501B0181ABE235EC1E192A20E3D",
     "Latitud": 40.7699611,
     "Longitud": 1.6726848,
     "Distance": 0.1764329086977576,
     "Pos_date": 1701395857000
}