{
     "Matricula": "572AC77A5DE790549FEE5175A2B243ADE2CA3CE6CF97AD5735784BA335DE15BA",
     "Latitud": 19.4447953,
     "Longitud": -70.7087407,
     "Distance": 0.0270611485456756,
     "Pos_date": 1701389284000
}