{
     "Matricula": "B376D69E11972366C72E37CBE81B7693F0A20F60788484249732048A390468A6",
     "Latitud": 38.9212066,
     "Longitud": -3.76177,
     "Distance": 0.1531548752615656,
     "Pos_date": 1701395850000
}