{
     "Matricula": "19CB2C27AEA2A6C6C4DBAAB759FC3A4D6FC7A80E197BBA6B9814F7F04708C407",
     "Latitud": 41.4930333,
     "Longitud": -9.77439,
     "Distance": 0.979696903825344,
     "Pos_date": 1701395851000
}