{
     "Matricula": "1F4B95AF5D5AE4472CBFF63824B09DB03C5673705A9ADEE5E1BA26E111E86370",
     "Latitud": 38.370875,
     "Longitud": -5.0141316,
     "Distance": 0.87056569687679,
     "Pos_date": 1701395856000
}