{
     "Matricula": "B376D69E11972366C72E37CBE81B7693F0A20F60788484249732048A390468A6",
     "Latitud": 37.9211649,
     "Longitud": -4.76184,
     "Distance": 0.0076942949820238,
     "Pos_date": 1701395856000
}