{
     "Matricula": "17EF290090A9EDE96C2B3EC2F6045398FD269B250C4FAAAD79710903A313A36C",
     "Latitud": 39.3889366,
     "Longitud": -4.6800516000000005,
     "Distance": 4.995037310951727,
     "Pos_date": 1701395858000
}