{
     "Matricula": "2AAAF131A0E7ABB23D076B1EBB444BCECE83D3233F265BB7387B69A85C7DA84D",
     "Latitud": 37.242405,
     "Longitud": -6.951585,
     "Distance": 0.1667346430782064,
     "Pos_date": 1701395862000
}