{
     "Matricula": "730655A225241D534D1C78911ACA85AB05E607C709D7B9520443018F8A067709",
     "Latitud": 45.3792666,
     "Longitud": -2.0387366,
     "Distance": 0.0007704746223756,
     "Pos_date": 1701395865000
}