{
     "Matricula": "D9D9D59026E4C7569F2B1ED821BDDCFDB7CC5CA4D82B4EBC06EB64696AEE3346",
     "Latitud": 32.59687,
     "Longitud": -115.3657566,
     "Distance": 0.1987731910346469,
     "Pos_date": 1701395870000
}