{
     "Matricula": "730655A225241D534D1C78911ACA85AB05E607C709D7B9520443018F8A067709",
     "Latitud": 42.37927,
     "Longitud": -5.0387016,
     "Distance": 0.0028538238924905,
     "Pos_date": 1701395872000
}