{
     "Matricula": "9DEFC3A62FB03850067A32353B7FD765C84EF7746C5E09E5B1FD037FFF4C2291",
     "Latitud": 36.3744883,
     "Longitud": -7.0278366,
     "Distance": 0.5191969303640528,
     "Pos_date": 1701395871000
}