{
     "Matricula": "572AC77A5DE790549FEE5175A2B243ADE2CA3CE6CF97AD5735784BA335DE15BA",
     "Latitud": 20.4447394,
     "Longitud": -69.7086304,
     "Distance": 0.0131297994046771,
     "Pos_date": 1701389288000
}