{
     "Matricula": "7FB55C4F0623731D72409C5679C839975A071063905165FFBBA185E81621D0A1",
     "Latitud": 35.6846716,
     "Longitud": -5.4566833,
     "Distance": 0.0099100069306087,
     "Pos_date": 1701395847010
}