{
     "Matricula": "7FB55C4F0623731D72409C5679C839975A071063905165FFBBA185E81621D0A1",
     "Latitud": 36.6846916,
     "Longitud": -4.4567533,
     "Distance": 0.006626323584441,
     "Pos_date": 1701395859000
}