{
     "Matricula": "7FB55C4F0623731D72409C5679C839975A071063905165FFBBA185E81621D0A1",
     "Latitud": 36.6849333,
     "Longitud": -4.45709,
     "Distance": 0.0402957426507534,
     "Pos_date": 1701395872000
}