{
     "Matricula": "EFBFEA45FDDA61154A0E59ABA3E3934E7C85941EEFAEFB7062482EFF192DCC74",
     "Latitud": 28.994485,
     "Longitud": -14.3917433,
     "Distance": 2.8588848370504336,
     "Pos_date": 1701395863000
}