{
     "Matricula": "730655A225241D534D1C78911ACA85AB05E607C709D7B9520443018F8A067709",
     "Latitud": 44.37929,
     "Longitud": -3.0386966,
     "Distance": 0.0022603167324137,
     "Pos_date": 1701395882000
}