{
     "Matricula": "730655A225241D534D1C78911ACA85AB05E607C709D7B9520443018F8A067709",
     "Latitud": 43.37929,
     "Longitud": -4.0386966,
     "Distance": 0.0,
     "Pos_date": 1701395882010
}