{
     "Matricula": "EFBFEA45FDDA61154A0E59ABA3E3934E7C85941EEFAEFB7062482EFF192DCC74",
     "Latitud": 27.9945583,
     "Longitud": -15.390665,
     "Distance": 0.1061855337777267,
     "Pos_date": 1701395881000
}