{
     "Matricula": "572AC77A5DE790549FEE5175A2B243ADE2CA3CE6CF97AD5735784BA335DE15BA",
     "Latitud": 19.4440833,
     "Longitud": -70.7073888,
     "Distance": 0.1492337926987738,
     "Pos_date": 1701389348000
}