{
     "Matricula": "679894276A1A15836A4517559DE4C780456B019AEABB4FBF9E878A1EEB665D57",
     "Latitud": 42.2714233,
     "Longitud": -2.967035,
     "Distance": 0.5269428648300163,
     "Pos_date": 1701395881726
}