{
     "Matricula": "9DEFC3A62FB03850067A32353B7FD765C84EF7746C5E09E5B1FD037FFF4C2291",
     "Latitud": 37.3746366,
     "Longitud": -6.0260016,
     "Distance": 0.162986076935053,
     "Pos_date": 1701395889000
}