{
     "Matricula": "EFBFEA45FDDA61154A0E59ABA3E3934E7C85941EEFAEFB7062482EFF192DCC74",
     "Latitud": 27.9951533,
     "Longitud": -15.3909466,
     "Distance": 0.071705893862355,
     "Pos_date": 1701395891000
}