{
     "Matricula": "7FB55C4F0623731D72409C5679C839975A071063905165FFBBA185E81621D0A1",
     "Latitud": 36.6856533,
     "Longitud": -4.45633,
     "Distance": 0.1048923218758076,
     "Pos_date": 1701395892000
}