{
     "Matricula": "B376D69E11972366C72E37CBE81B7693F0A20F60788484249732048A390468A6",
     "Latitud": 38.9187533,
     "Longitud": -3.76222,
     "Distance": 0.2702218214989176,
     "Pos_date": 1701395893000
}