{
     "Matricula": "DE270AC86D7A5AF5255D130A15B83A4A5536E712ACBDAC6B87A8638D9EF9B2E6",
     "Latitud": 40.424475,
     "Longitud": -3.8346266,
     "Distance": 3.976580399630482,
     "Pos_date": 1701395901000
}