{
     "Matricula": "B19E3062074233B34F88B5CB0C9BEC74F6451377456E77C00BE1D3F857BD3C21",
     "Latitud": 42.4022999,
     "Longitud": 3.2106299,
     "Distance": 0.0,
     "Pos_date": 1701395877010
}