{
     "Matricula": "B19E3062074233B34F88B5CB0C9BEC74F6451377456E77C00BE1D3F857BD3C21",
     "Latitud": 41.4028583,
     "Longitud": 2.2096916,
     "Distance": 0.0214427668150477,
     "Pos_date": 1701395903000
}