{
     "Matricula": "572AC77A5DE790549FEE5175A2B243ADE2CA3CE6CF97AD5735784BA335DE15BA",
     "Latitud": 20.4440803,
     "Longitud": -69.7073749,
     "Distance": 0.001495148870872,
     "Pos_date": 1701389368000
}