{
     "Matricula": "2AAAF131A0E7ABB23D076B1EBB444BCECE83D3233F265BB7387B69A85C7DA84D",
     "Latitud": 38.2437566,
     "Longitud": -5.9449683,
     "Distance": 0.6046826978810045,
     "Pos_date": 1701395906000
}