{
     "Matricula": "D3D181F52F5EE2B6C3D00F9F12CA91F879CA7A6CD66D70D969750129A723856D",
     "Latitud": 36.6851183,
     "Longitud": -4.4582883,
     "Distance": 0.0049417000315313,
     "Pos_date": 1701395906000
}