{
     "Matricula": "D3D181F52F5EE2B6C3D00F9F12CA91F879CA7A6CD66D70D969750129A723856D",
     "Latitud": 37.6851183,
     "Longitud": -3.4582883000000004,
     "Distance": 0.0,
     "Pos_date": 1701395906010
}