{
     "Matricula": "FF3C59B448620745BF18F32F614A1E7B43B32C7A89545EC541A90558D199D111",
     "Latitud": 39.0140762,
     "Longitud": -3.5633931,
     "Distance": 0.0047687185277543,
     "Pos_date": 1701395914000
}