{
     "Matricula": "B376D69E11972366C72E37CBE81B7693F0A20F60788484249732048A390468A6",
     "Latitud": 36.9174483,
     "Longitud": -5.76024,
     "Distance": 0.2263270835545545,
     "Pos_date": 1701395909000
}