{
     "Matricula": "E9D8202FBEF52727BC67129BD6FC9DE7B287E32CB5AAEC3F3995640AD3ECE32E",
     "Latitud": 33.5586399,
     "Longitud": -114.3027333,
     "Distance": 0.6736556043371467,
     "Pos_date": 1701395914000
}