{
     "Matricula": "7FB55C4F0623731D72409C5679C839975A071063905165FFBBA185E81621D0A1",
     "Latitud": 36.6855833,
     "Longitud": -4.4551683,
     "Distance": 0.1038810228538738,
     "Pos_date": 1701395915000
}