{
     "Matricula": "D9D9D59026E4C7569F2B1ED821BDDCFDB7CC5CA4D82B4EBC06EB64696AEE3346",
     "Latitud": 33.60027,
     "Longitud": -114.3709333,
     "Distance": 0.6148997831480679,
     "Pos_date": 1701395922000
}