{
     "Matricula": "3F2BF0F9BC0EDF81585748F2BB7A9277D3ABDF4C4987EE6E7F096A42B1549327",
     "Latitud": 39.6180783,
     "Longitud": 3.3617816,
     "Distance": 0.0081731130436636,
     "Pos_date": 1701389402000
}