{
     "Matricula": "9DEFC3A62FB03850067A32353B7FD765C84EF7746C5E09E5B1FD037FFF4C2291",
     "Latitud": 37.3814816,
     "Longitud": -6.0258816,
     "Distance": 0.7612041778897546,
     "Pos_date": 1701395925000
}