{
     "Matricula": "7FB55C4F0623731D72409C5679C839975A071063905165FFBBA185E81621D0A1",
     "Latitud": 36.686155,
     "Longitud": -4.4547316,
     "Distance": 0.0745488817421522,
     "Pos_date": 1701395927000
}