{
     "Matricula": "B19E3062074233B34F88B5CB0C9BEC74F6451377456E77C00BE1D3F857BD3C21",
     "Latitud": 41.4020349,
     "Longitud": 2.20908,
     "Distance": 0.104809236558693,
     "Pos_date": 1701395929000
}