{
     "Matricula": "216988BB419507DFAB380C71C4795482CA90FC861D4C361F913B93203A57F5F6",
     "Latitud": 32.5908783,
     "Longitud": -115.2736416,
     "Distance": 1.9188514519766635,
     "Pos_date": 1701395928000
}