{
     "Matricula": "740A75AE1B57C5D8AD420811A655ADB2D3647CE29F2CEF3ADF0DDF5D83C424A6",
     "Latitud": 39.4069916,
     "Longitud": -4.6317433,
     "Distance": 2.259513518134603,
     "Pos_date": 1701395929000
}