{
     "Matricula": "B552A6A633BDA3272B8840DEFAFA97AF693265E69D46098DB86823F714D205DF",
     "Latitud": 43.4628649,
     "Longitud": -3.7921366,
     "Distance": 1.0017567910001417,
     "Pos_date": 1701395930000
}