{
     "Matricula": "2AAAF131A0E7ABB23D076B1EBB444BCECE83D3233F265BB7387B69A85C7DA84D",
     "Latitud": 39.2460383,
     "Longitud": -4.945275,
     "Distance": 0.2551621657604418,
     "Pos_date": 1701395931000
}