{
     "Matricula": "B552A6A633BDA3272B8840DEFAFA97AF693265E69D46098DB86823F714D205DF",
     "Latitud": 43.462915,
     "Longitud": -3.7922633,
     "Distance": 0.0116446838094175,
     "Pos_date": 1701395933000
}