{
     "Matricula": "B3C6B707FF586E09DD4455DAB6DEA799EC9DA501B0181ABE235EC1E192A20E3D",
     "Latitud": 41.7700707,
     "Longitud": 2.6726911,
     "Distance": 0.0121981751777176,
     "Pos_date": 1701395939000
}