{
     "Matricula": "E0047EE446AB648BEA8D01836B0FBDBA466C8C19A4EFA5788990BB1D505D5919",
     "Latitud": 42.121606666666665,
     "Longitud": 2.1929,
     "Distance": 0.0024707978208804,
     "Pos_date": 1701395942000
}