{
     "Matricula": "E9D8202FBEF52727BC67129BD6FC9DE7B287E32CB5AAEC3F3995640AD3ECE32E",
     "Latitud": 31.5592116,
     "Longitud": -116.305725,
     "Distance": 0.2874968618566237,
     "Pos_date": 1701395941000
}