{
     "Matricula": "EFBFEA45FDDA61154A0E59ABA3E3934E7C85941EEFAEFB7062482EFF192DCC74",
     "Latitud": 27.9992083,
     "Longitud": -15.3901766,
     "Distance": 0.4571899266427946,
     "Pos_date": 1701395938000
}