{
     "Matricula": "D3D181F52F5EE2B6C3D00F9F12CA91F879CA7A6CD66D70D969750129A723856D",
     "Latitud": 37.685115,
     "Longitud": -3.457725,
     "Distance": 0.0502312328622953,
     "Pos_date": 1701395940000
}