{
     "Matricula": "7FB55C4F0623731D72409C5679C839975A071063905165FFBBA185E81621D0A1",
     "Latitud": 37.6859616,
     "Longitud": -3.4533416,
     "Distance": 0.1257976296668846,
     "Pos_date": 1701395949000
}