{
     "Matricula": "2AAAF131A0E7ABB23D076B1EBB444BCECE83D3233F265BB7387B69A85C7DA84D",
     "Latitud": 37.2458399,
     "Longitud": -6.9412783,
     "Distance": 0.3544601951487474,
     "Pos_date": 1701395960000
}