{
     "Matricula": "17EF290090A9EDE96C2B3EC2F6045398FD269B250C4FAAAD79710903A313A36C",
     "Latitud": 41.3767183,
     "Longitud": -2.6949383,
     "Distance": 1.8535765522049032,
     "Pos_date": 1701395959000
}