{
     "Matricula": "17EF290090A9EDE96C2B3EC2F6045398FD269B250C4FAAAD79710903A313A36C",
     "Latitud": 40.3769883,
     "Longitud": -3.6951516,
     "Distance": 0.0350403267694426,
     "Pos_date": 1701395962000
}