{
     "Matricula": "7E4A080157027B36C4D596160AC49CA6DBA51495D30AB66AC4B6C5D44B16E263",
     "Latitud": 31.61021,
     "Longitud": -116.3958966,
     "Distance": 0.0408565003028474,
     "Pos_date": 1701395962000
}