{
     "Matricula": "740A75AE1B57C5D8AD420811A655ADB2D3647CE29F2CEF3ADF0DDF5D83C424A6",
     "Latitud": 40.4071683,
     "Longitud": -3.631475,
     "Distance": 0.0300352441737254,
     "Pos_date": 1701395964000
}