{
     "Matricula": "7FB55C4F0623731D72409C5679C839975A071063905165FFBBA185E81621D0A1",
     "Latitud": 36.6866299,
     "Longitud": -4.452625,
     "Distance": 0.0980065311607084,
     "Pos_date": 1701395963000
}