{
     "Matricula": "D0987C421B7385E3BF5BC30D521B4F7684CDBC4CCE30DF650B89F94579B337DA",
     "Latitud": 37.337355,
     "Longitud": -5.99097,
     "Distance": 0.3669596013368359,
     "Pos_date": 1701395962000
}