{
     "Matricula": "B376D69E11972366C72E37CBE81B7693F0A20F60788484249732048A390468A6",
     "Latitud": 36.9068166,
     "Longitud": -5.7550116,
     "Distance": 1.2680549559455652,
     "Pos_date": 1701395967000
}