{
     "Matricula": "740A75AE1B57C5D8AD420811A655ADB2D3647CE29F2CEF3ADF0DDF5D83C424A6",
     "Latitud": 40.4071999,
     "Longitud": -3.6314366,
     "Distance": 0.0047872480563535,
     "Pos_date": 1701395970000
}