{
     "Matricula": "9DEFC3A62FB03850067A32353B7FD765C84EF7746C5E09E5B1FD037FFF4C2291",
     "Latitud": 37.3900933,
     "Longitud": -6.0246583,
     "Distance": 0.9636588348928252,
     "Pos_date": 1701395970000
}