{
     "Matricula": "FF3C59B448620745BF18F32F614A1E7B43B32C7A89545EC541A90558D199D111",
     "Latitud": 40.0140524,
     "Longitud": -2.5633547,
     "Distance": 0.0042802638529267,
     "Pos_date": 1701395974000
}