{
     "Matricula": "B3C6B707FF586E09DD4455DAB6DEA799EC9DA501B0181ABE235EC1E192A20E3D",
     "Latitud": 42.7700884,
     "Longitud": 3.6726921,
     "Distance": 0.001969899395124,
     "Pos_date": 1701395977000
}