{
     "Matricula": "C6FCE3D69653A0C262509EA6E8A244B4CB6921DD5E08BC3B5502FFC88D6AE9D1",
     "Latitud": 27.44676,
     "Longitud": -17.3676916,
     "Distance": 0.102631848843504,
     "Pos_date": 1701389408000
}