{
     "Matricula": "DE270AC86D7A5AF5255D130A15B83A4A5536E712ACBDAC6B87A8638D9EF9B2E6",
     "Latitud": 40.40986,
     "Longitud": -3.8227633,
     "Distance": 1.9104085250806973,
     "Pos_date": 1701395974000
}