{
     "Matricula": "D27B62DF2FE5D39E189D483C49D0DD12E9CE25A8778307460262F026137B0350",
     "Latitud": 45.8984016,
     "Longitud": 9.5812783,
     "Distance": 0.0101310359755841,
     "Pos_date": 1701395977000
}