{
     "Matricula": "19CB2C27AEA2A6C6C4DBAAB759FC3A4D6FC7A80E197BBA6B9814F7F04708C407",
     "Latitud": 43.515455,
     "Longitud": -7.79927,
     "Distance": 1.023686294977874,
     "Pos_date": 1701395982000
}