{
     "Matricula": "B376D69E11972366C72E37CBE81B7693F0A20F60788484249732048A390468A6",
     "Latitud": 36.9054549,
     "Longitud": -5.75876,
     "Distance": 0.362048269429681,
     "Pos_date": 1701395987000
}