{
     "Matricula": "4B4758B62B9D82CA301A29C665846D8E4ABCA306D1384720183FFC279252E8EE",
     "Latitud": 38.694475,
     "Longitud": -4.1101016,
     "Distance": 0.0956849127914782,
     "Pos_date": 1701395986000
}