{
     "Matricula": "4B4758B62B9D82CA301A29C665846D8E4ABCA306D1384720183FFC279252E8EE",
     "Latitud": 38.6944216,
     "Longitud": -4.110125,
     "Distance": 0.0062754971041636,
     "Pos_date": 1701395990000
}