{
     "Matricula": "4B4758B62B9D82CA301A29C665846D8E4ABCA306D1384720183FFC279252E8EE",
     "Latitud": 38.6943683,
     "Longitud": -4.1101166,
     "Distance": 0.0059713650957782,
     "Pos_date": 1701395994000
}