{
     "Matricula": "4B4758B62B9D82CA301A29C665846D8E4ABCA306D1384720183FFC279252E8EE",
     "Latitud": 39.6943783,
     "Longitud": -3.1100683,
     "Distance": 0.0043367801515377,
     "Pos_date": 1701395996000
}