{
     "Matricula": "4CD3FCAC24AA17EB8A4985E4F997FD3730871E563B5536B369A38FB9F5E20CDB",
     "Latitud": -33.952999,
     "Longitud": -69.074964,
     "Distance": 0.1666372505249937,
     "Pos_date": 1701388815000
}