{
     "Matricula": "B19E3062074233B34F88B5CB0C9BEC74F6451377456E77C00BE1D3F857BD3C21",
     "Latitud": 40.40082,
     "Longitud": 1.2100650000000002,
     "Distance": 0.1581110856211771,
     "Pos_date": 1701395996000
}