{
     "Matricula": "D3D181F52F5EE2B6C3D00F9F12CA91F879CA7A6CD66D70D969750129A723856D",
     "Latitud": 36.6910866,
     "Longitud": -4.4568083,
     "Distance": 0.6690246843930279,
     "Pos_date": 1701395999000
}