{
     "Matricula": "D3D181F52F5EE2B6C3D00F9F12CA91F879CA7A6CD66D70D969750129A723856D",
     "Latitud": 37.6910516,
     "Longitud": -3.45712,
     "Distance": 0.0280635442320844,
     "Pos_date": 1701396003000
}