{
     "Matricula": "D3D181F52F5EE2B6C3D00F9F12CA91F879CA7A6CD66D70D969750129A723856D",
     "Latitud": 36.6909133,
     "Longitud": -4.4572916,
     "Distance": 0.0216932684488451,
     "Pos_date": 1701396004000
}