{
     "Matricula": "07F0F06AFDDE789E75C987F1E8AF8E5F48E72512AD4FC4FBD22D89D19D0618BC",
     "Latitud": 41.165805,
     "Longitud": -8.620216666666666,
     "Distance": 0.0088203671003683,
     "Pos_date": 1701396007000
}