{
     "Matricula": "2AAAF131A0E7ABB23D076B1EBB444BCECE83D3233F265BB7387B69A85C7DA84D",
     "Latitud": 36.2517933,
     "Longitud": -7.934025,
     "Distance": 0.9221750158037736,
     "Pos_date": 1701396007000
}