{
     "Matricula": "9DEFC3A62FB03850067A32353B7FD765C84EF7746C5E09E5B1FD037FFF4C2291",
     "Latitud": 37.3893549,
     "Longitud": -6.0332533,
     "Distance": 0.7637695114902393,
     "Pos_date": 1701396007000
}