{
     "Matricula": "13235751DB1148FCD42982232152D28444DC7A0A8CB2EAB8BAC00A92D7E0DEA0",
     "Latitud": 40.384115,
     "Longitud": 1.1119683,
     "Distance": 0.8837169498655619,
     "Pos_date": 1701389412000
}