{
     "Matricula": "81486AACFBE20A1A64655FD2B79DD456B68E4AB7452D1E1295D6FEDCD52DD526",
     "Latitud": 28.0603533,
     "Longitud": -15.440485,
     "Distance": 4.2540362407548376,
     "Pos_date": 1701396016000
}