{
     "Matricula": "41C7062648C8DBF0EA80651CFD608A92D98013F7F67CBC4C2A89D526D8AC9F16",
     "Latitud": 55.0154082,
     "Longitud": -1.6329968,
     "Distance": 0.0098525081946469,
     "Pos_date": 1701395795000
}