{
     "Matricula": "4B4758B62B9D82CA301A29C665846D8E4ABCA306D1384720183FFC279252E8EE",
     "Latitud": 37.6948483,
     "Longitud": -5.108815,
     "Distance": 0.1206735609635078,
     "Pos_date": 1701396022000
}