{
     "Matricula": "9C9076CB9640A64485A4E8B403C8CAF385132A4F511F3ED78B538EC464BD0926",
     "Latitud": 43.2019366,
     "Longitud": -2.0426366,
     "Distance": 0.0378696527321461,
     "Pos_date": 1701396022000
}