{
     "Matricula": "EFBFEA45FDDA61154A0E59ABA3E3934E7C85941EEFAEFB7062482EFF192DCC74",
     "Latitud": 28.999225,
     "Longitud": -14.3905566,
     "Distance": 0.0373546387121429,
     "Pos_date": 1701396023000
}