{
     "Matricula": "19CB2C27AEA2A6C6C4DBAAB759FC3A4D6FC7A80E197BBA6B9814F7F04708C407",
     "Latitud": 42.52139,
     "Longitud": -8.8062333,
     "Distance": 0.8724772370578934,
     "Pos_date": 1701396029000
}