{
     "Matricula": "17EF290090A9EDE96C2B3EC2F6045398FD269B250C4FAAAD79710903A313A36C",
     "Latitud": 39.3914849,
     "Longitud": -4.675565000000001,
     "Distance": 0.1812089325189523,
     "Pos_date": 1701389416000
}