{
     "Matricula": "13235751DB1148FCD42982232152D28444DC7A0A8CB2EAB8BAC00A92D7E0DEA0",
     "Latitud": 40.3757416,
     "Longitud": 1.1350533,
     "Distance": 0.0206186838385429,
     "Pos_date": 1701396007000
}