{
     "Matricula": "13235751DB1148FCD42982232152D28444DC7A0A8CB2EAB8BAC00A92D7E0DEA0",
     "Latitud": 40.3756966,
     "Longitud": 1.1349733,
     "Distance": 0.0083424156328398,
     "Pos_date": 1701396036000
}