{
     "Matricula": "B63287228FC7EFF8199A3AD3348647347BD729F7F432C4450A1B02EDBDDB2B7E",
     "Latitud": 36.5731399,
     "Longitud": -7.7534966,
     "Distance": 0.0,
     "Pos_date": 1701396043000
}