{
     "Matricula": "B81D5D3C0ABD5651D35460611801239A551537387FEDC8EFD43EC51B6EE751A2",
     "Latitud": 19.4885014,
     "Longitud": -68.8283909,
     "Distance": 0.0722139428087245,
     "Pos_date": 1701395854000
}