{
     "Matricula": "B81D5D3C0ABD5651D35460611801239A551537387FEDC8EFD43EC51B6EE751A2",
     "Latitud": 17.4886688,
     "Longitud": -70.8277037,
     "Distance": 0.074821700936948,
     "Pos_date": 1701395974000
}