{
     "Matricula": "740A75AE1B57C5D8AD420811A655ADB2D3647CE29F2CEF3ADF0DDF5D83C424A6",
     "Latitud": 40.4160983,
     "Longitud": -3.6269616,
     "Distance": 0.548021341373648,
     "Pos_date": 1701396053000
}