{
     "Matricula": "E0047EE446AB648BEA8D01836B0FBDBA466C8C19A4EFA5788990BB1D505D5919",
     "Latitud": 40.121568333333336,
     "Longitud": 0.1928499999999999,
     "Distance": 0.0015027168982562,
     "Pos_date": 1701396062000
}