{
     "Matricula": "D3D181F52F5EE2B6C3D00F9F12CA91F879CA7A6CD66D70D969750129A723856D",
     "Latitud": 36.6882383,
     "Longitud": -4.46141,
     "Distance": 0.4725725865331651,
     "Pos_date": 1701396060000
}