{
     "Matricula": "07F0F06AFDDE789E75C987F1E8AF8E5F48E72512AD4FC4FBD22D89D19D0618BC",
     "Latitud": 42.16582,
     "Longitud": -7.620233333333333,
     "Distance": 0.0021744882653361,
     "Pos_date": 1701396067000
}