{
     "Matricula": "184DBED595C6F20AB530A4BE4CBCF519BB96DD91510E147A00E67492DBD8EDE6",
     "Latitud": 37.1787599,
     "Longitud": -3.6124566,
     "Distance": 0.1390431286872752,
     "Pos_date": 1701396064000
}