{
     "Matricula": "1ED85AD5FE9A0543216F4472E689944A7AE066A584B7A2B7E9ED1FD13DF72479",
     "Latitud": 43.07205,
     "Longitud": -6.2375883,
     "Distance": 0.0154103663749954,
     "Pos_date": 1701395393000
}