{
     "Matricula": "1ED85AD5FE9A0543216F4472E689944A7AE066A584B7A2B7E9ED1FD13DF72479",
     "Latitud": 42.07217,
     "Longitud": -7.2375883,
     "Distance": 0.0133434096284418,
     "Pos_date": 1701395446000
}