{
     "Matricula": "1ED85AD5FE9A0543216F4472E689944A7AE066A584B7A2B7E9ED1FD13DF72479",
     "Latitud": 41.072455,
     "Longitud": -8.2376883,
     "Distance": 0.0253753702325328,
     "Pos_date": 1701395482000
}