{
     "Matricula": "AF69B29555A2B9300AD69F0DD4A23363815A6F6F738E2101803859FC7837E341",
     "Latitud": 44.2647316,
     "Longitud": -1.9220933,
     "Distance": 0.5524046511108479,
     "Pos_date": 1701389417000
}