{
     "Matricula": "1ED85AD5FE9A0543216F4472E689944A7AE066A584B7A2B7E9ED1FD13DF72479",
     "Latitud": 43.0724583,
     "Longitud": -6.23771,
     "Distance": 0.0018283169612493,
     "Pos_date": 1701395520000
}