{
     "Matricula": "17EF290090A9EDE96C2B3EC2F6045398FD269B250C4FAAAD79710903A313A36C",
     "Latitud": 40.3805666,
     "Longitud": -3.6918333,
     "Distance": 0.3097309058509514,
     "Pos_date": 1701396065000
}