{
     "Matricula": "7FB55C4F0623731D72409C5679C839975A071063905165FFBBA185E81621D0A1",
     "Latitud": 37.6851099,
     "Longitud": -3.4487166,
     "Distance": 0.3873330947306502,
     "Pos_date": 1701396068000
}