{
     "Matricula": "D3D181F52F5EE2B6C3D00F9F12CA91F879CA7A6CD66D70D969750129A723856D",
     "Latitud": 35.6902516,
     "Longitud": -5.4616166,
     "Distance": 0.2246257165028982,
     "Pos_date": 1701396074000
}