{
     "Matricula": "B552A6A633BDA3272B8840DEFAFA97AF693265E69D46098DB86823F714D205DF",
     "Latitud": 43.4648866,
     "Longitud": -3.7968816,
     "Distance": 0.432420241131316,
     "Pos_date": 1701396074000
}