{
     "Matricula": "8B0FE8F5A3D03881366DD8F638A5D48BAB1174DC7DAFCA6E48EC624B6E1BFCBB",
     "Latitud": 36.331315,
     "Longitud": -7.8026916,
     "Distance": 0.0279226613026641,
     "Pos_date": 1701396075000
}