{
     "Matricula": "E9D8202FBEF52727BC67129BD6FC9DE7B287E32CB5AAEC3F3995640AD3ECE32E",
     "Latitud": 32.5687333,
     "Longitud": -115.3358066,
     "Distance": 3.0113387622625343,
     "Pos_date": 1701396076000
}