{
     "Matricula": "D9D9D59026E4C7569F2B1ED821BDDCFDB7CC5CA4D82B4EBC06EB64696AEE3346",
     "Latitud": 32.6025783,
     "Longitud": -115.3744633,
     "Distance": 0.4185987930490863,
     "Pos_date": 1701396078000
}