{
     "Matricula": "81486AACFBE20A1A64655FD2B79DD456B68E4AB7452D1E1295D6FEDCD52DD526",
     "Latitud": 28.0716483,
     "Longitud": -15.4392666,
     "Distance": 1.2616252606161795,
     "Pos_date": 1701396082000
}