{
     "Matricula": "EFBFEA45FDDA61154A0E59ABA3E3934E7C85941EEFAEFB7062482EFF192DCC74",
     "Latitud": 27.9113683,
     "Longitud": -15.536105,
     "Distance": 0.0508589189516656,
     "Pos_date": 1701389373000
}