{
     "Matricula": "B552A6A633BDA3272B8840DEFAFA97AF693265E69D46098DB86823F714D205DF",
     "Latitud": 43.465435,
     "Longitud": -3.7969316,
     "Distance": 0.06111274912455,
     "Pos_date": 1701396086000
}