{
     "Matricula": "B552A6A633BDA3272B8840DEFAFA97AF693265E69D46098DB86823F714D205DF",
     "Latitud": 44.465245,
     "Longitud": -2.7969766,
     "Distance": 0.0214369330724118,
     "Pos_date": 1701396091000
}