{
     "Matricula": "FF3C59B448620745BF18F32F614A1E7B43B32C7A89545EC541A90558D199D111",
     "Latitud": 38.0140189,
     "Longitud": -4.5633517,
     "Distance": 0.0043955222076614,
     "Pos_date": 1701396094000
}