{
     "Matricula": "17EF290090A9EDE96C2B3EC2F6045398FD269B250C4FAAAD79710903A313A36C",
     "Latitud": 39.3779433,
     "Longitud": -4.6913666,
     "Distance": 0.2943646285911215,
     "Pos_date": 1701396095000
}