{
     "Matricula": "1F4B95AF5D5AE4472CBFF63824B09DB03C5673705A9ADEE5E1BA26E111E86370",
     "Latitud": 39.3418333,
     "Longitud": -3.9839766,
     "Distance": 4.187137956272788,
     "Pos_date": 1701396096000
}