{
     "Matricula": "E9D8202FBEF52727BC67129BD6FC9DE7B287E32CB5AAEC3F3995640AD3ECE32E",
     "Latitud": 32.5693416,
     "Longitud": -115.3375733,
     "Distance": 0.1788401704743622,
     "Pos_date": 1701396101000
}