{
     "Matricula": "2AAAF131A0E7ABB23D076B1EBB444BCECE83D3233F265BB7387B69A85C7DA84D",
     "Latitud": 38.2698533,
     "Longitud": -5.9170133,
     "Distance": 2.509855484435392,
     "Pos_date": 1701396103000
}