{
     "Matricula": "B63287228FC7EFF8199A3AD3348647347BD729F7F432C4450A1B02EDBDDB2B7E",
     "Latitud": 37.5731383,
     "Longitud": -6.75364,
     "Distance": 0.0161670037983551,
     "Pos_date": 1701396104000
}