{
     "Matricula": "EFBFEA45FDDA61154A0E59ABA3E3934E7C85941EEFAEFB7062482EFF192DCC74",
     "Latitud": 27.9113916,
     "Longitud": -15.53609,
     "Distance": 0.0029807487850502,
     "Pos_date": 1701389379000
}