{
     "Matricula": "1ED85AD5FE9A0543216F4472E689944A7AE066A584B7A2B7E9ED1FD13DF72479",
     "Latitud": 42.0731066,
     "Longitud": -7.2367766,
     "Distance": 0.105509092329956,
     "Pos_date": 1701395559000
}