{
     "Matricula": "1ED85AD5FE9A0543216F4472E689944A7AE066A584B7A2B7E9ED1FD13DF72479",
     "Latitud": 41.0734166,
     "Longitud": -8.2350316,
     "Distance": 0.1480977241305087,
     "Pos_date": 1701395609000
}