{
     "Matricula": "1ED85AD5FE9A0543216F4472E689944A7AE066A584B7A2B7E9ED1FD13DF72479",
     "Latitud": 41.07271,
     "Longitud": -8.2348016,
     "Distance": 0.0808313468087554,
     "Pos_date": 1701395632000
}