{
     "Matricula": "1ED85AD5FE9A0543216F4472E689944A7AE066A584B7A2B7E9ED1FD13DF72479",
     "Latitud": 43.0717466,
     "Longitud": -6.2342416,
     "Distance": 0.1166720125113693,
     "Pos_date": 1701395657000
}