{
     "Matricula": "1ED85AD5FE9A0543216F4472E689944A7AE066A584B7A2B7E9ED1FD13DF72479",
     "Latitud": 41.0714449,
     "Longitud": -8.2325333,
     "Distance": 0.1449406576673957,
     "Pos_date": 1701395681000
}