{
     "Matricula": "1ED85AD5FE9A0543216F4472E689944A7AE066A584B7A2B7E9ED1FD13DF72479",
     "Latitud": 41.08272,
     "Longitud": -8.2202833,
     "Distance": 1.6106069908879712,
     "Pos_date": 1701395903000
}