{
     "Matricula": "7FB55C4F0623731D72409C5679C839975A071063905165FFBBA185E81621D0A1",
     "Latitud": 36.688165,
     "Longitud": -4.4472233,
     "Distance": 0.36487647680659,
     "Pos_date": 1701396107000
}