{
     "Matricula": "DE270AC86D7A5AF5255D130A15B83A4A5536E712ACBDAC6B87A8638D9EF9B2E6",
     "Latitud": 40.398035,
     "Longitud": -3.85584,
     "Distance": 3.094043209583082,
     "Pos_date": 1701396114000
}