{
     "Matricula": "17EF290090A9EDE96C2B3EC2F6045398FD269B250C4FAAAD79710903A313A36C",
     "Latitud": 40.3773483,
     "Longitud": -3.6913666,
     "Distance": 0.0661610727381359,
     "Pos_date": 1701396115000
}