{
     "Matricula": "E0047EE446AB648BEA8D01836B0FBDBA466C8C19A4EFA5788990BB1D505D5919",
     "Latitud": 40.121585,
     "Longitud": 0.1928,
     "Distance": 0.0045799543963736,
     "Pos_date": 1701396122000
}