{
     "Matricula": "09D6BBFFC31C042E82D726ACDF6829F4D525A852C4886D393B2FB8C37FB0A451",
     "Latitud": 36.4135116,
     "Longitud": -7.0067583,
     "Distance": 3.334056078844508,
     "Pos_date": 1701396073000
}