{
     "Matricula": "3FAF341332DDEE9102FD801D10F7D611A8CE9E7948372664C0AF02BB8362E9AE",
     "Latitud": 41.2684916,
     "Longitud": -4.051675,
     "Distance": 0.0,
     "Pos_date": 1701396136816
}