{
     "Matricula": "B552A6A633BDA3272B8840DEFAFA97AF693265E69D46098DB86823F714D205DF",
     "Latitud": 42.4628649,
     "Longitud": -4.796265,
     "Distance": 0.2708149575233457,
     "Pos_date": 1701396142000
}