{
     "Matricula": "B376D69E11972366C72E37CBE81B7693F0A20F60788484249732048A390468A6",
     "Latitud": 37.8934833,
     "Longitud": -4.7698233,
     "Distance": 1.6475306575779023,
     "Pos_date": 1701396141000
}