{
     "Matricula": "5E8EDF55BA6EF0E4F0D8E0EF7C9407FED69E720B6E274B80EF7A80193A73B1B4",
     "Latitud": 43.4024399,
     "Longitud": -4.6808266,
     "Distance": 5.003919643014968,
     "Pos_date": 1701389422000
}