{
     "Matricula": "F0F277EEF5C8728A87E6D8DB3BE1C61B1BF6A0298E08B5EB4F4464F79596D79A",
     "Latitud": 41.4522166,
     "Longitud": 2.24977,
     "Distance": 0.0,
     "Pos_date": 1701396128010
}