{
     "Matricula": "2E6DE46599917276EA118315105E20AEC32E0A63CDE37C796351602488BB3A89",
     "Latitud": 38.2565216,
     "Longitud": 8.0781066,
     "Distance": 0.0101321790465343,
     "Pos_date": 1701396153000
}