{
     "Matricula": "B19E3062074233B34F88B5CB0C9BEC74F6451377456E77C00BE1D3F857BD3C21",
     "Latitud": 42.3963433,
     "Longitud": 3.20506,
     "Distance": 0.6496711937822656,
     "Pos_date": 1701396152000
}