{
     "Matricula": "AF69B29555A2B9300AD69F0DD4A23363815A6F6F738E2101803859FC7837E341",
     "Latitud": 43.2651049,
     "Longitud": -2.9212033,
     "Distance": 0.0831643537415128,
     "Pos_date": 1701389426000
}