{
     "Matricula": "4B4758B62B9D82CA301A29C665846D8E4ABCA306D1384720183FFC279252E8EE",
     "Latitud": 38.7062066,
     "Longitud": -4.0984333,
     "Distance": 1.551382838071295,
     "Pos_date": 1701396161000
}