{
     "Matricula": "09D6BBFFC31C042E82D726ACDF6829F4D525A852C4886D393B2FB8C37FB0A451",
     "Latitud": 37.4130866,
     "Longitud": -5.988005,
     "Distance": 1.6569527368512709,
     "Pos_date": 1701396161000
}