{
     "Matricula": "09D6BBFFC31C042E82D726ACDF6829F4D525A852C4886D393B2FB8C37FB0A451",
     "Latitud": 37.4133983,
     "Longitud": -5.987875,
     "Distance": 0.036511733674009,
     "Pos_date": 1701396167000
}