{
     "Matricula": "216988BB419507DFAB380C71C4795482CA90FC861D4C361F913B93203A57F5F6",
     "Latitud": 31.6137966,
     "Longitud": -116.2724749,
     "Distance": 2.5507446020877853,
     "Pos_date": 1701396168000
}