{
     "Matricula": "7FB55C4F0623731D72409C5679C839975A071063905165FFBBA185E81621D0A1",
     "Latitud": 35.6906383,
     "Longitud": -5.4469783,
     "Distance": 0.2758850613106356,
     "Pos_date": 1701396168000
}