{
     "Matricula": "F0F277EEF5C8728A87E6D8DB3BE1C61B1BF6A0298E08B5EB4F4464F79596D79A",
     "Latitud": 42.4521733,
     "Longitud": 3.2498433,
     "Distance": 0.0077782363979327,
     "Pos_date": 1701396175000
}