{
     "Matricula": "1FE60CE123FE31D1895941F5902C518E1368095294E9D5414FD1ADB8D0D07BF1",
     "Latitud": 39.4659683,
     "Longitud": -4.635798299999999,
     "Distance": 0.0054394476762392,
     "Pos_date": 1701396176000
}