{
     "Matricula": "39A7C03D597FA1866B013468871534F511F50FC1679C2A121B1A0A2E965C4635",
     "Latitud": 42.8610566,
     "Longitud": -7.133775,
     "Distance": 1.0359860121827351,
     "Pos_date": 1701389427000
}