{
     "Matricula": "7FB55C4F0623731D72409C5679C839975A071063905165FFBBA185E81621D0A1",
     "Latitud": 36.69052,
     "Longitud": -4.4464366,
     "Distance": 0.0500596014328876,
     "Pos_date": 1701396176000
}