{
     "Matricula": "B552A6A633BDA3272B8840DEFAFA97AF693265E69D46098DB86823F714D205DF",
     "Latitud": 44.462875,
     "Longitud": -2.7921866,
     "Distance": 0.329159981842019,
     "Pos_date": 1701396177000
}