{
     "Matricula": "B376D69E11972366C72E37CBE81B7693F0A20F60788484249732048A390468A6",
     "Latitud": 37.8934333,
     "Longitud": -4.769715,
     "Distance": 0.0110101856097559,
     "Pos_date": 1701396178000
}