{
     "Matricula": "17EF290090A9EDE96C2B3EC2F6045398FD269B250C4FAAAD79710903A313A36C",
     "Latitud": 41.3779016,
     "Longitud": -2.6908533,
     "Distance": 0.0753377151479902,
     "Pos_date": 1701396175000
}