{
     "Matricula": "D9D9D59026E4C7569F2B1ED821BDDCFDB7CC5CA4D82B4EBC06EB64696AEE3346",
     "Latitud": 32.61056,
     "Longitud": -115.386515,
     "Distance": 1.4359908990720105,
     "Pos_date": 1701396179000
}