{
     "Matricula": "91F9AFDC6C1985163F8A761E33D2A8D932D808A4C7FD5A5F862EDF40F50CC4FF",
     "Latitud": 43.6086533,
     "Longitud": -2.4366616,
     "Distance": 0.0038089362352844,
     "Pos_date": 1701396182000
}