{
     "Matricula": "B19E3062074233B34F88B5CB0C9BEC74F6451377456E77C00BE1D3F857BD3C21",
     "Latitud": 41.3954316,
     "Longitud": 2.2058666,
     "Distance": 0.1216718154330126,
     "Pos_date": 1701396186000
}