{
     "Matricula": "82FDF5C4ADC6E39A518110E31495EFB4F9C1F561693EA662EF8FAD8D63999384",
     "Latitud": 39.0942883,
     "Longitud": -3.3081083,
     "Distance": 0.0046871401700618,
     "Pos_date": 1701389419000
}