{
     "Matricula": "679E1E2CF2BC6497342347D4B137CD3DC0C80EAF38A97781ADB848F40E7923FB",
     "Latitud": 39.6179616,
     "Longitud": 3.3618133,
     "Distance": 0.0077448705842431,
     "Pos_date": 1701396188000
}