{
     "Matricula": "1ED85AD5FE9A0543216F4472E689944A7AE066A584B7A2B7E9ED1FD13DF72479",
     "Latitud": 42.0707616,
     "Longitud": -7.1932833,
     "Distance": 0.1452280724831965,
     "Pos_date": 1701396188000
}