{
     "Matricula": "B552A6A633BDA3272B8840DEFAFA97AF693265E69D46098DB86823F714D205DF",
     "Latitud": 44.4630883,
     "Longitud": -2.7945683,
     "Distance": 0.1936787807387274,
     "Pos_date": 1701396200000
}