{
     "Matricula": "740A75AE1B57C5D8AD420811A655ADB2D3647CE29F2CEF3ADF0DDF5D83C424A6",
     "Latitud": 40.4245183,
     "Longitud": -3.6397066,
     "Distance": 1.4285094249087895,
     "Pos_date": 1701396202000
}