{
     "Matricula": "09146B272A3A4286F445DB065CDE7500601FEB1F28507C9639C44DBD771361FC",
     "Latitud": 37.9827485,
     "Longitud": -5.8382133,
     "Distance": 0.0031394993435708,
     "Pos_date": 1701396204000
}