{
     "Matricula": "9DEFC3A62FB03850067A32353B7FD765C84EF7746C5E09E5B1FD037FFF4C2291",
     "Latitud": 37.373925,
     "Longitud": -6.0865916,
     "Distance": 5.015390303743344,
     "Pos_date": 1701396205000
}