{
     "Matricula": "4B4758B62B9D82CA301A29C665846D8E4ABCA306D1384720183FFC279252E8EE",
     "Latitud": 37.709415,
     "Longitud": -5.0922633,
     "Distance": 0.6433522130282896,
     "Pos_date": 1701396210000
}