{
     "Matricula": "B3C6B707FF586E09DD4455DAB6DEA799EC9DA501B0181ABE235EC1E192A20E3D",
     "Latitud": 41.7701664,
     "Longitud": 2.6727093,
     "Distance": 0.0122510666764394,
     "Pos_date": 1701396217000
}