{
     "Matricula": "679E1E2CF2BC6497342347D4B137CD3DC0C80EAF38A97781ADB848F40E7923FB",
     "Latitud": 39.6179833,
     "Longitud": 3.3616916,
     "Distance": 0.0106998405175362,
     "Pos_date": 1701396215000
}