{
     "Matricula": "4B4758B62B9D82CA301A29C665846D8E4ABCA306D1384720183FFC279252E8EE",
     "Latitud": 37.7097333,
     "Longitud": -5.0928283,
     "Distance": 0.060465357047292,
     "Pos_date": 1701396216000
}