{
     "Matricula": "3F2BF0F9BC0EDF81585748F2BB7A9277D3ABDF4C4987EE6E7F096A42B1549327",
     "Latitud": 37.6180566,
     "Longitud": 1.3618183,
     "Distance": 0.0020024600432634,
     "Pos_date": 1701396221010
}