{
     "Matricula": "15B102B52BFF55DFE9F21D1C320F93BBBD882C85BC185F8A6E5A9119578439BA",
     "Latitud": 42.2899416,
     "Longitud": -8.7541066,
     "Distance": 2.30020590936825,
     "Pos_date": 1701392124000
}