{
     "Matricula": "15B102B52BFF55DFE9F21D1C320F93BBBD882C85BC185F8A6E5A9119578439BA",
     "Latitud": 42.2843533,
     "Longitud": -8.7553233,
     "Distance": 0.6294001437984189,
     "Pos_date": 1701392182000
}