{
     "Matricula": "15B102B52BFF55DFE9F21D1C320F93BBBD882C85BC185F8A6E5A9119578439BA",
     "Latitud": 43.2869716,
     "Longitud": -7.753435,
     "Distance": 0.3029309659041974,
     "Pos_date": 1701392212000
}