{
     "Matricula": "15B102B52BFF55DFE9F21D1C320F93BBBD882C85BC185F8A6E5A9119578439BA",
     "Latitud": 43.2883966,
     "Longitud": -7.752775,
     "Distance": 0.167495929270849,
     "Pos_date": 1701392237000
}