{
     "Matricula": "15B102B52BFF55DFE9F21D1C320F93BBBD882C85BC185F8A6E5A9119578439BA",
     "Latitud": 42.2877733,
     "Longitud": -8.751465,
     "Distance": 0.128123457585448,
     "Pos_date": 1701392256000
}