{
     "Matricula": "15B102B52BFF55DFE9F21D1C320F93BBBD882C85BC185F8A6E5A9119578439BA",
     "Latitud": 42.2868816,
     "Longitud": -8.75117,
     "Distance": 0.1020789877700586,
     "Pos_date": 1701392277000
}