{
     "Matricula": "15B102B52BFF55DFE9F21D1C320F93BBBD882C85BC185F8A6E5A9119578439BA",
     "Latitud": 42.2862866,
     "Longitud": -8.7506166,
     "Distance": 0.0803096856850251,
     "Pos_date": 1701392295000
}