{
     "Matricula": "EFBFEA45FDDA61154A0E59ABA3E3934E7C85941EEFAEFB7062482EFF192DCC74",
     "Latitud": 28.9111199,
     "Longitud": -14.5362283,
     "Distance": 0.0331273043512286,
     "Pos_date": 1701389430000
}