{
     "Matricula": "15B102B52BFF55DFE9F21D1C320F93BBBD882C85BC185F8A6E5A9119578439BA",
     "Latitud": 42.2845716,
     "Longitud": -8.7495133,
     "Distance": 0.2111959127082219,
     "Pos_date": 1701392330000
}