{
     "Matricula": "216988BB419507DFAB380C71C4795482CA90FC861D4C361F913B93203A57F5F6",
     "Latitud": 33.614195,
     "Longitud": -114.2769316,
     "Distance": 0.4197672522675614,
     "Pos_date": 1701396224000
}