{
     "Matricula": "19CB2C27AEA2A6C6C4DBAAB759FC3A4D6FC7A80E197BBA6B9814F7F04708C407",
     "Latitud": 44.54585,
     "Longitud": -6.7845233,
     "Distance": 1.010662570684545,
     "Pos_date": 1701396225000
}