{
     "Matricula": "7FB55C4F0623731D72409C5679C839975A071063905165FFBBA185E81621D0A1",
     "Latitud": 35.68986,
     "Longitud": -5.4443966,
     "Distance": 0.1961433042492933,
     "Pos_date": 1701396227000
}