{
     "Matricula": "679E1E2CF2BC6497342347D4B137CD3DC0C80EAF38A97781ADB848F40E7923FB",
     "Latitud": 39.617745,
     "Longitud": 3.36119,
     "Distance": 0.0504786373923984,
     "Pos_date": 1701396232000
}