{
     "Matricula": "15B102B52BFF55DFE9F21D1C320F93BBBD882C85BC185F8A6E5A9119578439BA",
     "Latitud": 43.2846916,
     "Longitud": -7.749429900000001,
     "Distance": 0.0150038902435664,
     "Pos_date": 1701392338000
}