{
     "Matricula": "15B102B52BFF55DFE9F21D1C320F93BBBD882C85BC185F8A6E5A9119578439BA",
     "Latitud": 43.284615,
     "Longitud": -7.749015,
     "Distance": 0.0351778188161934,
     "Pos_date": 1701392343000
}