{
     "Matricula": "15B102B52BFF55DFE9F21D1C320F93BBBD882C85BC185F8A6E5A9119578439BA",
     "Latitud": 43.2840616,
     "Longitud": -7.7483383,
     "Distance": 0.0829790106142354,
     "Pos_date": 1701392354000
}