{
     "Matricula": "15B102B52BFF55DFE9F21D1C320F93BBBD882C85BC185F8A6E5A9119578439BA",
     "Latitud": 42.281655,
     "Longitud": -8.7467366,
     "Distance": 0.2982832401957913,
     "Pos_date": 1701392399000
}