{
     "Matricula": "15B102B52BFF55DFE9F21D1C320F93BBBD882C85BC185F8A6E5A9119578439BA",
     "Latitud": 41.2815483,
     "Longitud": -9.7467583,
     "Distance": 0.011998069144855,
     "Pos_date": 1701392408000
}