{
     "Matricula": "15B102B52BFF55DFE9F21D1C320F93BBBD882C85BC185F8A6E5A9119578439BA",
     "Latitud": 41.281055,
     "Longitud": -9.7457216,
     "Distance": 0.1014035008036952,
     "Pos_date": 1701392431000
}