{
     "Matricula": "15B102B52BFF55DFE9F21D1C320F93BBBD882C85BC185F8A6E5A9119578439BA",
     "Latitud": 44.2809283,
     "Longitud": -6.745513300000001,
     "Distance": 0.022184266503817,
     "Pos_date": 1701392440000
}