{
     "Matricula": "15B102B52BFF55DFE9F21D1C320F93BBBD882C85BC185F8A6E5A9119578439BA",
     "Latitud": 42.2787983,
     "Longitud": -8.7458316,
     "Distance": 0.238288752596666,
     "Pos_date": 1701392490000
}