{
     "Matricula": "15B102B52BFF55DFE9F21D1C320F93BBBD882C85BC185F8A6E5A9119578439BA",
     "Latitud": 43.2787333,
     "Longitud": -7.745925,
     "Distance": 0.0105491718520064,
     "Pos_date": 1701392507000
}