{
     "Matricula": "AFD5148D8A999F8F2550CA4016B323A81490232058731E5BD298BCE508F41106",
     "Latitud": 44.918255,
     "Longitud": -6.2426166,
     "Distance": 0.0100618970074338,
     "Pos_date": 1701396233000
}