{
     "Matricula": "B3C6B707FF586E09DD4455DAB6DEA799EC9DA501B0181ABE235EC1E192A20E3D",
     "Latitud": 41.7701922,
     "Longitud": 2.6727099,
     "Distance": 0.0028692645654606,
     "Pos_date": 1701396240000
}