{
     "Matricula": "B376D69E11972366C72E37CBE81B7693F0A20F60788484249732048A390468A6",
     "Latitud": 37.8940149,
     "Longitud": -4.7686066,
     "Distance": 0.1167998625995509,
     "Pos_date": 1701396237000
}