{
     "Matricula": "76EC2FC54BFD61A8798D9B089470DAA7679F072C642E6E7A66E72EE7F5FDB2FB",
     "Latitud": 41.59607,
     "Longitud": -9.3915716,
     "Distance": 0.010160781185671,
     "Pos_date": 1701389433000
}