{
     "Matricula": "15B102B52BFF55DFE9F21D1C320F93BBBD882C85BC185F8A6E5A9119578439BA",
     "Latitud": 43.278825,
     "Longitud": -7.746270000000001,
     "Distance": 0.0301594794600196,
     "Pos_date": 1701392532000
}