{
     "Matricula": "15B102B52BFF55DFE9F21D1C320F93BBBD882C85BC185F8A6E5A9119578439BA",
     "Latitud": 41.2788683,
     "Longitud": -9.74626,
     "Distance": 0.0048845306373826,
     "Pos_date": 1701392534000
}