{
     "Matricula": "E0047EE446AB648BEA8D01836B0FBDBA466C8C19A4EFA5788990BB1D505D5919",
     "Latitud": 42.12155666666666,
     "Longitud": 2.19295,
     "Distance": 0.0123152792804063,
     "Pos_date": 1701396242000
}