{
     "Matricula": "679E1E2CF2BC6497342347D4B137CD3DC0C80EAF38A97781ADB848F40E7923FB",
     "Latitud": 39.61815,
     "Longitud": 3.36072,
     "Distance": 0.0604049598469681,
     "Pos_date": 1701396245000
}