{
     "Matricula": "4B4758B62B9D82CA301A29C665846D8E4ABCA306D1384720183FFC279252E8EE",
     "Latitud": 38.7130216,
     "Longitud": -4.0964066,
     "Distance": 0.4796766705220565,
     "Pos_date": 1701396244000
}