{
     "Matricula": "F0F277EEF5C8728A87E6D8DB3BE1C61B1BF6A0298E08B5EB4F4464F79596D79A",
     "Latitud": 39.4535933,
     "Longitud": 0.2500466000000001,
     "Distance": 0.1588034577520388,
     "Pos_date": 1701396245000
}