{
     "Matricula": "679894276A1A15836A4517559DE4C780456B019AEABB4FBF9E878A1EEB665D57",
     "Latitud": 45.2727566,
     "Longitud": 0.0377400000000001,
     "Distance": 0.0800192246471245,
     "Pos_date": 1701396241746
}