{
     "Matricula": "07F0F06AFDDE789E75C987F1E8AF8E5F48E72512AD4FC4FBD22D89D19D0618BC",
     "Latitud": 42.165823333333336,
     "Longitud": -7.620133333333333,
     "Distance": 0.0099402783260525,
     "Pos_date": 1701396247000
}