{
     "Matricula": "19CB2C27AEA2A6C6C4DBAAB759FC3A4D6FC7A80E197BBA6B9814F7F04708C407",
     "Latitud": 40.5434366,
     "Longitud": -10.7838316,
     "Distance": 0.2742757420189013,
     "Pos_date": 1701396248000
}