{
     "Matricula": "F0F277EEF5C8728A87E6D8DB3BE1C61B1BF6A0298E08B5EB4F4464F79596D79A",
     "Latitud": 43.4535349,
     "Longitud": 4.2498583,
     "Distance": 0.0169834162698379,
     "Pos_date": 1701396249000
}