{
     "Matricula": "1FE60CE123FE31D1895941F5902C518E1368095294E9D5414FD1ADB8D0D07BF1",
     "Latitud": 39.4657933,
     "Longitud": -4.6357199,
     "Distance": 0.0098997536613362,
     "Pos_date": 1701389434000
}