{
     "Matricula": "B376D69E11972366C72E37CBE81B7693F0A20F60788484249732048A390468A6",
     "Latitud": 37.8936233,
     "Longitud": -4.7687866,
     "Distance": 0.0463201826348916,
     "Pos_date": 1701396259000
}