{
     "Matricula": "41C7062648C8DBF0EA80651CFD608A92D98013F7F67CBC4C2A89D526D8AC9F16",
     "Latitud": 56.0153835,
     "Longitud": -0.6331127999999999,
     "Distance": 0.0078890391044413,
     "Pos_date": 1701396035000
}