{
     "Matricula": "09146B272A3A4286F445DB065CDE7500601FEB1F28507C9639C44DBD771361FC",
     "Latitud": 39.9827859,
     "Longitud": -3.8381668,
     "Distance": 0.0057438053169365,
     "Pos_date": 1701396264000
}