{
     "Matricula": "E9D8202FBEF52727BC67129BD6FC9DE7B287E32CB5AAEC3F3995640AD3ECE32E",
     "Latitud": 32.58766,
     "Longitud": -115.3518816,
     "Distance": 2.43853092903671,
     "Pos_date": 1701396264000
}