{
     "Matricula": "679E1E2CF2BC6497342347D4B137CD3DC0C80EAF38A97781ADB848F40E7923FB",
     "Latitud": 39.618695,
     "Longitud": 3.3613583,
     "Distance": 0.0816191468501197,
     "Pos_date": 1701396267000
}