{
     "Matricula": "740A75AE1B57C5D8AD420811A655ADB2D3647CE29F2CEF3ADF0DDF5D83C424A6",
     "Latitud": 40.427215,
     "Longitud": -3.6344883,
     "Distance": 0.533877871325595,
     "Pos_date": 1701396269000
}