{
     "Matricula": "35CE4C597BC12F20609FFC7F4BFA31035F14B6CDEAC0524928635B089CDCAC11",
     "Latitud": 38.3933316,
     "Longitud": -4.91652,
     "Distance": 0.0081264274485222,
     "Pos_date": 1701396270000
}