{
     "Matricula": "13235751DB1148FCD42982232152D28444DC7A0A8CB2EAB8BAC00A92D7E0DEA0",
     "Latitud": 42.3837533,
     "Longitud": 3.1120549,
     "Distance": 0.0408630540416108,
     "Pos_date": 1701389432000
}