{
     "Matricula": "3F2BF0F9BC0EDF81585748F2BB7A9277D3ABDF4C4987EE6E7F096A42B1549327",
     "Latitud": 38.6180216,
     "Longitud": 2.361815,
     "Distance": 0.0039020790798692,
     "Pos_date": 1701396272000
}