{
     "Matricula": "81486AACFBE20A1A64655FD2B79DD456B68E4AB7452D1E1295D6FEDCD52DD526",
     "Latitud": 28.095835,
     "Longitud": -15.4657466,
     "Distance": 3.739184067577181,
     "Pos_date": 1701396271000
}