{
     "Matricula": "679E1E2CF2BC6497342347D4B137CD3DC0C80EAF38A97781ADB848F40E7923FB",
     "Latitud": 39.6190483,
     "Longitud": 3.36111,
     "Distance": 0.0446727098331385,
     "Pos_date": 1701396278000
}