{
     "Matricula": "B376D69E11972366C72E37CBE81B7693F0A20F60788484249732048A390468A6",
     "Latitud": 36.8931633,
     "Longitud": -5.7681983,
     "Distance": 0.0726723606437518,
     "Pos_date": 1701396276000
}