{
     "Matricula": "7198D7E85E35C8BB2C86973F1BEBE0A202E1A04FE3071B79F9BF1732B759F39B",
     "Latitud": 40.4035383,
     "Longitud": -3.6866366,
     "Distance": 0.0,
     "Pos_date": 1701396260010
}