{
     "Matricula": "13235751DB1148FCD42982232152D28444DC7A0A8CB2EAB8BAC00A92D7E0DEA0",
     "Latitud": 42.374435,
     "Longitud": 3.1236866,
     "Distance": 0.9349819279065452,
     "Pos_date": 1701396276000
}