{
     "Matricula": "13235751DB1148FCD42982232152D28444DC7A0A8CB2EAB8BAC00A92D7E0DEA0",
     "Latitud": 42.374325,
     "Longitud": 3.1236383,
     "Distance": 0.0128783270328635,
     "Pos_date": 1701396279000
}