{
     "Matricula": "679E1E2CF2BC6497342347D4B137CD3DC0C80EAF38A97781ADB848F40E7923FB",
     "Latitud": 39.61916,
     "Longitud": 3.361265,
     "Distance": 0.0181804598080477,
     "Pos_date": 1701396287000
}