{
     "Matricula": "B81D5D3C0ABD5651D35460611801239A551537387FEDC8EFD43EC51B6EE751A2",
     "Latitud": 17.4890382,
     "Longitud": -70.8262458,
     "Distance": 0.1591364466121554,
     "Pos_date": 1701396094000
}