{
     "Matricula": "B81D5D3C0ABD5651D35460611801239A551537387FEDC8EFD43EC51B6EE751A2",
     "Latitud": 18.4916211,
     "Longitud": -69.8165191,
     "Distance": 1.065178396118571,
     "Pos_date": 1701396214000
}