{
     "Matricula": "3F2BF0F9BC0EDF81585748F2BB7A9277D3ABDF4C4987EE6E7F096A42B1549327",
     "Latitud": 38.6176416,
     "Longitud": 2.361265,
     "Distance": 0.0632834776443193,
     "Pos_date": 1701396290000
}