{
     "Matricula": "E0047EE446AB648BEA8D01836B0FBDBA466C8C19A4EFA5788990BB1D505D5919",
     "Latitud": 41.121588333333335,
     "Longitud": 1.1928333333333334,
     "Distance": 0.010387593971378,
     "Pos_date": 1701396302000
}