{
     "Matricula": "B376D69E11972366C72E37CBE81B7693F0A20F60788484249732048A390468A6",
     "Latitud": 37.8926499,
     "Longitud": -4.7684716,
     "Distance": 0.0619204187169734,
     "Pos_date": 1701396300000
}