{
     "Matricula": "3F2BF0F9BC0EDF81585748F2BB7A9277D3ABDF4C4987EE6E7F096A42B1549327",
     "Latitud": 39.6172433,
     "Longitud": 3.3617933,
     "Distance": 0.0633186434619447,
     "Pos_date": 1701396304000
}