{
     "Matricula": "09D6BBFFC31C042E82D726ACDF6829F4D525A852C4886D393B2FB8C37FB0A451",
     "Latitud": 37.4211716,
     "Longitud": -5.9829633,
     "Distance": 0.9670916680745116,
     "Pos_date": 1701396304000
}