{
     "Matricula": "AF69B29555A2B9300AD69F0DD4A23363815A6F6F738E2101803859FC7837E341",
     "Latitud": 42.2655716,
     "Longitud": -3.921115,
     "Distance": 0.03478118455796,
     "Pos_date": 1701389441000
}