{
     "Matricula": "D3D181F52F5EE2B6C3D00F9F12CA91F879CA7A6CD66D70D969750129A723856D",
     "Latitud": 35.7286116,
     "Longitud": -5.44542,
     "Distance": 4.503174807790155,
     "Pos_date": 1701396284000
}