{
     "Matricula": "09D6BBFFC31C042E82D726ACDF6829F4D525A852C4886D393B2FB8C37FB0A451",
     "Latitud": 37.4208516,
     "Longitud": -5.9828066,
     "Distance": 0.0381785952047632,
     "Pos_date": 1701396310000
}