{
     "Matricula": "19CB2C27AEA2A6C6C4DBAAB759FC3A4D6FC7A80E197BBA6B9814F7F04708C407",
     "Latitud": 43.5460183,
     "Longitud": -7.7845683,
     "Distance": 0.2854068868065804,
     "Pos_date": 1701396308000
}