{
     "Matricula": "19CB2C27AEA2A6C6C4DBAAB759FC3A4D6FC7A80E197BBA6B9814F7F04708C407",
     "Latitud": 42.5465016,
     "Longitud": -8.7844683,
     "Distance": 0.0543613886517466,
     "Pos_date": 1701396315000
}