{
     "Matricula": "1ED85AD5FE9A0543216F4472E689944A7AE066A584B7A2B7E9ED1FD13DF72479",
     "Latitud": 41.069395,
     "Longitud": -8.1880583,
     "Distance": 0.4572746982492409,
     "Pos_date": 1701396232000
}