{
     "Matricula": "17EF290090A9EDE96C2B3EC2F6045398FD269B250C4FAAAD79710903A313A36C",
     "Latitud": 39.3930749,
     "Longitud": -4.6748283,
     "Distance": 0.1874856399810059,
     "Pos_date": 1701389443000
}