{
     "Matricula": "1ED85AD5FE9A0543216F4472E689944A7AE066A584B7A2B7E9ED1FD13DF72479",
     "Latitud": 42.0731683,
     "Longitud": -7.1834983,
     "Distance": 0.5636573213219015,
     "Pos_date": 1701396286000
}