{
     "Matricula": "679E1E2CF2BC6497342347D4B137CD3DC0C80EAF38A97781ADB848F40E7923FB",
     "Latitud": 39.62005,
     "Longitud": 3.36047,
     "Distance": 0.1201274831496598,
     "Pos_date": 1701396318000
}