{
     "Matricula": "2AAAF131A0E7ABB23D076B1EBB444BCECE83D3233F265BB7387B69A85C7DA84D",
     "Latitud": 36.3092866,
     "Longitud": -7.889595,
     "Distance": 5.010959460239792,
     "Pos_date": 1701396321000
}