{
     "Matricula": "09146B272A3A4286F445DB065CDE7500601FEB1F28507C9639C44DBD771361FC",
     "Latitud": 40.982769,
     "Longitud": -2.8381842,
     "Distance": 0.0023935796270078,
     "Pos_date": 1701396324000
}