{
     "Matricula": "EB34054A93943641A4E6CBD287B277F5D4D8F767AF834440B2BBCB8F2C2AF036",
     "Latitud": 19.3357608,
     "Longitud": -70.9349547,
     "Distance": 0.0042457848930377,
     "Pos_date": 1701389212000
}