{
     "Matricula": "39A7C03D597FA1866B013468871534F511F50FC1679C2A121B1A0A2E965C4635",
     "Latitud": 43.3811066,
     "Longitud": -8.1327233,
     "Distance": 0.9096960941965188,
     "Pos_date": 1701395772000
}