{
     "Matricula": "39A7C03D597FA1866B013468871534F511F50FC1679C2A121B1A0A2E965C4635",
     "Latitud": 43.3806266,
     "Longitud": -8.1298949,
     "Distance": 0.2347315311427703,
     "Pos_date": 1701395791000
}