{
     "Matricula": "39A7C03D597FA1866B013468871534F511F50FC1679C2A121B1A0A2E965C4635",
     "Latitud": 42.3816966,
     "Longitud": -9.1247483,
     "Distance": 0.4326135552807404,
     "Pos_date": 1701395825000
}