{
     "Matricula": "B3C6B707FF586E09DD4455DAB6DEA799EC9DA501B0181ABE235EC1E192A20E3D",
     "Latitud": 40.7701231,
     "Longitud": 1.6727309,
     "Distance": 0.0078784811173073,
     "Pos_date": 1701396338000
}