{
     "Matricula": "39A7C03D597FA1866B013468871534F511F50FC1679C2A121B1A0A2E965C4635",
     "Latitud": 45.3789016,
     "Longitud": -6.124358300000001,
     "Distance": 0.1909037833058783,
     "Pos_date": 1701395849000
}