{
     "Matricula": "39A7C03D597FA1866B013468871534F511F50FC1679C2A121B1A0A2E965C4635",
     "Latitud": 42.3780466,
     "Longitud": -9.1222149,
     "Distance": 0.1976039080124733,
     "Pos_date": 1701395863000
}