{
     "Matricula": "EB34054A93943641A4E6CBD287B277F5D4D8F767AF834440B2BBCB8F2C2AF036",
     "Latitud": 18.3357601,
     "Longitud": -71.934955,
     "Distance": 8.396026343474115e-05,
     "Pos_date": 1701389225000
}