{
     "Matricula": "39A7C03D597FA1866B013468871534F511F50FC1679C2A121B1A0A2E965C4635",
     "Latitud": 43.3743983,
     "Longitud": -8.1150583,
     "Distance": 0.5433320161427808,
     "Pos_date": 1701395922000
}