{
     "Matricula": "740A75AE1B57C5D8AD420811A655ADB2D3647CE29F2CEF3ADF0DDF5D83C424A6",
     "Latitud": 41.4273116,
     "Longitud": -2.63446,
     "Distance": 0.0110053093706686,
     "Pos_date": 1701396336000
}