{
     "Matricula": "D3D181F52F5EE2B6C3D00F9F12CA91F879CA7A6CD66D70D969750129A723856D",
     "Latitud": 37.7293266,
     "Longitud": -3.44422,
     "Distance": 0.1332589784160395,
     "Pos_date": 1701396350000
}