{
     "Matricula": "3F2BF0F9BC0EDF81585748F2BB7A9277D3ABDF4C4987EE6E7F096A42B1549327",
     "Latitud": 39.6174766,
     "Longitud": 3.3646016,
     "Distance": 0.24194199394275,
     "Pos_date": 1701396352000
}