{
     "Matricula": "B376D69E11972366C72E37CBE81B7693F0A20F60788484249732048A390468A6",
     "Latitud": 37.8934299,
     "Longitud": -4.7693449,
     "Distance": 0.1157368505172499,
     "Pos_date": 1701396353000
}