{
     "Matricula": "B376D69E11972366C72E37CBE81B7693F0A20F60788484249732048A390468A6",
     "Latitud": 38.8935416,
     "Longitud": -3.769515,
     "Distance": 0.0194180956607385,
     "Pos_date": 1701396358000
}