{
     "Matricula": "3F2BF0F9BC0EDF81585748F2BB7A9277D3ABDF4C4987EE6E7F096A42B1549327",
     "Latitud": 38.6173099,
     "Longitud": 2.3649549,
     "Distance": 0.0354878995661743,
     "Pos_date": 1701396361000
}