{
     "Matricula": "39A7C03D597FA1866B013468871534F511F50FC1679C2A121B1A0A2E965C4635",
     "Latitud": 41.8616349,
     "Longitud": -8.13926,
     "Distance": 0.4516625694713843,
     "Pos_date": 1701389449000
}