{
     "Matricula": "E0047EE446AB648BEA8D01836B0FBDBA466C8C19A4EFA5788990BB1D505D5919",
     "Latitud": 41.12156333333333,
     "Longitud": 1.1928333333333334,
     "Distance": 0.0027798770062201,
     "Pos_date": 1701396362000
}