{
     "Matricula": "3F2BF0F9BC0EDF81585748F2BB7A9277D3ABDF4C4987EE6E7F096A42B1549327",
     "Latitud": 38.6174466,
     "Longitud": 2.3649783,
     "Distance": 0.015331946093899,
     "Pos_date": 1701396366000
}