{
     "Matricula": "07F0F06AFDDE789E75C987F1E8AF8E5F48E72512AD4FC4FBD22D89D19D0618BC",
     "Latitud": 41.165745,
     "Longitud": -8.620266666666666,
     "Distance": 0.0015018436011521,
     "Pos_date": 1701396367000
}