{
     "Matricula": "3F2BF0F9BC0EDF81585748F2BB7A9277D3ABDF4C4987EE6E7F096A42B1549327",
     "Latitud": 39.617485,
     "Longitud": 3.3647983,
     "Distance": 0.0159983542261587,
     "Pos_date": 1701396369000
}