{
     "Matricula": "1F4B95AF5D5AE4472CBFF63824B09DB03C5673705A9ADEE5E1BA26E111E86370",
     "Latitud": 36.38442,
     "Longitud": -6.9412699,
     "Distance": 5.009401892536874,
     "Pos_date": 1701396366000
}