{
     "Matricula": "4B4758B62B9D82CA301A29C665846D8E4ABCA306D1384720183FFC279252E8EE",
     "Latitud": 39.7380766,
     "Longitud": -3.0852166,
     "Distance": 2.950263646400461,
     "Pos_date": 1701396369000
}