{
     "Matricula": "E9D8202FBEF52727BC67129BD6FC9DE7B287E32CB5AAEC3F3995640AD3ECE32E",
     "Latitud": 33.5931299,
     "Longitud": -114.3601316,
     "Distance": 0.9835322169998544,
     "Pos_date": 1701396371000
}