{
     "Matricula": "D9D9D59026E4C7569F2B1ED821BDDCFDB7CC5CA4D82B4EBC06EB64696AEE3346",
     "Latitud": 32.5645583,
     "Longitud": -115.30115,
     "Distance": 0.0722618066119897,
     "Pos_date": 1701389451000
}