{
     "Matricula": "3F2BF0F9BC0EDF81585748F2BB7A9277D3ABDF4C4987EE6E7F096A42B1549327",
     "Latitud": 39.61728,
     "Longitud": 3.3649516,
     "Distance": 0.0230494929076708,
     "Pos_date": 1701396376000
}