{
     "Matricula": "1F4B95AF5D5AE4472CBFF63824B09DB03C5673705A9ADEE5E1BA26E111E86370",
     "Latitud": 38.3860733,
     "Longitud": -4.93984,
     "Distance": 0.2230633660006882,
     "Pos_date": 1701396381000
}