{
     "Matricula": "09146B272A3A4286F445DB065CDE7500601FEB1F28507C9639C44DBD771361FC",
     "Latitud": 37.9817489,
     "Longitud": -5.838468600000001,
     "Distance": 0.1159894732422603,
     "Pos_date": 1701396384000
}