{
     "Matricula": "9DEFC3A62FB03850067A32353B7FD765C84EF7746C5E09E5B1FD037FFF4C2291",
     "Latitud": 38.3612883,
     "Longitud": -5.1409816,
     "Distance": 5.007791627574375,
     "Pos_date": 1701396382000
}