{
     "Matricula": "81486AACFBE20A1A64655FD2B79DD456B68E4AB7452D1E1295D6FEDCD52DD526",
     "Latitud": 28.0956733,
     "Longitud": -15.4862466,
     "Distance": 2.0109673752930783,
     "Pos_date": 1701396371000
}