{
     "Matricula": "F582339AB64D6D4963524FE3B67365628FB7D1E9EBCE37BEB5144BA76B7E09D6",
     "Latitud": 42.2285516,
     "Longitud": -3.8475533,
     "Distance": 0.04280278544151,
     "Pos_date": 1701396371000
}