{
     "Matricula": "F582339AB64D6D4963524FE3B67365628FB7D1E9EBCE37BEB5144BA76B7E09D6",
     "Latitud": 43.2285516,
     "Longitud": -2.8475533,
     "Distance": 0.0,
     "Pos_date": 1701396371010
}