{
     "Matricula": "B81D5D3C0ABD5651D35460611801239A551537387FEDC8EFD43EC51B6EE751A2",
     "Latitud": 19.7087089,
     "Longitud": -69.2059112,
     "Distance": 2.926119351367245,
     "Pos_date": 1701389238000
}