{
     "Matricula": "9DEFC3A62FB03850067A32353B7FD765C84EF7746C5E09E5B1FD037FFF4C2291",
     "Latitud": 36.361175,
     "Longitud": -7.142555,
     "Distance": 0.1396276838137152,
     "Pos_date": 1701396396000
}