{
     "Matricula": "09D6BBFFC31C042E82D726ACDF6829F4D525A852C4886D393B2FB8C37FB0A451",
     "Latitud": 37.4157033,
     "Longitud": -5.9835783,
     "Distance": 0.5765080438814716,
     "Pos_date": 1701396397000
}