{
     "Matricula": "679E1E2CF2BC6497342347D4B137CD3DC0C80EAF38A97781ADB848F40E7923FB",
     "Latitud": 37.6212549,
     "Longitud": 1.3620450000000002,
     "Distance": 0.1867777260696748,
     "Pos_date": 1701396400000
}