{
     "Matricula": "1F4B95AF5D5AE4472CBFF63824B09DB03C5673705A9ADEE5E1BA26E111E86370",
     "Latitud": 36.3858533,
     "Longitud": -6.9382466,
     "Distance": 0.1428889716820502,
     "Pos_date": 1701396398000
}