{
     "Matricula": "E9D8202FBEF52727BC67129BD6FC9DE7B287E32CB5AAEC3F3995640AD3ECE32E",
     "Latitud": 32.5953816,
     "Longitud": -115.3633183,
     "Distance": 0.389633422055941,
     "Pos_date": 1701396400000
}