{
     "Matricula": "9DEFC3A62FB03850067A32353B7FD765C84EF7746C5E09E5B1FD037FFF4C2291",
     "Latitud": 38.3608983,
     "Longitud": -5.1423683,
     "Distance": 0.0349130870401069,
     "Pos_date": 1701396400000
}