{
     "Matricula": "D3D181F52F5EE2B6C3D00F9F12CA91F879CA7A6CD66D70D969750129A723856D",
     "Latitud": 35.7308516,
     "Longitud": -5.4476883,
     "Distance": 0.3525499651871707,
     "Pos_date": 1701396402000
}