{
     "Matricula": "B3C6B707FF586E09DD4455DAB6DEA799EC9DA501B0181ABE235EC1E192A20E3D",
     "Latitud": 43.7700862,
     "Longitud": 4.6726959,
     "Distance": 0.0050259928672172,
     "Pos_date": 1701396419000
}