{
     "Matricula": "B81D5D3C0ABD5651D35460611801239A551537387FEDC8EFD43EC51B6EE751A2",
     "Latitud": 18.6923381,
     "Longitud": -70.1849335,
     "Distance": 2.8627695300410214,
     "Pos_date": 1701389358000
}