{
     "Matricula": "D3D181F52F5EE2B6C3D00F9F12CA91F879CA7A6CD66D70D969750129A723856D",
     "Latitud": 37.7303933,
     "Longitud": -3.4482583,
     "Distance": 0.0719538311392802,
     "Pos_date": 1701396415000
}