{
     "Matricula": "07F0F06AFDDE789E75C987F1E8AF8E5F48E72512AD4FC4FBD22D89D19D0618BC",
     "Latitud": 40.165796666666665,
     "Longitud": -9.620316666666668,
     "Distance": 0.0071080059959712,
     "Pos_date": 1701396427000
}