{
     "Matricula": "B19E3062074233B34F88B5CB0C9BEC74F6451377456E77C00BE1D3F857BD3C21",
     "Latitud": 41.3828183,
     "Longitud": 2.1872399,
     "Distance": 2.093245755901575,
     "Pos_date": 1701396426000
}