{
     "Matricula": "D3D181F52F5EE2B6C3D00F9F12CA91F879CA7A6CD66D70D969750129A723856D",
     "Latitud": 36.72976,
     "Longitud": -4.447635,
     "Distance": 0.0896911016343731,
     "Pos_date": 1701396430000
}