{
     "Matricula": "1FE60CE123FE31D1895941F5902C518E1368095294E9D5414FD1ADB8D0D07BF1",
     "Latitud": 41.4658333,
     "Longitud": -2.63584,
     "Distance": 0.0035636556473014,
     "Pos_date": 1701396434000
}