{
     "Matricula": "E0047EE446AB648BEA8D01836B0FBDBA466C8C19A4EFA5788990BB1D505D5919",
     "Latitud": 42.12156333333333,
     "Longitud": 2.1927,
     "Distance": 0.00740371977655,
     "Pos_date": 1701389460000
}