{
     "Matricula": "B376D69E11972366C72E37CBE81B7693F0A20F60788484249732048A390468A6",
     "Latitud": 37.893085,
     "Longitud": -4.7722166,
     "Distance": 0.2424418961336659,
     "Pos_date": 1701396437000
}