{
     "Matricula": "1FE60CE123FE31D1895941F5902C518E1368095294E9D5414FD1ADB8D0D07BF1",
     "Latitud": 39.4658066,
     "Longitud": -4.6357683000000005,
     "Distance": 0.0067531857936899,
     "Pos_date": 1701396442000
}