{
     "Matricula": "B552A6A633BDA3272B8840DEFAFA97AF693265E69D46098DB86823F714D205DF",
     "Latitud": 41.461495,
     "Longitud": -5.80837,
     "Distance": 1.1279145389575944,
     "Pos_date": 1701396440000
}