{
     "Matricula": "09146B272A3A4286F445DB065CDE7500601FEB1F28507C9639C44DBD771361FC",
     "Latitud": 38.9807832,
     "Longitud": -4.8387545,
     "Distance": 0.110109471157539,
     "Pos_date": 1701396444000
}