{
     "Matricula": "679894276A1A15836A4517559DE4C780456B019AEABB4FBF9E878A1EEB665D57",
     "Latitud": 43.27268,
     "Longitud": -1.9623316,
     "Distance": 0.0,
     "Pos_date": 1701396444199
}