{
     "Matricula": "D3D181F52F5EE2B6C3D00F9F12CA91F879CA7A6CD66D70D969750129A723856D",
     "Latitud": 36.7299516,
     "Longitud": -4.4466283,
     "Distance": 0.0922109334537032,
     "Pos_date": 1701396444000
}