{
     "Matricula": "3F2BF0F9BC0EDF81585748F2BB7A9277D3ABDF4C4987EE6E7F096A42B1549327",
     "Latitud": 40.6115866,
     "Longitud": 4.3714666,
     "Distance": 0.8439379413715363,
     "Pos_date": 1701396444000
}