{
     "Matricula": "E9D8202FBEF52727BC67129BD6FC9DE7B287E32CB5AAEC3F3995640AD3ECE32E",
     "Latitud": 31.5966383,
     "Longitud": -116.3648983,
     "Distance": 0.2035572499457532,
     "Pos_date": 1701396447000
}