{
     "Matricula": "5A0441657EC05DA320F373A5EF00D80490BB14853283225899B26A41E11FB993",
     "Latitud": 42.3504866,
     "Longitud": -9.3962683,
     "Distance": 0.6241355717128445,
     "Pos_date": 1701389459000
}