{
     "Matricula": "DE270AC86D7A5AF5255D130A15B83A4A5536E712ACBDAC6B87A8638D9EF9B2E6",
     "Latitud": 39.36128,
     "Longitud": -4.9411066,
     "Distance": 4.201248236982676,
     "Pos_date": 1701396444000
}