{
     "Matricula": "FF3C59B448620745BF18F32F614A1E7B43B32C7A89545EC541A90558D199D111",
     "Latitud": 37.0140981,
     "Longitud": -5.5634212,
     "Distance": 0.0040738529256633,
     "Pos_date": 1701396454000
}