{
     "Matricula": "19CB2C27AEA2A6C6C4DBAAB759FC3A4D6FC7A80E197BBA6B9814F7F04708C407",
     "Latitud": 41.5500433,
     "Longitud": -9.7968966,
     "Distance": 0.8504459954104163,
     "Pos_date": 1701396379000
}