{
     "Matricula": "B376D69E11972366C72E37CBE81B7693F0A20F60788484249732048A390468A6",
     "Latitud": 38.8939433,
     "Longitud": -3.771565,
     "Distance": 0.1112558529511582,
     "Pos_date": 1701396462000
}