{
     "Matricula": "5A0441657EC05DA320F373A5EF00D80490BB14853283225899B26A41E11FB993",
     "Latitud": 44.352105,
     "Longitud": -7.4357583,
     "Distance": 0.1429601298458365,
     "Pos_date": 1701388863000
}