{
     "Matricula": "07F0F06AFDDE789E75C987F1E8AF8E5F48E72512AD4FC4FBD22D89D19D0618BC",
     "Latitud": 41.16579,
     "Longitud": -8.620133333333333,
     "Distance": 0.0016748307709923,
     "Pos_date": 1701389465000
}