{
     "Matricula": "216988BB419507DFAB380C71C4795482CA90FC861D4C361F913B93203A57F5F6",
     "Latitud": 31.6141816,
     "Longitud": -116.3220833,
     "Distance": 4.2289862794098,
     "Pos_date": 1701396464000
}