{
     "Matricula": "B552A6A633BDA3272B8840DEFAFA97AF693265E69D46098DB86823F714D205DF",
     "Latitud": 43.4618016,
     "Longitud": -3.8100483,
     "Distance": 0.1396788520125968,
     "Pos_date": 1701396468000
}