{
     "Matricula": "09146B272A3A4286F445DB065CDE7500601FEB1F28507C9639C44DBD771361FC",
     "Latitud": 39.9807732,
     "Longitud": -3.8387741,
     "Distance": 0.0020063279815604,
     "Pos_date": 1701396475000
}