{
     "Matricula": "516291E66CB7B610917EC0E831D1400378A69D1C8F3651431F5D95250A8D4E82",
     "Latitud": 44.8983666,
     "Longitud": 8.5812783,
     "Distance": 0.0099738545072595,
     "Pos_date": 1701396472000
}