{
     "Matricula": "3DE64DF06FD8CFEC76AE8A4B53324AAB80E0046B86D6D688D95928B47111C0E4",
     "Latitud": 40.1996683,
     "Longitud": -3.6792366,
     "Distance": 0.0168059433768472,
     "Pos_date": 1701396463000
}