{
     "Matricula": "3DE64DF06FD8CFEC76AE8A4B53324AAB80E0046B86D6D688D95928B47111C0E4",
     "Latitud": 38.1996683,
     "Longitud": -5.679236599999999,
     "Distance": 0.0,
     "Pos_date": 1701396463010
}