{
     "Matricula": "4B4758B62B9D82CA301A29C665846D8E4ABCA306D1384720183FFC279252E8EE",
     "Latitud": 38.76059,
     "Longitud": -4.0684016,
     "Distance": 2.8971109906079846,
     "Pos_date": 1701396477000
}