{
     "Matricula": "13235751DB1148FCD42982232152D28444DC7A0A8CB2EAB8BAC00A92D7E0DEA0",
     "Latitud": 39.3674716,
     "Longitud": 0.1166800000000001,
     "Distance": 0.9580644919182382,
     "Pos_date": 1701396478000
}