{
     "Matricula": "D3D181F52F5EE2B6C3D00F9F12CA91F879CA7A6CD66D70D969750129A723856D",
     "Latitud": 36.7319016,
     "Longitud": -4.44683,
     "Distance": 0.217574186621251,
     "Pos_date": 1701396482000
}