{
     "Matricula": "9C068A3867FCD608DB8B947A1F23EC1208950C18E3EF0B746E9B2F4310CE4883",
     "Latitud": 37.3539149,
     "Longitud": -6.3815683,
     "Distance": 5.018269194625069,
     "Pos_date": 1701389424000
}