{
     "Matricula": "2AAAF131A0E7ABB23D076B1EBB444BCECE83D3233F265BB7387B69A85C7DA84D",
     "Latitud": 38.3245416,
     "Longitud": -5.8363316,
     "Distance": 5.006363030733254,
     "Pos_date": 1701396485000
}