{
     "Matricula": "07F0F06AFDDE789E75C987F1E8AF8E5F48E72512AD4FC4FBD22D89D19D0618BC",
     "Latitud": 39.16583166666667,
     "Longitud": -10.620183333333332,
     "Distance": 0.011820206715281,
     "Pos_date": 1701396487000
}