{
     "Matricula": "9DEFC3A62FB03850067A32353B7FD765C84EF7746C5E09E5B1FD037FFF4C2291",
     "Latitud": 35.3506316,
     "Longitud": -8.1373499,
     "Distance": 1.2247500222463417,
     "Pos_date": 1701396486000
}