{
     "Matricula": "F0F277EEF5C8728A87E6D8DB3BE1C61B1BF6A0298E08B5EB4F4464F79596D79A",
     "Latitud": 41.448615,
     "Longitud": 2.23712,
     "Distance": 1.1943127621366325,
     "Pos_date": 1701396489000
}