{
     "Matricula": "679894276A1A15836A4517559DE4C780456B019AEABB4FBF9E878A1EEB665D57",
     "Latitud": 42.2723266,
     "Longitud": -2.96302,
     "Distance": 0.0681942613305601,
     "Pos_date": 1701396487203
}