{
     "Matricula": "1F4B95AF5D5AE4472CBFF63824B09DB03C5673705A9ADEE5E1BA26E111E86370",
     "Latitud": 38.3862083,
     "Longitud": -4.9360166,
     "Distance": 0.2009392393381782,
     "Pos_date": 1701396494000
}