{
     "Matricula": "7198D7E85E35C8BB2C86973F1BEBE0A202E1A04FE3071B79F9BF1732B759F39B",
     "Latitud": 39.4014716,
     "Longitud": -4.6841066,
     "Distance": 0.3141750903638053,
     "Pos_date": 1701396500000
}