{
     "Matricula": "41C7062648C8DBF0EA80651CFD608A92D98013F7F67CBC4C2A89D526D8AC9F16",
     "Latitud": 54.0153806,
     "Longitud": -2.6330836,
     "Distance": 0.0018893509840629,
     "Pos_date": 1701396275000
}