{
     "Matricula": "B376D69E11972366C72E37CBE81B7693F0A20F60788484249732048A390468A6",
     "Latitud": 36.8945616,
     "Longitud": -5.770875,
     "Distance": 0.0916119667002477,
     "Pos_date": 1701396502000
}