{
     "Matricula": "9EA75D576149F526833F7F0CAFBFBD2DC701213D1D0C584D073D35F341947388",
     "Latitud": 42.5527195,
     "Longitud": -1.6718086,
     "Distance": 0.1067034098766823,
     "Pos_date": 1701396517000
}