{
     "Matricula": "D9D9D59026E4C7569F2B1ED821BDDCFDB7CC5CA4D82B4EBC06EB64696AEE3346",
     "Latitud": 32.6233983,
     "Longitud": -115.38752,
     "Distance": 1.390089183444523,
     "Pos_date": 1701396517000
}