{
     "Matricula": "13235751DB1148FCD42982232152D28444DC7A0A8CB2EAB8BAC00A92D7E0DEA0",
     "Latitud": 41.366345,
     "Longitud": 2.1163366,
     "Distance": 0.1285083604310324,
     "Pos_date": 1701396501000
}