{
     "Matricula": "7198D7E85E35C8BB2C86973F1BEBE0A202E1A04FE3071B79F9BF1732B759F39B",
     "Latitud": 39.401465,
     "Longitud": -4.684355,
     "Distance": 0.0210466816766496,
     "Pos_date": 1701396525000
}