{
     "Matricula": "09D6BBFFC31C042E82D726ACDF6829F4D525A852C4886D393B2FB8C37FB0A451",
     "Latitud": 37.4157816,
     "Longitud": -5.9844649,
     "Distance": 0.0787839224756923,
     "Pos_date": 1701396527000
}