{
     "Matricula": "D3D181F52F5EE2B6C3D00F9F12CA91F879CA7A6CD66D70D969750129A723856D",
     "Latitud": 35.7325216,
     "Longitud": -5.4486916,
     "Distance": 0.1796529930802776,
     "Pos_date": 1701396527000
}