{
     "Matricula": "1ED85AD5FE9A0543216F4472E689944A7AE066A584B7A2B7E9ED1FD13DF72479",
     "Latitud": 41.067515,
     "Longitud": -8.1510149,
     "Distance": 2.753969364198725,
     "Pos_date": 1701396526000
}