{
     "Matricula": "B81D5D3C0ABD5651D35460611801239A551537387FEDC8EFD43EC51B6EE751A2",
     "Latitud": 18.4942209,
     "Longitud": -69.8132532,
     "Distance": 0.4496458558509221,
     "Pos_date": 1701396334000
}