{
     "Matricula": "B81D5D3C0ABD5651D35460611801239A551537387FEDC8EFD43EC51B6EE751A2",
     "Latitud": 19.4942008,
     "Longitud": -68.8125388,
     "Distance": 0.0753684050242622,
     "Pos_date": 1701396454000
}