{
     "Matricula": "679E1E2CF2BC6497342347D4B137CD3DC0C80EAF38A97781ADB848F40E7923FB",
     "Latitud": 39.6290083,
     "Longitud": 3.3588833,
     "Distance": 0.9036654024443878,
     "Pos_date": 1701396537000
}