{
     "Matricula": "07F0F06AFDDE789E75C987F1E8AF8E5F48E72512AD4FC4FBD22D89D19D0618BC",
     "Latitud": 40.165835,
     "Longitud": -9.620116666666666,
     "Distance": 0.0055928618950427,
     "Pos_date": 1701396547000
}