{
     "Matricula": "39A7C03D597FA1866B013468871534F511F50FC1679C2A121B1A0A2E965C4635",
     "Latitud": 43.8619016,
     "Longitud": -6.1433666,
     "Distance": 0.3360223208729201,
     "Pos_date": 1701389468000
}