{
     "Matricula": "8B0FE8F5A3D03881366DD8F638A5D48BAB1174DC7DAFCA6E48EC624B6E1BFCBB",
     "Latitud": 37.3291783,
     "Longitud": -6.8183333,
     "Distance": 1.4032545350592869,
     "Pos_date": 1701396555000
}