{
     "Matricula": "13235751DB1148FCD42982232152D28444DC7A0A8CB2EAB8BAC00A92D7E0DEA0",
     "Latitud": 40.3657866,
     "Longitud": 1.1137983,
     "Distance": 0.2207394170719138,
     "Pos_date": 1701396553000
}