{
     "Matricula": "9EA75D576149F526833F7F0CAFBFBD2DC701213D1D0C584D073D35F341947388",
     "Latitud": 40.5526716,
     "Longitud": -3.6714241,
     "Distance": 0.032918978979746,
     "Pos_date": 1701396561000
}