{
     "Matricula": "D3D181F52F5EE2B6C3D00F9F12CA91F879CA7A6CD66D70D969750129A723856D",
     "Latitud": 35.733045,
     "Longitud": -5.4471966,
     "Distance": 0.1453849476981027,
     "Pos_date": 1701396560000
}