{
     "Matricula": "D3D181F52F5EE2B6C3D00F9F12CA91F879CA7A6CD66D70D969750129A723856D",
     "Latitud": 37.7328649,
     "Longitud": -3.4472366,
     "Distance": 0.020341005296877,
     "Pos_date": 1701396569000
}