{
     "Matricula": "328FB9834877507F2F4DA3A5F44EADAACDCE9D96096FA0829339C9888A66E2E7",
     "Latitud": 42.2726966,
     "Longitud": -2.9620833,
     "Distance": 0.0,
     "Pos_date": 1701396562010
}