{
     "Matricula": "B3C6B707FF586E09DD4455DAB6DEA799EC9DA501B0181ABE235EC1E192A20E3D",
     "Latitud": 40.7700935,
     "Longitud": 1.6726974,
     "Distance": 0.0013832658712569,
     "Pos_date": 1701396578000
}