{
     "Matricula": "679894276A1A15836A4517559DE4C780456B019AEABB4FBF9E878A1EEB665D57",
     "Latitud": 44.2721366,
     "Longitud": -0.9631783,
     "Distance": 0.0205475028690013,
     "Pos_date": 1701396578820
}