{
     "Matricula": "D3D181F52F5EE2B6C3D00F9F12CA91F879CA7A6CD66D70D969750129A723856D",
     "Latitud": 36.7326399,
     "Longitud": -4.4472533,
     "Distance": 0.0250631170239164,
     "Pos_date": 1701396580000
}