{
     "Matricula": "09D6BBFFC31C042E82D726ACDF6829F4D525A852C4886D393B2FB8C37FB0A451",
     "Latitud": 37.4155183,
     "Longitud": -5.9832933,
     "Distance": 0.1075340288940814,
     "Pos_date": 1701396580000
}