{
     "Matricula": "8881B4F2722D5BAACFBE89FFD848EC76CF11E9745F807AF4E6F99A2F8A55C3DF",
     "Latitud": 40.4860666,
     "Longitud": -3.5913866,
     "Distance": 1.1718198900489964,
     "Pos_date": 1701396581000
}