{
     "Matricula": "242A2619487D11B7DAE7B8DC7730724E8A3708B59E8801E1A5DF010C57736FCD",
     "Latitud": 37.4568316,
     "Longitud": -2.3761816,
     "Distance": 1.2614858756381775,
     "Pos_date": 1701389469000
}