{
     "Matricula": "D3D181F52F5EE2B6C3D00F9F12CA91F879CA7A6CD66D70D969750129A723856D",
     "Latitud": 36.732655,
     "Longitud": -4.44738,
     "Distance": 0.0114151104273533,
     "Pos_date": 1701396586000
}