{
     "Matricula": "563A1BE3BD9674BAEDF45DA863F17BD1B978D922EC74974FB18E03C9762B5E9D",
     "Latitud": 36.6511883,
     "Longitud": -1.929685,
     "Distance": 0.0,
     "Pos_date": 1701396586010
}