{
     "Matricula": "8881B4F2722D5BAACFBE89FFD848EC76CF11E9745F807AF4E6F99A2F8A55C3DF",
     "Latitud": 40.4859583,
     "Longitud": -3.590675,
     "Distance": 0.0613737899227257,
     "Pos_date": 1701396589000
}