{
     "Matricula": "D3D181F52F5EE2B6C3D00F9F12CA91F879CA7A6CD66D70D969750129A723856D",
     "Latitud": 37.7327466,
     "Longitud": -3.44741,
     "Distance": 0.010530489611663,
     "Pos_date": 1701396591000
}