{
     "Matricula": "9DEFC3A62FB03850067A32353B7FD765C84EF7746C5E09E5B1FD037FFF4C2291",
     "Latitud": 37.3440066,
     "Longitud": -6.1414016,
     "Distance": 0.8191192080060804,
     "Pos_date": 1701396590000
}