{
     "Matricula": "1173FF580D7A0102745E9BF6DAB0C15047B3B8DBDCF98EBDF79A99AB849F6D17",
     "Latitud": 41.4682533,
     "Longitud": -2.56974,
     "Distance": 0.0114389521304514,
     "Pos_date": 1701396590000
}