{
     "Matricula": "F0F277EEF5C8728A87E6D8DB3BE1C61B1BF6A0298E08B5EB4F4464F79596D79A",
     "Latitud": 40.4487266,
     "Longitud": 1.2360533,
     "Distance": 0.0897672243010877,
     "Pos_date": 1701396595000
}