{
     "Matricula": "328FB9834877507F2F4DA3A5F44EADAACDCE9D96096FA0829339C9888A66E2E7",
     "Latitud": 44.2728266,
     "Longitud": -0.9619683,
     "Distance": 0.0171942758988833,
     "Pos_date": 1701396573000
}