{
     "Matricula": "328FB9834877507F2F4DA3A5F44EADAACDCE9D96096FA0829339C9888A66E2E7",
     "Latitud": 43.2728016,
     "Longitud": -1.9621116,
     "Distance": 0.0119300952167838,
     "Pos_date": 1701396590000
}