{
     "Matricula": "8881B4F2722D5BAACFBE89FFD848EC76CF11E9745F807AF4E6F99A2F8A55C3DF",
     "Latitud": 39.486055,
     "Longitud": -4.5906633,
     "Distance": 0.0107979956953578,
     "Pos_date": 1701396593000
}