{
     "Matricula": "8881B4F2722D5BAACFBE89FFD848EC76CF11E9745F807AF4E6F99A2F8A55C3DF",
     "Latitud": 41.4861183,
     "Longitud": -2.5909916,
     "Distance": 0.0286429348510743,
     "Pos_date": 1701396595000
}