{
     "Matricula": "2AAAF131A0E7ABB23D076B1EBB444BCECE83D3233F265BB7387B69A85C7DA84D",
     "Latitud": 37.3318916,
     "Longitud": -6.8040816,
     "Distance": 2.96634076220526,
     "Pos_date": 1701396590000
}