{
     "Matricula": "679894276A1A15836A4517559DE4C780456B019AEABB4FBF9E878A1EEB665D57",
     "Latitud": 43.2716983,
     "Longitud": -1.9645183,
     "Distance": 0.1189335560937081,
     "Pos_date": 1701396601765
}