{
     "Matricula": "679894276A1A15836A4517559DE4C780456B019AEABB4FBF9E878A1EEB665D57",
     "Latitud": 44.2715333,
     "Longitud": -0.9646233,
     "Distance": 0.0202209647133941,
     "Pos_date": 1701396604843
}