{
     "Matricula": "8881B4F2722D5BAACFBE89FFD848EC76CF11E9745F807AF4E6F99A2F8A55C3DF",
     "Latitud": 41.48652,
     "Longitud": -2.5912299,
     "Distance": 0.0490030347946236,
     "Pos_date": 1701396604000
}