{
     "Matricula": "1ED85AD5FE9A0543216F4472E689944A7AE066A584B7A2B7E9ED1FD13DF72479",
     "Latitud": 41.0608833,
     "Longitud": -8.1474916,
     "Distance": 0.5725066209185012,
     "Pos_date": 1701396605000
}