{
     "Matricula": "9DEFC3A62FB03850067A32353B7FD765C84EF7746C5E09E5B1FD037FFF4C2291",
     "Latitud": 37.3440616,
     "Longitud": -6.14176,
     "Distance": 0.0322677510802971,
     "Pos_date": 1701396599000
}