{
     "Matricula": "7198D7E85E35C8BB2C86973F1BEBE0A202E1A04FE3071B79F9BF1732B759F39B",
     "Latitud": 40.40148,
     "Longitud": -3.68447,
     "Distance": 0.009879718134522,
     "Pos_date": 1701396612000
}