{
     "Matricula": "F0F277EEF5C8728A87E6D8DB3BE1C61B1BF6A0298E08B5EB4F4464F79596D79A",
     "Latitud": 40.4468133,
     "Longitud": 1.2341816,
     "Distance": 0.263815729388585,
     "Pos_date": 1701396619000
}