{
     "Matricula": "D3D181F52F5EE2B6C3D00F9F12CA91F879CA7A6CD66D70D969750129A723856D",
     "Latitud": 37.7327683,
     "Longitud": -3.4473533,
     "Distance": 0.0055994221252497,
     "Pos_date": 1701396620000
}