{
     "Matricula": "7198D7E85E35C8BB2C86973F1BEBE0A202E1A04FE3071B79F9BF1732B759F39B",
     "Latitud": 40.4015533,
     "Longitud": -3.6841116,
     "Distance": 0.0314238216706166,
     "Pos_date": 1701396622000
}