{
     "Matricula": "5A0441657EC05DA320F373A5EF00D80490BB14853283225899B26A41E11FB993",
     "Latitud": 42.35058,
     "Longitud": -9.3969349,
     "Distance": 0.0164050236652751,
     "Pos_date": 1701389476000
}