{
     "Matricula": "13235751DB1148FCD42982232152D28444DC7A0A8CB2EAB8BAC00A92D7E0DEA0",
     "Latitud": 41.3657766,
     "Longitud": 2.1135933,
     "Distance": 0.0195755362818144,
     "Pos_date": 1701396587000
}