{
     "Matricula": "328FB9834877507F2F4DA3A5F44EADAACDCE9D96096FA0829339C9888A66E2E7",
     "Latitud": 44.2723666,
     "Longitud": -0.96299,
     "Distance": 0.0860068480618846,
     "Pos_date": 1701396617000
}