{
     "Matricula": "2AAAF131A0E7ABB23D076B1EBB444BCECE83D3233F265BB7387B69A85C7DA84D",
     "Latitud": 38.3318116,
     "Longitud": -5.8021716,
     "Distance": 0.1691072868385046,
     "Pos_date": 1701396610000
}