{
     "Matricula": "FF3C59B448620745BF18F32F614A1E7B43B32C7A89545EC541A90558D199D111",
     "Latitud": 39.0141277,
     "Longitud": -3.5633988,
     "Distance": 0.0019083538849788,
     "Pos_date": 1701396634000
}