{
     "Matricula": "328FB9834877507F2F4DA3A5F44EADAACDCE9D96096FA0829339C9888A66E2E7",
     "Latitud": 43.27232,
     "Longitud": -1.96298,
     "Distance": 0.0052445587220748,
     "Pos_date": 1701396621000
}