{
     "Matricula": "328FB9834877507F2F4DA3A5F44EADAACDCE9D96096FA0829339C9888A66E2E7",
     "Latitud": 43.2722316,
     "Longitud": -1.963055,
     "Distance": 0.0115538998344462,
     "Pos_date": 1701396629000
}