{
     "Matricula": "DE270AC86D7A5AF5255D130A15B83A4A5536E712ACBDAC6B87A8638D9EF9B2E6",
     "Latitud": 39.3909416,
     "Longitud": -4.9857766,
     "Distance": 5.019629996545181,
     "Pos_date": 1701396632000
}