{
     "Matricula": "B505798DC7ED76BB9D4538F2F4057A1DF38D96751F3DB4F05EBED09AC13BB45A",
     "Latitud": 36.7086066,
     "Longitud": -7.8711733,
     "Distance": 0.0191197783805988,
     "Pos_date": 1701396633000
}