{
     "Matricula": "A380A614532C7F70201FF7711BE76CD4919A0FD320D3476BECCDECE8CA433C2C",
     "Latitud": 40.3836433,
     "Longitud": -3.4176166,
     "Distance": 0.0103337491561796,
     "Pos_date": 1701396634000
}