{
     "Matricula": "8881B4F2722D5BAACFBE89FFD848EC76CF11E9745F807AF4E6F99A2F8A55C3DF",
     "Latitud": 39.4891666,
     "Longitud": -4.591514999999999,
     "Distance": 0.2952749135200271,
     "Pos_date": 1701396635000
}