{
     "Matricula": "81486AACFBE20A1A64655FD2B79DD456B68E4AB7452D1E1295D6FEDCD52DD526",
     "Latitud": 28.1324766,
     "Longitud": -15.51583,
     "Distance": 5.01651481774338,
     "Pos_date": 1701396602000
}