{
     "Matricula": "19CB2C27AEA2A6C6C4DBAAB759FC3A4D6FC7A80E197BBA6B9814F7F04708C407",
     "Latitud": 42.5031333,
     "Longitud": -8.7817333,
     "Distance": 4.943389350923665,
     "Pos_date": 1701396643000
}