{
     "Matricula": "7198D7E85E35C8BB2C86973F1BEBE0A202E1A04FE3071B79F9BF1732B759F39B",
     "Latitud": 41.4026266,
     "Longitud": -2.685325,
     "Distance": 0.1574810252196746,
     "Pos_date": 1701396642000
}