{
     "Matricula": "26E1DA42B9E0DD85963E740831280367C3F15F22CE9C3F585C57CB52E3BC74B5",
     "Latitud": 37.7324083,
     "Longitud": -3.4285300000000003,
     "Distance": 0.0080648961412512,
     "Pos_date": 1701396645000
}