{
     "Matricula": "26E1DA42B9E0DD85963E740831280367C3F15F22CE9C3F585C57CB52E3BC74B5",
     "Latitud": 35.7324083,
     "Longitud": -5.42853,
     "Distance": 0.0,
     "Pos_date": 1701396645010
}