{
     "Matricula": "4B4758B62B9D82CA301A29C665846D8E4ABCA306D1384720183FFC279252E8EE",
     "Latitud": 37.8051416,
     "Longitud": -5.0593216,
     "Distance": 5.016049892288423,
     "Pos_date": 1701396650000
}