{
     "Matricula": "4CD8D96089ECF07CC668FB8A805D6088E400A136E696D0608323C332DBD949D8",
     "Latitud": 41.3258883,
     "Longitud": -9.7863316,
     "Distance": 0.0187745053927632,
     "Pos_date": 1701396652000
}