{
     "Matricula": "8881B4F2722D5BAACFBE89FFD848EC76CF11E9745F807AF4E6F99A2F8A55C3DF",
     "Latitud": 40.48868,
     "Longitud": -3.5933366,
     "Distance": 0.1632739471024177,
     "Pos_date": 1701396653000
}