{
     "Matricula": "679894276A1A15836A4517559DE4C780456B019AEABB4FBF9E878A1EEB665D57",
     "Latitud": 44.26773,
     "Longitud": -0.9618083,
     "Distance": 0.1969365658586003,
     "Pos_date": 1701396655867
}