{
     "Matricula": "328FB9834877507F2F4DA3A5F44EADAACDCE9D96096FA0829339C9888A66E2E7",
     "Latitud": 44.2711783,
     "Longitud": -0.96497,
     "Distance": 0.19430862509492,
     "Pos_date": 1701396654000
}