{
     "Matricula": "740A75AE1B57C5D8AD420811A655ADB2D3647CE29F2CEF3ADF0DDF5D83C424A6",
     "Latitud": 40.4081116,
     "Longitud": -3.6312633,
     "Distance": 1.9175034129080224,
     "Pos_date": 1701396657000
}