{
     "Matricula": "679894276A1A15836A4517559DE4C780456B019AEABB4FBF9E878A1EEB665D57",
     "Latitud": 43.2675433,
     "Longitud": -1.9617666,
     "Distance": 0.0210328893797968,
     "Pos_date": 1701396660855
}