{
     "Matricula": "E0047EE446AB648BEA8D01836B0FBDBA466C8C19A4EFA5788990BB1D505D5919",
     "Latitud": 41.121631666666666,
     "Longitud": 1.1927666666666668,
     "Distance": 0.008269309906659,
     "Pos_date": 1701396662000
}