{
     "Matricula": "39A7C03D597FA1866B013468871534F511F50FC1679C2A121B1A0A2E965C4635",
     "Latitud": 43.3745383,
     "Longitud": -8.1134783,
     "Distance": 0.1286497316936458,
     "Pos_date": 1701395933000
}