{
     "Matricula": "39A7C03D597FA1866B013468871534F511F50FC1679C2A121B1A0A2E965C4635",
     "Latitud": 44.3751083,
     "Longitud": -7.1027133,
     "Distance": 0.7600734204465162,
     "Pos_date": 1701396012000
}