{
     "Matricula": "679894276A1A15836A4517559DE4C780456B019AEABB4FBF9E878A1EEB665D57",
     "Latitud": 42.2675683,
     "Longitud": -2.961615,
     "Distance": 0.0125855820653665,
     "Pos_date": 1701396663867
}