{
     "Matricula": "DE270AC86D7A5AF5255D130A15B83A4A5536E712ACBDAC6B87A8638D9EF9B2E6",
     "Latitud": 41.3928816,
     "Longitud": -2.99256,
     "Distance": 0.6136487420184726,
     "Pos_date": 1701396661000
}