{
     "Matricula": "5E8EDF55BA6EF0E4F0D8E0EF7C9407FED69E720B6E274B80EF7A80193A73B1B4",
     "Latitud": 43.397595,
     "Longitud": -4.6576866,
     "Distance": 1.945589095585996,
     "Pos_date": 1701389483000
}