{
     "Matricula": "1ED85AD5FE9A0543216F4472E689944A7AE066A584B7A2B7E9ED1FD13DF72479",
     "Latitud": 41.0576366,
     "Longitud": -8.1474566,
     "Distance": 0.2036514943881911,
     "Pos_date": 1701396662000
}