{
     "Matricula": "07F0F06AFDDE789E75C987F1E8AF8E5F48E72512AD4FC4FBD22D89D19D0618BC",
     "Latitud": 41.165835,
     "Longitud": -8.6202,
     "Distance": 0.0021744880615179,
     "Pos_date": 1701396667000
}