{
     "Matricula": "26E1DA42B9E0DD85963E740831280367C3F15F22CE9C3F585C57CB52E3BC74B5",
     "Latitud": 37.7322783,
     "Longitud": -3.4286433,
     "Distance": 0.017632459692865,
     "Pos_date": 1701396668000
}