{
     "Matricula": "4CD8D96089ECF07CC668FB8A805D6088E400A136E696D0608323C332DBD949D8",
     "Latitud": 41.32617,
     "Longitud": -9.78625,
     "Distance": 0.0320339249539673,
     "Pos_date": 1701396667000
}