{
     "Matricula": "DE270AC86D7A5AF5255D130A15B83A4A5536E712ACBDAC6B87A8638D9EF9B2E6",
     "Latitud": 40.3928966,
     "Longitud": -3.9936433,
     "Distance": 0.0917579491540433,
     "Pos_date": 1701396671000
}