{
     "Matricula": "4B2ABF0EECD4EEA20AD134D94167F32BEDAEC963E4A9BEE5AED0D23F3CC5C92E",
     "Latitud": 46.3866499,
     "Longitud": 11.7364666,
     "Distance": 0.0,
     "Pos_date": 1701396668000
}