{
     "Matricula": "B552A6A633BDA3272B8840DEFAFA97AF693265E69D46098DB86823F714D205DF",
     "Latitud": 44.459795,
     "Longitud": -2.8256733,
     "Distance": 1.280686544850348,
     "Pos_date": 1701396671000
}