{
     "Matricula": "81486AACFBE20A1A64655FD2B79DD456B68E4AB7452D1E1295D6FEDCD52DD526",
     "Latitud": 28.1449883,
     "Longitud": -15.51479,
     "Distance": 1.3949717471883378,
     "Pos_date": 1701396667000
}