{
     "Matricula": "242A2619487D11B7DAE7B8DC7730724E8A3708B59E8801E1A5DF010C57736FCD",
     "Latitud": 39.4554816,
     "Longitud": -0.3748833,
     "Distance": 0.1869721244497838,
     "Pos_date": 1701389483000
}