{
     "Matricula": "B19E3062074233B34F88B5CB0C9BEC74F6451377456E77C00BE1D3F857BD3C21",
     "Latitud": 40.3567716,
     "Longitud": 1.1615816,
     "Distance": 3.6017689794254286,
     "Pos_date": 1701396666000
}