{
     "Matricula": "EB34054A93943641A4E6CBD287B277F5D4D8F767AF834440B2BBCB8F2C2AF036",
     "Latitud": 18.3357879,
     "Longitud": -71.9354644,
     "Distance": 0.053537122220785,
     "Pos_date": 1701396494000
}