{
     "Matricula": "EB34054A93943641A4E6CBD287B277F5D4D8F767AF834440B2BBCB8F2C2AF036",
     "Latitud": 18.3360671,
     "Longitud": -71.9364151,
     "Distance": 0.1044698366263229,
     "Pos_date": 1701396524000
}