{
     "Matricula": "EB34054A93943641A4E6CBD287B277F5D4D8F767AF834440B2BBCB8F2C2AF036",
     "Latitud": 20.3378234,
     "Longitud": -69.9371622,
     "Distance": 0.2104365141179525,
     "Pos_date": 1701396578000
}