{
     "Matricula": "EB34054A93943641A4E6CBD287B277F5D4D8F767AF834440B2BBCB8F2C2AF036",
     "Latitud": 20.3378491,
     "Longitud": -69.9410687,
     "Distance": 0.4098867007678422,
     "Pos_date": 1701396614000
}