{
     "Matricula": "EB34054A93943641A4E6CBD287B277F5D4D8F767AF834440B2BBCB8F2C2AF036",
     "Latitud": 20.3394153,
     "Longitud": -69.9435714,
     "Distance": 0.3150890445275227,
     "Pos_date": 1701396643000
}