{
     "Matricula": "4CD8D96089ECF07CC668FB8A805D6088E400A136E696D0608323C332DBD949D8",
     "Latitud": 43.3263066,
     "Longitud": -7.7862116,
     "Distance": 0.0155138266062186,
     "Pos_date": 1701396673000
}