{
     "Matricula": "9EA75D576149F526833F7F0CAFBFBD2DC701213D1D0C584D073D35F341947388",
     "Latitud": 40.5530099,
     "Longitud": -3.6711971,
     "Distance": 0.0422241120276665,
     "Pos_date": 1701396681000
}