{
     "Matricula": "9EA75D576149F526833F7F0CAFBFBD2DC701213D1D0C584D073D35F341947388",
     "Latitud": 40.5530151,
     "Longitud": -3.6712561,
     "Distance": 0.0050181301237207,
     "Pos_date": 1701396684000
}