{
     "Matricula": "26E1DA42B9E0DD85963E740831280367C3F15F22CE9C3F585C57CB52E3BC74B5",
     "Latitud": 36.7323833,
     "Longitud": -4.4287333,
     "Distance": 0.0141648989975633,
     "Pos_date": 1701396679000
}