{
     "Matricula": "242A2619487D11B7DAE7B8DC7730724E8A3708B59E8801E1A5DF010C57736FCD",
     "Latitud": 39.4552633,
     "Longitud": -0.3747366,
     "Distance": 0.0,
     "Pos_date": 1701389483010
}