{
     "Matricula": "9DEFC3A62FB03850067A32353B7FD765C84EF7746C5E09E5B1FD037FFF4C2291",
     "Latitud": 37.3422433,
     "Longitud": -6.1422116,
     "Distance": 0.2060897293918135,
     "Pos_date": 1701396683000
}