{
     "Matricula": "8881B4F2722D5BAACFBE89FFD848EC76CF11E9745F807AF4E6F99A2F8A55C3DF",
     "Latitud": 40.48447,
     "Longitud": -3.5927416,
     "Distance": 0.4708279289377455,
     "Pos_date": 1701396687000
}