{
     "Matricula": "E9D8202FBEF52727BC67129BD6FC9DE7B287E32CB5AAEC3F3995640AD3ECE32E",
     "Latitud": 31.609578300000003,
     "Longitud": -116.3593533,
     "Distance": 1.529747094515842,
     "Pos_date": 1701396687000
}