{
     "Matricula": "B3C6B707FF586E09DD4455DAB6DEA799EC9DA501B0181ABE235EC1E192A20E3D",
     "Latitud": 41.7723772,
     "Longitud": 2.6731878,
     "Distance": 0.0044924518640329,
     "Pos_date": 1701389491000
}