{
     "Matricula": "3F2BF0F9BC0EDF81585748F2BB7A9277D3ABDF4C4987EE6E7F096A42B1549327",
     "Latitud": 40.568965,
     "Longitud": 4.3562516,
     "Distance": 4.9153715791918815,
     "Pos_date": 1701396684000
}