{
     "Matricula": "09D6BBFFC31C042E82D726ACDF6829F4D525A852C4886D393B2FB8C37FB0A451",
     "Latitud": 36.4135283,
     "Longitud": -6.9840133,
     "Distance": 0.2302337735658725,
     "Pos_date": 1701396689000
}