{
     "Matricula": "B3C6B707FF586E09DD4455DAB6DEA799EC9DA501B0181ABE235EC1E192A20E3D",
     "Latitud": 42.7701059,
     "Longitud": 3.672751,
     "Distance": 0.0046540856440749,
     "Pos_date": 1701396698000
}