{
     "Matricula": "E9D8202FBEF52727BC67129BD6FC9DE7B287E32CB5AAEC3F3995640AD3ECE32E",
     "Latitud": 32.6098916,
     "Longitud": -115.3595633,
     "Distance": 0.0400069029342404,
     "Pos_date": 1701396695000
}