{
     "Matricula": "19CB2C27AEA2A6C6C4DBAAB759FC3A4D6FC7A80E197BBA6B9814F7F04708C407",
     "Latitud": 43.4934433,
     "Longitud": -7.7752266,
     "Distance": 1.2023006030962058,
     "Pos_date": 1701396695000
}