{
     "Matricula": "4CD8D96089ECF07CC668FB8A805D6088E400A136E696D0608323C332DBD949D8",
     "Latitud": 42.3250316,
     "Longitud": -8.7852266,
     "Distance": 0.1337133299537034,
     "Pos_date": 1701396697000
}