{
     "Matricula": "9C068A3867FCD608DB8B947A1F23EC1208950C18E3EF0B746E9B2F4310CE4883",
     "Latitud": 37.3543433,
     "Longitud": -6.3898083,
     "Distance": 0.2283275207324695,
     "Pos_date": 1701389474000
}