{
     "Matricula": "1F4B95AF5D5AE4472CBFF63824B09DB03C5673705A9ADEE5E1BA26E111E86370",
     "Latitud": 37.3715383,
     "Longitud": -5.8824149,
     "Distance": 5.009280481457532,
     "Pos_date": 1701396699000
}