{
     "Matricula": "76EC2FC54BFD61A8798D9B089470DAA7679F072C642E6E7A66E72EE7F5FDB2FB",
     "Latitud": 43.6851333,
     "Longitud": -7.523135,
     "Distance": 14.61873956798123,
     "Pos_date": 1701396698000
}