{
     "Matricula": "19CB2C27AEA2A6C6C4DBAAB759FC3A4D6FC7A80E197BBA6B9814F7F04708C407",
     "Latitud": 42.493145,
     "Longitud": -8.7747666,
     "Distance": 0.0502262944522418,
     "Pos_date": 1701396701000
}