{
     "Matricula": "DE270AC86D7A5AF5255D130A15B83A4A5536E712ACBDAC6B87A8638D9EF9B2E6",
     "Latitud": 41.3886083,
     "Longitud": -2.9949466,
     "Distance": 0.4894462027506342,
     "Pos_date": 1701396699000
}