{
     "Matricula": "7198D7E85E35C8BB2C86973F1BEBE0A202E1A04FE3071B79F9BF1732B759F39B",
     "Latitud": 39.403065,
     "Longitud": -4.6860966,
     "Distance": 0.0815176438490216,
     "Pos_date": 1701396702000
}