{
     "Matricula": "740A75AE1B57C5D8AD420811A655ADB2D3647CE29F2CEF3ADF0DDF5D83C424A6",
     "Latitud": 42.4075666,
     "Longitud": -1.6316465999999998,
     "Distance": 0.0687442290930183,
     "Pos_date": 1701396703000
}