{
     "Matricula": "328FB9834877507F2F4DA3A5F44EADAACDCE9D96096FA0829339C9888A66E2E7",
     "Latitud": 42.2675549,
     "Longitud": -2.9616016,
     "Distance": 0.4865288705527064,
     "Pos_date": 1701396703000
}