{
     "Matricula": "679894276A1A15836A4517559DE4C780456B019AEABB4FBF9E878A1EEB665D57",
     "Latitud": 42.2683833,
     "Longitud": -2.9581633,
     "Distance": 0.2938009630410848,
     "Pos_date": 1701396697867
}