{
     "Matricula": "679894276A1A15836A4517559DE4C780456B019AEABB4FBF9E878A1EEB665D57",
     "Latitud": 43.2683433,
     "Longitud": -1.9578483,
     "Distance": 0.0258894833941479,
     "Pos_date": 1701396702859
}