{
     "Matricula": "216988BB419507DFAB380C71C4795482CA90FC861D4C361F913B93203A57F5F6",
     "Latitud": 32.6143216,
     "Longitud": -115.3532533,
     "Distance": 2.919475357074662,
     "Pos_date": 1701396706000
}