{
     "Matricula": "4CD8D96089ECF07CC668FB8A805D6088E400A136E696D0608323C332DBD949D8",
     "Latitud": 42.3255399,
     "Longitud": -8.78468,
     "Distance": 0.0722067871673488,
     "Pos_date": 1701396706000
}