{
     "Matricula": "26E1DA42B9E0DD85963E740831280367C3F15F22CE9C3F585C57CB52E3BC74B5",
     "Latitud": 36.73327,
     "Longitud": -4.4298916,
     "Distance": 0.1190856520076504,
     "Pos_date": 1701396711000
}