{
     "Matricula": "26E1DA42B9E0DD85963E740831280367C3F15F22CE9C3F585C57CB52E3BC74B5",
     "Latitud": 37.733335,
     "Longitud": -3.429755,
     "Distance": 0.014157100754513,
     "Pos_date": 1701396714000
}