{
     "Matricula": "9EA75D576149F526833F7F0CAFBFBD2DC701213D1D0C584D073D35F341947388",
     "Latitud": 40.5527949,
     "Longitud": -3.6713244,
     "Distance": 0.0251559313402337,
     "Pos_date": 1701396719000
}