{
     "Matricula": "1173FF580D7A0102745E9BF6DAB0C15047B3B8DBDCF98EBDF79A99AB849F6D17",
     "Latitud": 39.4701333,
     "Longitud": -4.5741133000000005,
     "Distance": 0.4249252147438444,
     "Pos_date": 1701396711000
}