{
     "Matricula": "819E6C37F3BADB27EB7E184F15B91B3B5C093D8FD55FF4082DDA5939D8713135",
     "Latitud": 39.9263633,
     "Longitud": 8.579095,
     "Distance": 0.0024768263179224,
     "Pos_date": 1701389467000
}