{
     "Matricula": "1173FF580D7A0102745E9BF6DAB0C15047B3B8DBDCF98EBDF79A99AB849F6D17",
     "Latitud": 39.4705033,
     "Longitud": -4.573705,
     "Distance": 0.0537176107597737,
     "Pos_date": 1701396721000
}