{
     "Matricula": "679894276A1A15836A4517559DE4C780456B019AEABB4FBF9E878A1EEB665D57",
     "Latitud": 43.26907,
     "Longitud": -1.9563466,
     "Distance": 0.1459896460304677,
     "Pos_date": 1701396722851
}