{
     "Matricula": "4CD8D96089ECF07CC668FB8A805D6088E400A136E696D0608323C332DBD949D8",
     "Latitud": 42.3258466,
     "Longitud": -8.7847999,
     "Distance": 0.0354994412637618,
     "Pos_date": 1701396711000
}