{
     "Matricula": "4CD8D96089ECF07CC668FB8A805D6088E400A136E696D0608323C332DBD949D8",
     "Latitud": 41.3259983,
     "Longitud": -9.78434,
     "Distance": 0.0414004167678073,
     "Pos_date": 1701396723000
}