{
     "Matricula": "679894276A1A15836A4517559DE4C780456B019AEABB4FBF9E878A1EEB665D57",
     "Latitud": 42.269205,
     "Longitud": -2.9564483,
     "Distance": 0.0171214088100612,
     "Pos_date": 1701396725867
}