{
     "Matricula": "07F0F06AFDDE789E75C987F1E8AF8E5F48E72512AD4FC4FBD22D89D19D0618BC",
     "Latitud": 41.16582666666667,
     "Longitud": -8.620183333333333,
     "Distance": 0.0016748299727832,
     "Pos_date": 1701396727000
}