{
     "Matricula": "328FB9834877507F2F4DA3A5F44EADAACDCE9D96096FA0829339C9888A66E2E7",
     "Latitud": 43.268385,
     "Longitud": -1.9580966,
     "Distance": 0.2984241462596422,
     "Pos_date": 1701396729000
}