{
     "Matricula": "1FE60CE123FE31D1895941F5902C518E1368095294E9D5414FD1ADB8D0D07BF1",
     "Latitud": 42.46584,
     "Longitud": -1.6356666,
     "Distance": 0.0035248840440427,
     "Pos_date": 1701396736000
}