{
     "Matricula": "819E6C37F3BADB27EB7E184F15B91B3B5C093D8FD55FF4082DDA5939D8713135",
     "Latitud": 38.9263633,
     "Longitud": 7.579095000000001,
     "Distance": 0.0,
     "Pos_date": 1701389467010
}