{
     "Matricula": "4CD8D96089ECF07CC668FB8A805D6088E400A136E696D0608323C332DBD949D8",
     "Latitud": 42.3259583,
     "Longitud": -8.7834183,
     "Distance": 0.0759028331905395,
     "Pos_date": 1701396736000
}