{
     "Matricula": "9EA75D576149F526833F7F0CAFBFBD2DC701213D1D0C584D073D35F341947388",
     "Latitud": 40.5525848,
     "Longitud": -3.6710869,
     "Distance": 0.0307963873816176,
     "Pos_date": 1701396743000
}