{
     "Matricula": "216988BB419507DFAB380C71C4795482CA90FC861D4C361F913B93203A57F5F6",
     "Latitud": 33.614285,
     "Longitud": -114.359605,
     "Distance": 0.5949243263427816,
     "Pos_date": 1701396743000
}