{
     "Matricula": "B376D69E11972366C72E37CBE81B7693F0A20F60788484249732048A390468A6",
     "Latitud": 36.8871683,
     "Longitud": -5.7639183,
     "Distance": 1.0239739370512928,
     "Pos_date": 1701396742000
}