{
     "Matricula": "4CD8D96089ECF07CC668FB8A805D6088E400A136E696D0608323C332DBD949D8",
     "Latitud": 43.3262083,
     "Longitud": -7.782901600000001,
     "Distance": 0.0507652619043097,
     "Pos_date": 1701396743000
}