{
     "Matricula": "41C7062648C8DBF0EA80651CFD608A92D98013F7F67CBC4C2A89D526D8AC9F16",
     "Latitud": 54.0153188,
     "Longitud": -2.6331396,
     "Distance": 0.0077439713996236,
     "Pos_date": 1701396534000
}