{
     "Matricula": "679894276A1A15836A4517559DE4C780456B019AEABB4FBF9E878A1EEB665D57",
     "Latitud": 43.2706833,
     "Longitud": -1.9570566,
     "Distance": 0.1715993241857958,
     "Pos_date": 1701396745871
}