{
     "Matricula": "819E6C37F3BADB27EB7E184F15B91B3B5C093D8FD55FF4082DDA5939D8713135",
     "Latitud": 41.9264083,
     "Longitud": 10.5791283,
     "Distance": 0.0057533393080649,
     "Pos_date": 1701389484000
}