{
     "Matricula": "FF3C59B448620745BF18F32F614A1E7B43B32C7A89545EC541A90558D199D111",
     "Latitud": 38.0140951,
     "Longitud": -4.5634259,
     "Distance": 0.0048362379444541,
     "Pos_date": 1701396754000
}