{
     "Matricula": "679E1E2CF2BC6497342347D4B137CD3DC0C80EAF38A97781ADB848F40E7923FB",
     "Latitud": 39.6227583,
     "Longitud": 3.34923,
     "Distance": 1.0800524275116403,
     "Pos_date": 1701396604000
}