{
     "Matricula": "09D6BBFFC31C042E82D726ACDF6829F4D525A852C4886D393B2FB8C37FB0A451",
     "Latitud": 36.4135383,
     "Longitud": -6.9918349,
     "Distance": 0.6907971189131622,
     "Pos_date": 1701396754000
}