{
     "Matricula": "E9D8202FBEF52727BC67129BD6FC9DE7B287E32CB5AAEC3F3995640AD3ECE32E",
     "Latitud": 32.6099433,
     "Longitud": -115.3642683,
     "Distance": 0.4407369214265091,
     "Pos_date": 1701396755000
}