{
     "Matricula": "328FB9834877507F2F4DA3A5F44EADAACDCE9D96096FA0829339C9888A66E2E7",
     "Latitud": 42.268475,
     "Longitud": -2.9576699,
     "Distance": 0.0359687517761448,
     "Pos_date": 1701396735000
}