{
     "Matricula": "D9D9D59026E4C7569F2B1ED821BDDCFDB7CC5CA4D82B4EBC06EB64696AEE3346",
     "Latitud": 32.6259883,
     "Longitud": -115.3875283,
     "Distance": 0.2879963067732597,
     "Pos_date": 1701396757000
}