{
     "Matricula": "F0F277EEF5C8728A87E6D8DB3BE1C61B1BF6A0298E08B5EB4F4464F79596D79A",
     "Latitud": 39.4265516,
     "Longitud": 0.2157865999999999,
     "Distance": 2.725333176527474,
     "Pos_date": 1701396758000
}