{
     "Matricula": "26E1DA42B9E0DD85963E740831280367C3F15F22CE9C3F585C57CB52E3BC74B5",
     "Latitud": 36.7329766,
     "Longitud": -4.4249433,
     "Distance": 0.4306427858812778,
     "Pos_date": 1701396758000
}