{
     "Matricula": "819E6C37F3BADB27EB7E184F15B91B3B5C093D8FD55FF4082DDA5939D8713135",
     "Latitud": 40.9264566,
     "Longitud": 9.5791233,
     "Distance": 0.0053876193271427,
     "Pos_date": 1701389487000
}