{
     "Matricula": "740A75AE1B57C5D8AD420811A655ADB2D3647CE29F2CEF3ADF0DDF5D83C424A6",
     "Latitud": 41.4049366,
     "Longitud": -2.6249966,
     "Distance": 0.6344803331954703,
     "Pos_date": 1701396760000
}