{
     "Matricula": "4CD8D96089ECF07CC668FB8A805D6088E400A136E696D0608323C332DBD949D8",
     "Latitud": 41.3264316,
     "Longitud": -9.782345,
     "Distance": 0.0520602643270755,
     "Pos_date": 1701396760000
}