{
     "Matricula": "328FB9834877507F2F4DA3A5F44EADAACDCE9D96096FA0829339C9888A66E2E7",
     "Latitud": 43.2694316,
     "Longitud": -1.9566283,
     "Distance": 0.1357448901072752,
     "Pos_date": 1701396759000
}