{
     "Matricula": "4CD8D96089ECF07CC668FB8A805D6088E400A136E696D0608323C332DBD949D8",
     "Latitud": 41.3265133,
     "Longitud": -9.7821616,
     "Distance": 0.0176025325969873,
     "Pos_date": 1701396765000
}