{
     "Matricula": "B81D5D3C0ABD5651D35460611801239A551537387FEDC8EFD43EC51B6EE751A2",
     "Latitud": 17.494199,
     "Longitud": -70.8125513,
     "Distance": 0.0013332652589728,
     "Pos_date": 1701396538000
}