{
     "Matricula": "2AAAF131A0E7ABB23D076B1EBB444BCECE83D3233F265BB7387B69A85C7DA84D",
     "Latitud": 36.3316366,
     "Longitud": -7.8022566,
     "Distance": 0.0,
     "Pos_date": 1701396775010
}