{
     "Matricula": "E9D8202FBEF52727BC67129BD6FC9DE7B287E32CB5AAEC3F3995640AD3ECE32E",
     "Latitud": 32.6119066,
     "Longitud": -115.3641533,
     "Distance": 0.2185748748737187,
     "Pos_date": 1701396779000
}