{
     "Matricula": "184DBED595C6F20AB530A4BE4CBCF519BB96DD91510E147A00E67492DBD8EDE6",
     "Latitud": 37.1788266,
     "Longitud": -3.61254,
     "Distance": 0.0,
     "Pos_date": 1701396784000
}