{
     "Matricula": "07F0F06AFDDE789E75C987F1E8AF8E5F48E72512AD4FC4FBD22D89D19D0618BC",
     "Latitud": 41.16575,
     "Longitud": -8.620133333333333,
     "Distance": 0.0094969828302916,
     "Pos_date": 1701396787000
}