{
     "Matricula": "679894276A1A15836A4517559DE4C780456B019AEABB4FBF9E878A1EEB665D57",
     "Latitud": 43.2755066,
     "Longitud": -1.9589733,
     "Distance": 0.5583250191520435,
     "Pos_date": 1701396781773
}