{
     "Matricula": "1ED85AD5FE9A0543216F4472E689944A7AE066A584B7A2B7E9ED1FD13DF72479",
     "Latitud": 41.0613583,
     "Longitud": -8.136836599999999,
     "Distance": 0.9695123939775512,
     "Pos_date": 1701396789000
}