{
     "Matricula": "B376D69E11972366C72E37CBE81B7693F0A20F60788484249732048A390468A6",
     "Latitud": 37.8856483,
     "Longitud": -4.7652299,
     "Distance": 0.2044884284229683,
     "Pos_date": 1701396791000
}