{
     "Matricula": "9EA75D576149F526833F7F0CAFBFBD2DC701213D1D0C584D073D35F341947388",
     "Latitud": 41.5522479,
     "Longitud": -2.6704584,
     "Distance": 0.0649847038501734,
     "Pos_date": 1701396801000
}