{
     "Matricula": "4CD8D96089ECF07CC668FB8A805D6088E400A136E696D0608323C332DBD949D8",
     "Latitud": 43.3263733,
     "Longitud": -7.7816233,
     "Distance": 0.0266600929299778,
     "Pos_date": 1701396795000
}