{
     "Matricula": "3F2BF0F9BC0EDF81585748F2BB7A9277D3ABDF4C4987EE6E7F096A42B1549327",
     "Latitud": 40.5477116,
     "Longitud": 4.3395266,
     "Distance": 2.764215009178184,
     "Pos_date": 1701396799000
}