{
     "Matricula": "19CB2C27AEA2A6C6C4DBAAB759FC3A4D6FC7A80E197BBA6B9814F7F04708C407",
     "Latitud": 43.5000749,
     "Longitud": -7.76702,
     "Distance": 0.1561682068792261,
     "Pos_date": 1701396801000
}