{
     "Matricula": "9C068A3867FCD608DB8B947A1F23EC1208950C18E3EF0B746E9B2F4310CE4883",
     "Latitud": 37.3507233,
     "Longitud": -6.3903549,
     "Distance": 0.3901959160322074,
     "Pos_date": 1701389495000
}