{
     "Matricula": "81486AACFBE20A1A64655FD2B79DD456B68E4AB7452D1E1295D6FEDCD52DD526",
     "Latitud": 28.1485133,
     "Longitud": -15.5397699,
     "Distance": 2.4803307047908176,
     "Pos_date": 1701396804000
}