{
     "Matricula": "4B4758B62B9D82CA301A29C665846D8E4ABCA306D1384720183FFC279252E8EE",
     "Latitud": 38.8448,
     "Longitud": -4.0314716,
     "Distance": 5.026640572344392,
     "Pos_date": 1701396803000
}