{
     "Matricula": "5BC2BF3A6350B344B8AD981186F5899D941076D982A6083C182A13D3F6B376DD",
     "Latitud": 18.6875102,
     "Longitud": -68.4849243,
     "Distance": 0.0567089958951835,
     "Pos_date": 1701396809000
}