{
     "Matricula": "19CB2C27AEA2A6C6C4DBAAB759FC3A4D6FC7A80E197BBA6B9814F7F04708C407",
     "Latitud": 40.5001416,
     "Longitud": -10.7671049,
     "Distance": 0.0101711539488308,
     "Pos_date": 1701396807000
}