{
     "Matricula": "2AAAF131A0E7ABB23D076B1EBB444BCECE83D3233F265BB7387B69A85C7DA84D",
     "Latitud": 37.3316733,
     "Longitud": -6.8021566,
     "Distance": 0.0097378854638614,
     "Pos_date": 1701396802000
}