{
     "Matricula": "4CD8D96089ECF07CC668FB8A805D6088E400A136E696D0608323C332DBD949D8",
     "Latitud": 41.3264466,
     "Longitud": -9.7817116,
     "Distance": 0.0109144827823998,
     "Pos_date": 1701396807000
}