{
     "Matricula": "679894276A1A15836A4517559DE4C780456B019AEABB4FBF9E878A1EEB665D57",
     "Latitud": 42.279855,
     "Longitud": -2.9590866,
     "Distance": 0.4836076744487991,
     "Pos_date": 1701396811703
}