{
     "Matricula": "679894276A1A15836A4517559DE4C780456B019AEABB4FBF9E878A1EEB665D57",
     "Latitud": 43.2811216,
     "Longitud": -1.9590366,
     "Distance": 0.1408978368796136,
     "Pos_date": 1701396813804
}