{
     "Matricula": "FF3C59B448620745BF18F32F614A1E7B43B32C7A89545EC541A90558D199D111",
     "Latitud": 39.014094,
     "Longitud": -3.5633965,
     "Distance": 0.0025785213155429,
     "Pos_date": 1701396814000
}