{
     "Matricula": "B3C6B707FF586E09DD4455DAB6DEA799EC9DA501B0181ABE235EC1E192A20E3D",
     "Latitud": 42.770153,
     "Longitud": 3.672759,
     "Distance": 0.0052791439870251,
     "Pos_date": 1701396818000
}