{
     "Matricula": "B3C6B707FF586E09DD4455DAB6DEA799EC9DA501B0181ABE235EC1E192A20E3D",
     "Latitud": 42.7701377,
     "Longitud": 3.6727654,
     "Distance": 0.0017821560315919,
     "Pos_date": 1701396821000
}