{
     "Matricula": "A14E8BE45CB9F9B1B8F8BFBED680BCFE79912B7C935C4B9D80F36FCAEC9F3A48",
     "Latitud": 38.6809083,
     "Longitud": -4.0552466,
     "Distance": 0.0111428241403156,
     "Pos_date": 1701396808000
}