{
     "Matricula": "8881B4F2722D5BAACFBE89FFD848EC76CF11E9745F807AF4E6F99A2F8A55C3DF",
     "Latitud": 39.4794549,
     "Longitud": -4.5766216,
     "Distance": 1.473006705251098,
     "Pos_date": 1701396819000
}