{
     "Matricula": "1ED85AD5FE9A0543216F4472E689944A7AE066A584B7A2B7E9ED1FD13DF72479",
     "Latitud": 43.0631716,
     "Longitud": -6.1352033,
     "Distance": 0.2425590508045161,
     "Pos_date": 1701396818000
}