{
     "Matricula": "5BC2BF3A6350B344B8AD981186F5899D941076D982A6083C182A13D3F6B376DD",
     "Latitud": 19.6866208,
     "Longitud": -67.4849377,
     "Distance": 0.0989069761129333,
     "Pos_date": 1701396825000
}