{
     "Matricula": "5E8EDF55BA6EF0E4F0D8E0EF7C9407FED69E720B6E274B80EF7A80193A73B1B4",
     "Latitud": 43.3956033,
     "Longitud": -4.6563549,
     "Distance": 0.2462207617844029,
     "Pos_date": 1701389500000
}