{
     "Matricula": "4CD8D96089ECF07CC668FB8A805D6088E400A136E696D0608323C332DBD949D8",
     "Latitud": 42.3263966,
     "Longitud": -8.7817616,
     "Distance": 0.0069142309735026,
     "Pos_date": 1701396826000
}