{
     "Matricula": "5BC2BF3A6350B344B8AD981186F5899D941076D982A6083C182A13D3F6B376DD",
     "Latitud": 18.6865729,
     "Longitud": -68.4849918,
     "Distance": 0.0078001435138495,
     "Pos_date": 1701396829000
}