{
     "Matricula": "679E1E2CF2BC6497342347D4B137CD3DC0C80EAF38A97781ADB848F40E7923FB",
     "Latitud": 39.6099316,
     "Longitud": 3.2992916,
     "Distance": 4.509090170755942,
     "Pos_date": 1701396800000
}