{
     "Matricula": "679E1E2CF2BC6497342347D4B137CD3DC0C80EAF38A97781ADB848F40E7923FB",
     "Latitud": 40.6100949,
     "Longitud": 4.2985983,
     "Distance": 0.062105277083754,
     "Pos_date": 1701396808000
}