{
     "Matricula": "679E1E2CF2BC6497342347D4B137CD3DC0C80EAF38A97781ADB848F40E7923FB",
     "Latitud": 39.6097333,
     "Longitud": 3.2985633,
     "Distance": 0.0403197750492192,
     "Pos_date": 1701396812000
}