{
     "Matricula": "679E1E2CF2BC6497342347D4B137CD3DC0C80EAF38A97781ADB848F40E7923FB",
     "Latitud": 39.6072133,
     "Longitud": 3.29675,
     "Distance": 0.320388725349103,
     "Pos_date": 1701396829000
}