{
     "Matricula": "B552A6A633BDA3272B8840DEFAFA97AF693265E69D46098DB86823F714D205DF",
     "Latitud": 44.45966,
     "Longitud": -2.826325,
     "Distance": 0.0547000040241581,
     "Pos_date": 1701396833000
}