{
     "Matricula": "1ED85AD5FE9A0543216F4472E689944A7AE066A584B7A2B7E9ED1FD13DF72479",
     "Latitud": 42.0631883,
     "Longitud": -7.1335433,
     "Distance": 0.1370488232199072,
     "Pos_date": 1701396836000
}