{
     "Matricula": "5A0441657EC05DA320F373A5EF00D80490BB14853283225899B26A41E11FB993",
     "Latitud": 41.3508766,
     "Longitud": -10.3972733,
     "Distance": 0.0428531681948868,
     "Pos_date": 1701389500000
}