{
     "Matricula": "9EA75D576149F526833F7F0CAFBFBD2DC701213D1D0C584D073D35F341947388",
     "Latitud": 40.5521388,
     "Longitud": -3.6706541,
     "Distance": 0.0205073374681228,
     "Pos_date": 1701396844000
}