{
     "Matricula": "4CD8D96089ECF07CC668FB8A805D6088E400A136E696D0608323C332DBD949D8",
     "Latitud": 40.3265916,
     "Longitud": -10.781805,
     "Distance": 0.0219746187043941,
     "Pos_date": 1701396836000
}