{
     "Matricula": "E9D8202FBEF52727BC67129BD6FC9DE7B287E32CB5AAEC3F3995640AD3ECE32E",
     "Latitud": 32.613285,
     "Longitud": -115.3619083,
     "Distance": 0.2602064105289161,
     "Pos_date": 1701396849000
}