{
     "Matricula": "B376D69E11972366C72E37CBE81B7693F0A20F60788484249732048A390468A6",
     "Latitud": 38.8801833,
     "Longitud": -3.7682333,
     "Distance": 0.6623851342356406,
     "Pos_date": 1701396849000
}