{
     "Matricula": "9EA75D576149F526833F7F0CAFBFBD2DC701213D1D0C584D073D35F341947388",
     "Latitud": 40.552272,
     "Longitud": -3.67103,
     "Distance": 0.0350427944356111,
     "Pos_date": 1701396855000
}