{
     "Matricula": "4CD8D96089ECF07CC668FB8A805D6088E400A136E696D0608323C332DBD949D8",
     "Latitud": 43.3263683,
     "Longitud": -7.782095,
     "Distance": 0.0344222771240258,
     "Pos_date": 1701396851000
}