{
     "Matricula": "1ED85AD5FE9A0543216F4472E689944A7AE066A584B7A2B7E9ED1FD13DF72479",
     "Latitud": 41.0633116,
     "Longitud": -8.1337283,
     "Distance": 0.0205234173578075,
     "Pos_date": 1701396841000
}