{
     "Matricula": "819E6C37F3BADB27EB7E184F15B91B3B5C093D8FD55FF4082DDA5939D8713135",
     "Latitud": 40.9266433,
     "Longitud": 9.5791383,
     "Distance": 0.0207994876576188,
     "Pos_date": 1701389505000
}