{
     "Matricula": "679894276A1A15836A4517559DE4C780456B019AEABB4FBF9E878A1EEB665D57",
     "Latitud": 44.288025,
     "Longitud": -0.956055,
     "Distance": 0.8046706728966263,
     "Pos_date": 1701396853886
}