{
     "Matricula": "3FAF341332DDEE9102FD801D10F7D611A8CE9E7948372664C0AF02BB8362E9AE",
     "Latitud": 43.26841,
     "Longitud": -2.0511466,
     "Distance": 0.0437344075779085,
     "Pos_date": 1701396856851
}