{
     "Matricula": "A6D78066EBB26BC55C204182D5E8C1C47550EFA8F8D3014BC3845CB5056F90B9",
     "Latitud": 52.9293004,
     "Longitud": -4.1337946,
     "Distance": 0.0015200909071685,
     "Pos_date": 1701396866000
}