{
     "Matricula": "5E8EDF55BA6EF0E4F0D8E0EF7C9407FED69E720B6E274B80EF7A80193A73B1B4",
     "Latitud": 43.3954049,
     "Longitud": -4.65625,
     "Distance": 0.0236332207358879,
     "Pos_date": 1701389508000
}