{
     "Matricula": "9EA75D576149F526833F7F0CAFBFBD2DC701213D1D0C584D073D35F341947388",
     "Latitud": 39.5524974,
     "Longitud": -4.6717406,
     "Distance": 0.0650582700526906,
     "Pos_date": 1701396875000
}