{
     "Matricula": "FF3C59B448620745BF18F32F614A1E7B43B32C7A89545EC541A90558D199D111",
     "Latitud": 38.0140942,
     "Longitud": -4.5634103,
     "Distance": 0.0012091683803516,
     "Pos_date": 1701396874000
}