{
     "Matricula": "679894276A1A15836A4517559DE4C780456B019AEABB4FBF9E878A1EEB665D57",
     "Latitud": 44.2888433,
     "Longitud": -0.9563116,
     "Distance": 0.03211851614238,
     "Pos_date": 1701396873878
}