{
     "Matricula": "B552A6A633BDA3272B8840DEFAFA97AF693265E69D46098DB86823F714D205DF",
     "Latitud": 43.4618683,
     "Longitud": -3.8247416,
     "Distance": 0.2768174294831848,
     "Pos_date": 1701396873000
}