{
     "Matricula": "E9D8202FBEF52727BC67129BD6FC9DE7B287E32CB5AAEC3F3995640AD3ECE32E",
     "Latitud": 32.6133416,
     "Longitud": -115.3635333,
     "Distance": 0.1523318557196588,
     "Pos_date": 1701396876000
}