{
     "Matricula": "216988BB419507DFAB380C71C4795482CA90FC861D4C361F913B93203A57F5F6",
     "Latitud": 33.6142883,
     "Longitud": -114.373735,
     "Distance": 1.323438751751715,
     "Pos_date": 1701396881000
}