{
     "Matricula": "4CD8D96089ECF07CC668FB8A805D6088E400A136E696D0608323C332DBD949D8",
     "Latitud": 43.3261733,
     "Longitud": -7.781715,
     "Distance": 0.0220993550529347,
     "Pos_date": 1701396880000
}