{
     "Matricula": "9EA75D576149F526833F7F0CAFBFBD2DC701213D1D0C584D073D35F341947388",
     "Latitud": 39.5523181,
     "Longitud": -4.6724346,
     "Distance": 0.0619311218359144,
     "Pos_date": 1701396890000
}