{
     "Matricula": "F4AE0241D1A98FCCB07393881F2EB5F012112A9453EE549C474D6C427E650864",
     "Latitud": 38.3613183,
     "Longitud": -1.2732565999999998,
     "Distance": 0.0085517461318485,
     "Pos_date": 1701388807000
}