{
     "Matricula": "819E6C37F3BADB27EB7E184F15B91B3B5C093D8FD55FF4082DDA5939D8713135",
     "Latitud": 38.92713,
     "Longitud": 7.578651600000001,
     "Distance": 0.0526788163538148,
     "Pos_date": 1701389519000
}