{
     "Matricula": "DE270AC86D7A5AF5255D130A15B83A4A5536E712ACBDAC6B87A8638D9EF9B2E6",
     "Latitud": 41.4045316,
     "Longitud": -2.6659066,
     "Distance": 2.9140154834261804,
     "Pos_date": 1701389518000
}