{
     "Matricula": "F28866C0CF5333C77C245F93F8BE91DB1615539BF1188E087D18FB6EC9040A51",
     "Latitud": 27.8568983,
     "Longitud": -15.38972,
     "Distance": 0.0,
     "Pos_date": 1701389520000
}