{
     "Matricula": "242A2619487D11B7DAE7B8DC7730724E8A3708B59E8801E1A5DF010C57736FCD",
     "Latitud": 38.450265,
     "Longitud": -1.3713266,
     "Distance": 0.6281866117636232,
     "Pos_date": 1701389521000
}