{
     "Matricula": "07F0F06AFDDE789E75C987F1E8AF8E5F48E72512AD4FC4FBD22D89D19D0618BC",
     "Latitud": 40.16581833333333,
     "Longitud": -9.62015,
     "Distance": 0.0034456122807524,
     "Pos_date": 1701389525000
}