{
     "Matricula": "81486AACFBE20A1A64655FD2B79DD456B68E4AB7452D1E1295D6FEDCD52DD526",
     "Latitud": 27.8580999,
     "Longitud": -15.396935,
     "Distance": 0.0409184684456696,
     "Pos_date": 1701388864000
}