{
     "Matricula": "5E8EDF55BA6EF0E4F0D8E0EF7C9407FED69E720B6E274B80EF7A80193A73B1B4",
     "Latitud": 43.3960916,
     "Longitud": -4.6538483,
     "Distance": 0.2085333060503242,
     "Pos_date": 1701389525000
}