{
     "Matricula": "242A2619487D11B7DAE7B8DC7730724E8A3708B59E8801E1A5DF010C57736FCD",
     "Latitud": 40.450265,
     "Longitud": 0.62873,
     "Distance": 0.0048598016798743,
     "Pos_date": 1701389532000
}