{
     "Matricula": "819E6C37F3BADB27EB7E184F15B91B3B5C093D8FD55FF4082DDA5939D8713135",
     "Latitud": 39.9266183,
     "Longitud": 8.578715,
     "Distance": 0.0354345460301271,
     "Pos_date": 1701389534000
}