{
     "Matricula": "242A2619487D11B7DAE7B8DC7730724E8A3708B59E8801E1A5DF010C57736FCD",
     "Latitud": 41.450225,
     "Longitud": 1.6285767,
     "Distance": 0.0138938531593882,
     "Pos_date": 1701389546000
}