{
     "Matricula": "242A2619487D11B7DAE7B8DC7730724E8A3708B59E8801E1A5DF010C57736FCD",
     "Latitud": 39.4501616,
     "Longitud": -0.3713883,
     "Distance": 0.0076635723913549,
     "Pos_date": 1701389549000
}