{
     "Matricula": "216988BB419507DFAB380C71C4795482CA90FC861D4C361F913B93203A57F5F6",
     "Latitud": 31.5493033,
     "Longitud": -116.3118066,
     "Distance": 0.0,
     "Pos_date": 1701389554000
}