{
     "Matricula": "AF69B29555A2B9300AD69F0DD4A23363815A6F6F738E2101803859FC7837E341",
     "Latitud": 41.2628983,
     "Longitud": -4.927025,
     "Distance": 0.4284724319007276,
     "Pos_date": 1701389556000
}