{
     "Matricula": "508F5591B74AE64243D2DCF64C584E049B90F347F02FFCBC647164BB8D2FE9F7",
     "Latitud": 19.2514769,
     "Longitud": -70.5582627,
     "Distance": 1.5986649072936348,
     "Pos_date": 1701389341000
}