{
     "Matricula": "508F5591B74AE64243D2DCF64C584E049B90F347F02FFCBC647164BB8D2FE9F7",
     "Latitud": 20.2461961,
     "Longitud": -69.5428601,
     "Distance": 1.72026696997758,
     "Pos_date": 1701389401000
}