{
     "Matricula": "508F5591B74AE64243D2DCF64C584E049B90F347F02FFCBC647164BB8D2FE9F7",
     "Latitud": 20.2388876,
     "Longitud": -69.5151208,
     "Distance": 3.0234168449594083,
     "Pos_date": 1701389521000
}