{
     "Matricula": "CB3976372FB0962DA9709A60F3C10C4B5416ED10B87D491AAAE44BAA2296C7E5",
     "Latitud": 42.7577483,
     "Longitud": -8.4336133,
     "Distance": 0.0033958886081093,
     "Pos_date": 1701389564000
}