{
     "Matricula": "242A2619487D11B7DAE7B8DC7730724E8A3708B59E8801E1A5DF010C57736FCD",
     "Latitud": 40.4486483,
     "Longitud": 0.6298417000000001,
     "Distance": 0.1986684740194884,
     "Pos_date": 1701389566000
}