{
     "Matricula": "44C8A1AF0DE74873DDA53C547CDE57CE0ED68811C3D22936C420588ECCE39BF4",
     "Latitud": 43.2496783,
     "Longitud": -2.9353749,
     "Distance": 0.8511875854225398,
     "Pos_date": 1701389569000
}