{
     "Matricula": "4CD3FCAC24AA17EB8A4985E4F997FD3730871E563B5536B369A38FB9F5E20CDB",
     "Latitud": -33.850317,
     "Longitud": -69.069897,
     "Distance": 3.407920955649858,
     "Pos_date": 1701389395000
}