{
     "Matricula": "4CD3FCAC24AA17EB8A4985E4F997FD3730871E563B5536B369A38FB9F5E20CDB",
     "Latitud": -32.84957,
     "Longitud": -68.070394,
     "Distance": 0.0948995302196307,
     "Pos_date": 1701389399000
}