{
     "Matricula": "4CD3FCAC24AA17EB8A4985E4F997FD3730871E563B5536B369A38FB9F5E20CDB",
     "Latitud": -33.826326,
     "Longitud": -69.070736,
     "Distance": 2.584811455526642,
     "Pos_date": 1701389515000
}