{
     "Matricula": "E8D5D7745EE18927FC55BAD5FD79EA2AE5C9C781209D76F070370B1DB612B47A",
     "Latitud": 43.27334,
     "Longitud": -5.8102383,
     "Distance": 0.0115926813654389,
     "Pos_date": 1701389575000
}