{
     "Matricula": "E0047EE446AB648BEA8D01836B0FBDBA466C8C19A4EFA5788990BB1D505D5919",
     "Latitud": 40.12157666666667,
     "Longitud": 0.1926833333333333,
     "Distance": 0.0097849441787779,
     "Pos_date": 1701389580000
}