{
     "Matricula": "5E8EDF55BA6EF0E4F0D8E0EF7C9407FED69E720B6E274B80EF7A80193A73B1B4",
     "Latitud": 43.3937416,
     "Longitud": -4.6397466,
     "Distance": 1.168973742298248,
     "Pos_date": 1701389579000
}