{
     "Matricula": "AF69B29555A2B9300AD69F0DD4A23363815A6F6F738E2101803859FC7837E341",
     "Latitud": 41.2632233,
     "Longitud": -4.9289733,
     "Distance": 0.1618476387572905,
     "Pos_date": 1701389580000
}