{
     "Matricula": "F1B2B87C7D3D0D8652C36CD40ABF6460D9ED377C1FF8E97BCE56D9CA5EC26A38",
     "Latitud": 38.2861,
     "Longitud": -5.9115166,
     "Distance": 5.043513087172146,
     "Pos_date": 1701389575000
}