{
     "Matricula": "9E1AFCD5BA4E22A6760253B3D722E4263303C8E9629BB44029D4F9672DF44A13",
     "Latitud": 18.1401259,
     "Longitud": -71.4673688,
     "Distance": 1.2643409421215075,
     "Pos_date": 1701389365000
}