{
     "Matricula": "9E1AFCD5BA4E22A6760253B3D722E4263303C8E9629BB44029D4F9672DF44A13",
     "Latitud": 19.1285915,
     "Longitud": -70.4551552,
     "Distance": 1.8141741124081407,
     "Pos_date": 1701389441000
}