{
     "Matricula": "9E1AFCD5BA4E22A6760253B3D722E4263303C8E9629BB44029D4F9672DF44A13",
     "Latitud": 19.1152451,
     "Longitud": -70.4467059,
     "Distance": 1.7292756862511676,
     "Pos_date": 1701389552000
}