{
     "Matricula": "9E1AFCD5BA4E22A6760253B3D722E4263303C8E9629BB44029D4F9672DF44A13",
     "Latitud": 19.1129579,
     "Longitud": -70.4461277,
     "Distance": 0.2614799664045186,
     "Pos_date": 1701389561000
}