{
     "Matricula": "242A2619487D11B7DAE7B8DC7730724E8A3708B59E8801E1A5DF010C57736FCD",
     "Latitud": 38.4467433,
     "Longitud": -1.369075,
     "Distance": 0.2313500897450691,
     "Pos_date": 1701389585000
}