{
     "Matricula": "44C8A1AF0DE74873DDA53C547CDE57CE0ED68811C3D22936C420588ECCE39BF4",
     "Latitud": 42.2466983,
     "Longitud": -3.9361033,
     "Distance": 0.3365721926065862,
     "Pos_date": 1701389591000
}