{
     "Matricula": "23ED941E3ED5B0591B9F22826E331B2FCB3F1C8D49F661280801A3C964C2FBAE",
     "Latitud": 38.4541399,
     "Longitud": -7.4619766,
     "Distance": 4.216321927379807,
     "Pos_date": 1701389603000
}