{
     "Matricula": "8B0FE8F5A3D03881366DD8F638A5D48BAB1174DC7DAFCA6E48EC624B6E1BFCBB",
     "Latitud": 37.2618399,
     "Longitud": -6.95046,
     "Distance": 1.390214903563907,
     "Pos_date": 1701389604000
}