{
     "Matricula": "819E6C37F3BADB27EB7E184F15B91B3B5C093D8FD55FF4082DDA5939D8713135",
     "Latitud": 38.9309716,
     "Longitud": 7.5874483,
     "Distance": 0.8298206601324126,
     "Pos_date": 1701389593000
}