{
     "Matricula": "5A0441657EC05DA320F373A5EF00D80490BB14853283225899B26A41E11FB993",
     "Latitud": 43.3507783,
     "Longitud": -8.3964083,
     "Distance": 0.0746774696169933,
     "Pos_date": 1701389564000
}