{
     "Matricula": "5A0441657EC05DA320F373A5EF00D80490BB14853283225899B26A41E11FB993",
     "Latitud": 43.3507216,
     "Longitud": -8.3966333,
     "Distance": 0.01925435781606,
     "Pos_date": 1701389573000
}