{
     "Matricula": "5A0441657EC05DA320F373A5EF00D80490BB14853283225899B26A41E11FB993",
     "Latitud": 43.3506366,
     "Longitud": -8.396925,
     "Distance": 0.0254093453554547,
     "Pos_date": 1701389580000
}