{
     "Matricula": "679E1E2CF2BC6497342347D4B137CD3DC0C80EAF38A97781ADB848F40E7923FB",
     "Latitud": 39.5685549,
     "Longitud": 2.7725683,
     "Distance": 5.022757956820024,
     "Pos_date": 1701389406000
}