{
     "Matricula": "82FDF5C4ADC6E39A518110E31495EFB4F9C1F561693EA662EF8FAD8D63999384",
     "Latitud": 39.0960483,
     "Longitud": -3.30905,
     "Distance": 0.2119060279077386,
     "Pos_date": 1701389581000
}