{
     "Matricula": "679E1E2CF2BC6497342347D4B137CD3DC0C80EAF38A97781ADB848F40E7923FB",
     "Latitud": 39.5686733,
     "Longitud": 2.8311016,
     "Distance": 5.01726310522256,
     "Pos_date": 1701389579000
}