{
     "Matricula": "242A2619487D11B7DAE7B8DC7730724E8A3708B59E8801E1A5DF010C57736FCD",
     "Latitud": 39.4447966,
     "Longitud": -0.3689616,
     "Distance": 0.2166823659737832,
     "Pos_date": 1701389618000
}