{
     "Matricula": "8B0FE8F5A3D03881366DD8F638A5D48BAB1174DC7DAFCA6E48EC624B6E1BFCBB",
     "Latitud": 36.263235,
     "Longitud": -7.9515883,
     "Distance": 0.184485719709634,
     "Pos_date": 1701389624000
}