{
     "Matricula": "819E6C37F3BADB27EB7E184F15B91B3B5C093D8FD55FF4082DDA5939D8713135",
     "Latitud": 39.9328933,
     "Longitud": 8.5927783,
     "Distance": 0.5021930758832677,
     "Pos_date": 1701389624000
}