{
     "Matricula": "61E9C8A81EEC32F7DADD350A7DEF8062150D99E745599F7F8E4FFAB8E35187E6",
     "Latitud": 35.8886283,
     "Longitud": -6.7970799,
     "Distance": 0.3891147106784868,
     "Pos_date": 1701389623000
}