{
     "Matricula": "96CCDDEBC559BA6C00439D619E2F188E69090FD1EE9491C275FE8A3B84B1DCC3",
     "Latitud": 40.1905116,
     "Longitud": -3.853465,
     "Distance": 0.0053893507801106,
     "Pos_date": 1701389627000
}