{
     "Matricula": "819E6C37F3BADB27EB7E184F15B91B3B5C093D8FD55FF4082DDA5939D8713135",
     "Latitud": 39.9330116,
     "Longitud": 8.5928666,
     "Distance": 0.0151565364902587,
     "Pos_date": 1701389627000
}