{
     "Matricula": "B689E95F0FA3EB0D7C7CDF6F957C37474B5873FA67ADA532A26B00F512D15CFA",
     "Latitud": 43.2609416,
     "Longitud": -2.928105,
     "Distance": 0.0,
     "Pos_date": 1701388861988
}