{
     "Matricula": "730655A225241D534D1C78911ACA85AB05E607C709D7B9520443018F8A067709",
     "Latitud": 44.4254199,
     "Longitud": -2.8515583,
     "Distance": 0.0035019107521773,
     "Pos_date": 1701389628000
}