{
     "Matricula": "96CCDDEBC559BA6C00439D619E2F188E69090FD1EE9491C275FE8A3B84B1DCC3",
     "Latitud": 41.19065,
     "Longitud": -2.85326,
     "Distance": 0.0232390003319387,
     "Pos_date": 1701389635000
}