{
     "Matricula": "E0047EE446AB648BEA8D01836B0FBDBA466C8C19A4EFA5788990BB1D505D5919",
     "Latitud": 41.121521666666666,
     "Longitud": 1.1927,
     "Distance": 0.0062730532414412,
     "Pos_date": 1701389640000
}