{
     "Matricula": "F1B2B87C7D3D0D8652C36CD40ABF6460D9ED377C1FF8E97BCE56D9CA5EC26A38",
     "Latitud": 35.2790066,
     "Longitud": -8.9223716,
     "Distance": 1.2427601086571407,
     "Pos_date": 1701389638000
}