{
     "Matricula": "572AC77A5DE790549FEE5175A2B243ADE2CA3CE6CF97AD5735784BA335DE15BA",
     "Latitud": 19.444005,
     "Longitud": -70.7073867,
     "Distance": 0.0084639109277961,
     "Pos_date": 1701389408000
}