{
     "Matricula": "572AC77A5DE790549FEE5175A2B243ADE2CA3CE6CF97AD5735784BA335DE15BA",
     "Latitud": 19.4440307,
     "Longitud": -70.7073664,
     "Distance": 0.0035633037723142,
     "Pos_date": 1701389468000
}