{
     "Matricula": "572AC77A5DE790549FEE5175A2B243ADE2CA3CE6CF97AD5735784BA335DE15BA",
     "Latitud": 19.4440488,
     "Longitud": -70.7073694,
     "Distance": 0.0020370643779524,
     "Pos_date": 1701389504000
}