{
     "Matricula": "3F2BF0F9BC0EDF81585748F2BB7A9277D3ABDF4C4987EE6E7F096A42B1549327",
     "Latitud": 38.6180416,
     "Longitud": 2.3617583,
     "Distance": 0.0045427383646149,
     "Pos_date": 1701389642000
}