{
     "Matricula": "07F0F06AFDDE789E75C987F1E8AF8E5F48E72512AD4FC4FBD22D89D19D0618BC",
     "Latitud": 40.165805,
     "Longitud": -9.620133333333332,
     "Distance": 0.0086383622001277,
     "Pos_date": 1701389645000
}