{
     "Matricula": "8B0FE8F5A3D03881366DD8F638A5D48BAB1174DC7DAFCA6E48EC624B6E1BFCBB",
     "Latitud": 36.2651116,
     "Longitud": -7.9517016,
     "Distance": 0.2089094330345474,
     "Pos_date": 1701389643000
}