{
     "Matricula": "39A7C03D597FA1866B013468871534F511F50FC1679C2A121B1A0A2E965C4635",
     "Latitud": 43.8749749,
     "Longitud": -6.1756933,
     "Distance": 1.1745674823131482,
     "Pos_date": 1701389595000
}