{
     "Matricula": "242A2619487D11B7DAE7B8DC7730724E8A3708B59E8801E1A5DF010C57736FCD",
     "Latitud": 38.4378733,
     "Longitud": -1.37082,
     "Distance": 0.7862040460184787,
     "Pos_date": 1701389662000
}