{
     "Matricula": "4CD3FCAC24AA17EB8A4985E4F997FD3730871E563B5536B369A38FB9F5E20CDB",
     "Latitud": -33.801897,
     "Longitud": -69.066408,
     "Distance": 2.7456553297158908,
     "Pos_date": 1701389635000
}