{
     "Matricula": "A6CB6B76C9ECB8C0FF4649D07C374C16E8745047A84303D7E6673F577AC7D644",
     "Latitud": 39.6892283,
     "Longitud": -6.091385,
     "Distance": 0.0024799971722908,
     "Pos_date": 1701388870000
}