{
     "Matricula": "96CCDDEBC559BA6C00439D619E2F188E69090FD1EE9491C275FE8A3B84B1DCC3",
     "Latitud": 41.19109,
     "Longitud": -2.8509466,
     "Distance": 0.2025035742028126,
     "Pos_date": 1701389670000
}