{
     "Matricula": "39A7C03D597FA1866B013468871534F511F50FC1679C2A121B1A0A2E965C4635",
     "Latitud": 42.89203,
     "Longitud": -7.1837666,
     "Distance": 2.007282192329768,
     "Pos_date": 1701389670000
}