{
     "Matricula": "82FDF5C4ADC6E39A518110E31495EFB4F9C1F561693EA662EF8FAD8D63999384",
     "Latitud": 38.097995,
     "Longitud": -4.3160166,
     "Distance": 0.6389734541209594,
     "Pos_date": 1701389667000
}