{
     "Matricula": "FF3C59B448620745BF18F32F614A1E7B43B32C7A89545EC541A90558D199D111",
     "Latitud": 37.0057622,
     "Longitud": -5.5661133,
     "Distance": 0.247124101520998,
     "Pos_date": 1701389674000
}