{
     "Matricula": "1FE60CE123FE31D1895941F5902C518E1368095294E9D5414FD1ADB8D0D07BF1",
     "Latitud": 40.4657933,
     "Longitud": -3.6357199,
     "Distance": 0.0,
     "Pos_date": 1701389674000
}