{
     "Matricula": "5E8EDF55BA6EF0E4F0D8E0EF7C9407FED69E720B6E274B80EF7A80193A73B1B4",
     "Latitud": 42.3921433,
     "Longitud": -5.6144066,
     "Distance": 0.0175317578654338,
     "Pos_date": 1701389677000
}