{
     "Matricula": "AF69B29555A2B9300AD69F0DD4A23363815A6F6F738E2101803859FC7837E341",
     "Latitud": 42.2612983,
     "Longitud": -3.9297166,
     "Distance": 0.2223517653233037,
     "Pos_date": 1701389681000
}