{
     "Matricula": "96CCDDEBC559BA6C00439D619E2F188E69090FD1EE9491C275FE8A3B84B1DCC3",
     "Latitud": 40.1930033,
     "Longitud": -3.8512033,
     "Distance": 0.9676390720514596,
     "Pos_date": 1701388809000
}