{
     "Matricula": "5E8EDF55BA6EF0E4F0D8E0EF7C9407FED69E720B6E274B80EF7A80193A73B1B4",
     "Latitud": 43.392185,
     "Longitud": -4.6144599,
     "Distance": 0.006328372064812,
     "Pos_date": 1701389681000
}