{
     "Matricula": "17EF290090A9EDE96C2B3EC2F6045398FD269B250C4FAAAD79710903A313A36C",
     "Latitud": 40.4366599,
     "Longitud": -3.6595183,
     "Distance": 5.016769070390689,
     "Pos_date": 1701389681000
}