{
     "Matricula": "82FDF5C4ADC6E39A518110E31495EFB4F9C1F561693EA662EF8FAD8D63999384",
     "Latitud": 39.0954883,
     "Longitud": -3.3155716,
     "Distance": 0.2813656562660794,
     "Pos_date": 1701389687000
}