{
     "Matricula": "23ED941E3ED5B0591B9F22826E331B2FCB3F1C8D49F661280801A3C964C2FBAE",
     "Latitud": 39.4519633,
     "Longitud": -6.4799733,
     "Distance": 1.5640147896814725,
     "Pos_date": 1701389687000
}