{
     "Matricula": "23ED941E3ED5B0591B9F22826E331B2FCB3F1C8D49F661280801A3C964C2FBAE",
     "Latitud": 39.451685,
     "Longitud": -6.48001,
     "Distance": 0.0311056080537571,
     "Pos_date": 1701389691000
}