{
     "Matricula": "5E8EDF55BA6EF0E4F0D8E0EF7C9407FED69E720B6E274B80EF7A80193A73B1B4",
     "Latitud": 45.39226,
     "Longitud": -2.6144683000000004,
     "Distance": 0.0083672055076405,
     "Pos_date": 1701389690000
}