{
     "Matricula": "8B0FE8F5A3D03881366DD8F638A5D48BAB1174DC7DAFCA6E48EC624B6E1BFCBB",
     "Latitud": 38.2661783,
     "Longitud": -5.952175,
     "Distance": 0.0748714509301801,
     "Pos_date": 1701389691000
}