{
     "Matricula": "B81D5D3C0ABD5651D35460611801239A551537387FEDC8EFD43EC51B6EE751A2",
     "Latitud": 17.6855496,
     "Longitud": -71.1807605,
     "Distance": 0.8734985923015884,
     "Pos_date": 1701389478000
}