{
     "Matricula": "B81D5D3C0ABD5651D35460611801239A551537387FEDC8EFD43EC51B6EE751A2",
     "Latitud": 19.6855915,
     "Longitud": -69.1807454,
     "Distance": 0.0049230886901845,
     "Pos_date": 1701389590000
}