{
     "Matricula": "96CCDDEBC559BA6C00439D619E2F188E69090FD1EE9491C275FE8A3B84B1DCC3",
     "Latitud": 40.1930283,
     "Longitud": -3.851055,
     "Distance": 0.2157260095867679,
     "Pos_date": 1701389701000
}