{
     "Matricula": "23ED941E3ED5B0591B9F22826E331B2FCB3F1C8D49F661280801A3C964C2FBAE",
     "Latitud": 38.4507383,
     "Longitud": -7.4805016,
     "Distance": 0.1134154170329556,
     "Pos_date": 1701389704000
}