{
     "Matricula": "07F0F06AFDDE789E75C987F1E8AF8E5F48E72512AD4FC4FBD22D89D19D0618BC",
     "Latitud": 41.165725,
     "Longitud": -8.620166666666666,
     "Distance": 0.0093229560993053,
     "Pos_date": 1701389705000
}