{
     "Matricula": "242A2619487D11B7DAE7B8DC7730724E8A3708B59E8801E1A5DF010C57736FCD",
     "Latitud": 39.4375016,
     "Longitud": -0.37894,
     "Distance": 0.6985509498339042,
     "Pos_date": 1701389703000
}