{
     "Matricula": "AF69B29555A2B9300AD69F0DD4A23363815A6F6F738E2101803859FC7837E341",
     "Latitud": 43.2606083,
     "Longitud": -2.9281183,
     "Distance": 0.1504576746970261,
     "Pos_date": 1701389705000
}