{
     "Matricula": "819E6C37F3BADB27EB7E184F15B91B3B5C093D8FD55FF4082DDA5939D8713135",
     "Latitud": 39.9428316,
     "Longitud": 8.6015016,
     "Distance": 1.3169339968848015,
     "Pos_date": 1701389719000
}