{
     "Matricula": "9C068A3867FCD608DB8B947A1F23EC1208950C18E3EF0B746E9B2F4310CE4883",
     "Latitud": 39.3607466,
     "Longitud": -4.1979099,
     "Distance": 5.018097633272558,
     "Pos_date": 1701388875000
}