{
     "Matricula": "96CCDDEBC559BA6C00439D619E2F188E69090FD1EE9491C275FE8A3B84B1DCC3",
     "Latitud": 41.19302,
     "Longitud": -2.8496266,
     "Distance": 0.1213305183308962,
     "Pos_date": 1701389724000
}