{
     "Matricula": "44C8A1AF0DE74873DDA53C547CDE57CE0ED68811C3D22936C420588ECCE39BF4",
     "Latitud": 41.23308,
     "Longitud": -4.9123433,
     "Distance": 2.4489651056891506,
     "Pos_date": 1701389726000
}