{
     "Matricula": "B3C6B707FF586E09DD4455DAB6DEA799EC9DA501B0181ABE235EC1E192A20E3D",
     "Latitud": 40.7723523,
     "Longitud": 1.6732116,
     "Distance": 0.0031653564185727,
     "Pos_date": 1701389731000
}