{
     "Matricula": "9C068A3867FCD608DB8B947A1F23EC1208950C18E3EF0B746E9B2F4310CE4883",
     "Latitud": 36.3071433,
     "Longitud": -7.3758866,
     "Distance": 5.01189540205242,
     "Pos_date": 1701389694000
}