{
     "Matricula": "FF3C59B448620745BF18F32F614A1E7B43B32C7A89545EC541A90558D199D111",
     "Latitud": 39.0081962,
     "Longitud": -3.5653311,
     "Distance": 0.2791906851015796,
     "Pos_date": 1701389734000
}