{
     "Matricula": "19CB2C27AEA2A6C6C4DBAAB759FC3A4D6FC7A80E197BBA6B9814F7F04708C407",
     "Latitud": 41.437495,
     "Longitud": -9.817865,
     "Distance": 0.0,
     "Pos_date": 1701389733000
}