{
     "Matricula": "5A0441657EC05DA320F373A5EF00D80490BB14853283225899B26A41E11FB993",
     "Latitud": 44.350885,
     "Longitud": -7.397270000000001,
     "Distance": 0.0392566291919301,
     "Pos_date": 1701389737000
}