{
     "Matricula": "9C068A3867FCD608DB8B947A1F23EC1208950C18E3EF0B746E9B2F4310CE4883",
     "Latitud": 36.2969133,
     "Longitud": -7.3752966,
     "Distance": 1.1387220906679087,
     "Pos_date": 1701389741000
}