{
     "Matricula": "F4AE0241D1A98FCCB07393881F2EB5F012112A9453EE549C474D6C427E650864",
     "Latitud": 37.3594,
     "Longitud": -2.2769616,
     "Distance": 0.3891067931341894,
     "Pos_date": 1701388877000
}