{
     "Matricula": "242A2619487D11B7DAE7B8DC7730724E8A3708B59E8801E1A5DF010C57736FCD",
     "Latitud": 39.4387133,
     "Longitud": -0.3890416,
     "Distance": 0.877898050058999,
     "Pos_date": 1701389744000
}