{
     "Matricula": "679E1E2CF2BC6497342347D4B137CD3DC0C80EAF38A97781ADB848F40E7923FB",
     "Latitud": 39.5686466,
     "Longitud": 2.8895399,
     "Distance": 5.009100370635415,
     "Pos_date": 1701389749000
}