{
     "Matricula": "F7A42C671224FB482AA1F752A7D2E24FBA1044196DF57F8D75B8E03E87517A35",
     "Latitud": 42.3655849,
     "Longitud": -9.4065366,
     "Distance": 0.0,
     "Pos_date": 1701389754000
}