{
     "Matricula": "4CD3FCAC24AA17EB8A4985E4F997FD3730871E563B5536B369A38FB9F5E20CDB",
     "Latitud": -32.782472,
     "Longitud": -68.062369,
     "Distance": 2.191975567649998,
     "Pos_date": 1701389755000
}