{
     "Matricula": "F28866C0CF5333C77C245F93F8BE91DB1615539BF1188E087D18FB6EC9040A51",
     "Latitud": 28.8567616,
     "Longitud": -14.3898316,
     "Distance": 0.0187462433106758,
     "Pos_date": 1701389760000
}