{
     "Matricula": "E0047EE446AB648BEA8D01836B0FBDBA466C8C19A4EFA5788990BB1D505D5919",
     "Latitud": 41.121568333333336,
     "Longitud": 1.1927166666666666,
     "Distance": 0.0013960836575523,
     "Pos_date": 1701389760000
}