{
     "Matricula": "DE270AC86D7A5AF5255D130A15B83A4A5536E712ACBDAC6B87A8638D9EF9B2E6",
     "Latitud": 40.4494683,
     "Longitud": -3.6623383,
     "Distance": 5.005860403536127,
     "Pos_date": 1701389758000
}