{
     "Matricula": "242A2619487D11B7DAE7B8DC7730724E8A3708B59E8801E1A5DF010C57736FCD",
     "Latitud": 38.4395283,
     "Longitud": -1.389235,
     "Distance": 0.092133310738022,
     "Pos_date": 1701389756000
}