{
     "Matricula": "96CCDDEBC559BA6C00439D619E2F188E69090FD1EE9491C275FE8A3B84B1DCC3",
     "Latitud": 41.1905833,
     "Longitud": -2.8535883,
     "Distance": 0.1471978625716887,
     "Pos_date": 1701388881000
}