{
     "Matricula": "768E6E117FC04FF7B66DCF13967B917C0689C55B8BF393487D6FF5912B77D2F5",
     "Latitud": 43.3399816,
     "Longitud": 10.7187699,
     "Distance": 0.0068033121240071,
     "Pos_date": 1701389692000
}