{
     "Matricula": "768E6E117FC04FF7B66DCF13967B917C0689C55B8BF393487D6FF5912B77D2F5",
     "Latitud": 43.3400749,
     "Longitud": 10.7186949,
     "Distance": 0.0119668726235861,
     "Pos_date": 1701389755000
}