{
     "Matricula": "07F0F06AFDDE789E75C987F1E8AF8E5F48E72512AD4FC4FBD22D89D19D0618BC",
     "Latitud": 41.165616666666665,
     "Longitud": -8.6202,
     "Distance": 0.0123650740466623,
     "Pos_date": 1701389765000
}