{
     "Matricula": "679894276A1A15836A4517559DE4C780456B019AEABB4FBF9E878A1EEB665D57",
     "Latitud": 45.2677133,
     "Longitud": 0.0281333999999999,
     "Distance": 0.0,
     "Pos_date": 1701389761398
}