{
     "Matricula": "9C068A3867FCD608DB8B947A1F23EC1208950C18E3EF0B746E9B2F4310CE4883",
     "Latitud": 36.2948433,
     "Longitud": -7.37613,
     "Distance": 0.2416913429447853,
     "Pos_date": 1701389769000
}