{
     "Matricula": "CB3976372FB0962DA9709A60F3C10C4B5416ED10B87D491AAAE44BAA2296C7E5",
     "Latitud": 43.7593983,
     "Longitud": -7.4340633,
     "Distance": 0.1705485350164466,
     "Pos_date": 1701389770000
}