{
     "Matricula": "A14E8BE45CB9F9B1B8F8BFBED680BCFE79912B7C935C4B9D80F36FCAEC9F3A48",
     "Latitud": 37.67282,
     "Longitud": -5.0625183,
     "Distance": 0.0119193154725958,
     "Pos_date": 1701388883000
}