{
     "Matricula": "768E6E117FC04FF7B66DCF13967B917C0689C55B8BF393487D6FF5912B77D2F5",
     "Latitud": 45.340055,
     "Longitud": 12.7177083,
     "Distance": 0.0044555390309353,
     "Pos_date": 1701389783000
}