{
     "Matricula": "F1B2B87C7D3D0D8652C36CD40ABF6460D9ED377C1FF8E97BCE56D9CA5EC26A38",
     "Latitud": 37.28335,
     "Longitud": -6.9489433,
     "Distance": 2.400024103171208,
     "Pos_date": 1701389788000
}