{
     "Matricula": "FF3C59B448620745BF18F32F614A1E7B43B32C7A89545EC541A90558D199D111",
     "Latitud": 38.0129517,
     "Longitud": -4.5638593,
     "Distance": 0.5442827666525456,
     "Pos_date": 1701389794000
}