{
     "Matricula": "216988BB419507DFAB380C71C4795482CA90FC861D4C361F913B93203A57F5F6",
     "Latitud": 32.5486999,
     "Longitud": -115.31423,
     "Distance": 0.2368471378644464,
     "Pos_date": 1701389795000
}