{
     "Matricula": "508F5591B74AE64243D2DCF64C584E049B90F347F02FFCBC647164BB8D2FE9F7",
     "Latitud": 20.2284532,
     "Longitud": -69.499714,
     "Distance": 1.9906316825503825,
     "Pos_date": 1701389596000
}