{
     "Matricula": "508F5591B74AE64243D2DCF64C584E049B90F347F02FFCBC647164BB8D2FE9F7",
     "Latitud": 19.2178777,
     "Longitud": -70.4966037,
     "Distance": 1.22044624313879,
     "Pos_date": 1701389641000
}