{
     "Matricula": "508F5591B74AE64243D2DCF64C584E049B90F347F02FFCBC647164BB8D2FE9F7",
     "Latitud": 19.1880992,
     "Longitud": -70.4984331,
     "Distance": 3.3167904446777934,
     "Pos_date": 1701389761000
}