{
     "Matricula": "81486AACFBE20A1A64655FD2B79DD456B68E4AB7452D1E1295D6FEDCD52DD526",
     "Latitud": 27.8575449,
     "Longitud": -15.39608,
     "Distance": 0.1042764945147106,
     "Pos_date": 1701388884000
}