{
     "Matricula": "7E4A080157027B36C4D596160AC49CA6DBA51495D30AB66AC4B6C5D44B16E263",
     "Latitud": 32.5644916,
     "Longitud": -115.3010583,
     "Distance": 0.0110860221033736,
     "Pos_date": 1701389812000
}