{
     "Matricula": "E8D5D7745EE18927FC55BAD5FD79EA2AE5C9C781209D76F070370B1DB612B47A",
     "Latitud": 45.2735283,
     "Longitud": -3.8100966,
     "Distance": 0.0238748632491063,
     "Pos_date": 1701389815000
}