{
     "Matricula": "E0047EE446AB648BEA8D01836B0FBDBA466C8C19A4EFA5788990BB1D505D5919",
     "Latitud": 39.12161,
     "Longitud": -0.80725,
     "Distance": 0.0054094428182489,
     "Pos_date": 1701389820000
}