{
     "Matricula": "AFD5148D8A999F8F2550CA4016B323A81490232058731E5BD298BCE508F41106",
     "Latitud": 41.9181399,
     "Longitud": -9.2426216,
     "Distance": 0.0,
     "Pos_date": 1701389819010
}