{
     "Matricula": "17EF290090A9EDE96C2B3EC2F6045398FD269B250C4FAAAD79710903A313A36C",
     "Latitud": 41.4606333,
     "Longitud": -2.6656133,
     "Distance": 2.7151575312502167,
     "Pos_date": 1701389822000
}