{
     "Matricula": "9E1AFCD5BA4E22A6760253B3D722E4263303C8E9629BB44029D4F9672DF44A13",
     "Latitud": 19.0893142,
     "Longitud": -70.4379047,
     "Distance": 2.767398514717655,
     "Pos_date": 1701389657000
}