{
     "Matricula": "9E1AFCD5BA4E22A6760253B3D722E4263303C8E9629BB44029D4F9672DF44A13",
     "Latitud": 19.0859081,
     "Longitud": -70.4401478,
     "Distance": 0.4460982145954959,
     "Pos_date": 1701389672000
}