{
     "Matricula": "B3C6B707FF586E09DD4455DAB6DEA799EC9DA501B0181ABE235EC1E192A20E3D",
     "Latitud": 41.7723834,
     "Longitud": 2.673207,
     "Distance": 0.0013821051533938,
     "Pos_date": 1701388890000
}