{
     "Matricula": "9E1AFCD5BA4E22A6760253B3D722E4263303C8E9629BB44029D4F9672DF44A13",
     "Latitud": 18.084466,
     "Longitud": -71.4420245,
     "Distance": 0.2541753147620205,
     "Pos_date": 1701389681000
}