{
     "Matricula": "9E1AFCD5BA4E22A6760253B3D722E4263303C8E9629BB44029D4F9672DF44A13",
     "Latitud": 20.0794691,
     "Longitud": -69.4454454,
     "Distance": 0.6617820037601787,
     "Pos_date": 1701389704000
}