{
     "Matricula": "9E1AFCD5BA4E22A6760253B3D722E4263303C8E9629BB44029D4F9672DF44A13",
     "Latitud": 19.0536405,
     "Longitud": -70.4465568,
     "Distance": 2.8743873989250277,
     "Pos_date": 1701389801000
}