{
     "Matricula": "96CCDDEBC559BA6C00439D619E2F188E69090FD1EE9491C275FE8A3B84B1DCC3",
     "Latitud": 39.199035,
     "Longitud": -4.85,
     "Distance": 0.6695899099403753,
     "Pos_date": 1701389833000
}