{
     "Matricula": "17EF290090A9EDE96C2B3EC2F6045398FD269B250C4FAAAD79710903A313A36C",
     "Latitud": 40.4603416,
     "Longitud": -3.667095,
     "Distance": 0.1294848636799966,
     "Pos_date": 1701389832000
}