{
     "Matricula": "E9B77D40DA9A90D93509C6E3CFFBFE1568DB46DCF5976274DCFCC83DB6F11612",
     "Latitud": 42.49722,
     "Longitud": -8.6559483,
     "Distance": 0.0,
     "Pos_date": 1701389835642
}