{
     "Matricula": "A14E8BE45CB9F9B1B8F8BFBED680BCFE79912B7C935C4B9D80F36FCAEC9F3A48",
     "Latitud": 40.6728716,
     "Longitud": -2.062455,
     "Distance": 0.0079447278293176,
     "Pos_date": 1701388887000
}