{
     "Matricula": "9C068A3867FCD608DB8B947A1F23EC1208950C18E3EF0B746E9B2F4310CE4883",
     "Latitud": 37.29403,
     "Longitud": -6.3791783,
     "Distance": 0.0099187992570337,
     "Pos_date": 1701389845000
}