{
     "Matricula": "17EF290090A9EDE96C2B3EC2F6045398FD269B250C4FAAAD79710903A313A36C",
     "Latitud": 40.4595016,
     "Longitud": -3.66791,
     "Distance": 0.1160977388022492,
     "Pos_date": 1701389845000
}