{
     "Matricula": "B3C6B707FF586E09DD4455DAB6DEA799EC9DA501B0181ABE235EC1E192A20E3D",
     "Latitud": 41.7723514,
     "Longitud": 2.673222,
     "Distance": 0.0008682485012538,
     "Pos_date": 1701389851000
}