{
     "Matricula": "679E1E2CF2BC6497342347D4B137CD3DC0C80EAF38A97781ADB848F40E7923FB",
     "Latitud": 39.5673099,
     "Longitud": 2.9171033,
     "Distance": 0.6090052629907844,
     "Pos_date": 1701389845000
}