{
     "Matricula": "23ED941E3ED5B0591B9F22826E331B2FCB3F1C8D49F661280801A3C964C2FBAE",
     "Latitud": 39.4685083,
     "Longitud": -6.3952983,
     "Distance": 0.0207212890385695,
     "Pos_date": 1701388885000
}