{
     "Matricula": "9C068A3867FCD608DB8B947A1F23EC1208950C18E3EF0B746E9B2F4310CE4883",
     "Latitud": 39.2938983,
     "Longitud": -4.3791599,
     "Distance": 0.0147345681732143,
     "Pos_date": 1701389855000
}