{
     "Matricula": "17EF290090A9EDE96C2B3EC2F6045398FD269B250C4FAAAD79710903A313A36C",
     "Latitud": 39.4594633,
     "Longitud": -4.6685716,
     "Distance": 0.056136082986567,
     "Pos_date": 1701389856000
}