{
     "Matricula": "CB3976372FB0962DA9709A60F3C10C4B5416ED10B87D491AAAE44BAA2296C7E5",
     "Latitud": 42.7707333,
     "Longitud": -8.431975,
     "Distance": 1.271872737717666,
     "Pos_date": 1701389840000
}