{
     "Matricula": "242A2619487D11B7DAE7B8DC7730724E8A3708B59E8801E1A5DF010C57736FCD",
     "Latitud": 37.443055,
     "Longitud": -2.3876066,
     "Distance": 0.416337687953947,
     "Pos_date": 1701389857000
}