{
     "Matricula": "0872559FB2E1D5E4ADBFECC22DD8AC7ED66EF76026E1AA97D9EC085F2F413185",
     "Latitud": 18.6694249,
     "Longitud": -71.3694823,
     "Distance": 0.0109725620055261,
     "Pos_date": 1701389715000
}