{
     "Matricula": "0872559FB2E1D5E4ADBFECC22DD8AC7ED66EF76026E1AA97D9EC085F2F413185",
     "Latitud": 19.6750677,
     "Longitud": -70.3736401,
     "Distance": 0.7636875611086554,
     "Pos_date": 1701389835000
}