{
     "Matricula": "61E9C8A81EEC32F7DADD350A7DEF8062150D99E745599F7F8E4FFAB8E35187E6",
     "Latitud": 36.8776216,
     "Longitud": -5.7921433,
     "Distance": 1.2983114197084336,
     "Pos_date": 1701389863000
}