{
     "Matricula": "96CCDDEBC559BA6C00439D619E2F188E69090FD1EE9491C275FE8A3B84B1DCC3",
     "Latitud": 41.1988966,
     "Longitud": -2.8522333,
     "Distance": 0.190301148456273,
     "Pos_date": 1701389868000
}