{
     "Matricula": "44C8A1AF0DE74873DDA53C547CDE57CE0ED68811C3D22936C420588ECCE39BF4",
     "Latitud": 42.2303216,
     "Longitud": -3.8783333,
     "Distance": 2.772359734573397,
     "Pos_date": 1701389868000
}