{
     "Matricula": "17EF290090A9EDE96C2B3EC2F6045398FD269B250C4FAAAD79710903A313A36C",
     "Latitud": 39.46028,
     "Longitud": -4.6695733,
     "Distance": 0.1242142994994702,
     "Pos_date": 1701389875000
}