{
     "Matricula": "242A2619487D11B7DAE7B8DC7730724E8A3708B59E8801E1A5DF010C57736FCD",
     "Latitud": 38.4431083,
     "Longitud": -1.3874916,
     "Distance": 0.0115171527464351,
     "Pos_date": 1701389875000
}