{
     "Matricula": "9C068A3867FCD608DB8B947A1F23EC1208950C18E3EF0B746E9B2F4310CE4883",
     "Latitud": 37.2938333,
     "Longitud": -6.3804733,
     "Distance": 0.1164078971941621,
     "Pos_date": 1701389877000
}