{
     "Matricula": "96CCDDEBC559BA6C00439D619E2F188E69090FD1EE9491C275FE8A3B84B1DCC3",
     "Latitud": 40.198205,
     "Longitud": -3.851955,
     "Distance": 0.0804530124840988,
     "Pos_date": 1701389879000
}