{
     "Matricula": "8881B4F2722D5BAACFBE89FFD848EC76CF11E9745F807AF4E6F99A2F8A55C3DF",
     "Latitud": 41.4955466,
     "Longitud": -2.5680816,
     "Distance": 0.4971097997048501,
     "Pos_date": 1701389877000
}