{
     "Matricula": "3F2BF0F9BC0EDF81585748F2BB7A9277D3ABDF4C4987EE6E7F096A42B1549327",
     "Latitud": 39.6181299,
     "Longitud": 3.3617866,
     "Distance": 0.0101133270737993,
     "Pos_date": 1701389882000
}