{
     "Matricula": "9C068A3867FCD608DB8B947A1F23EC1208950C18E3EF0B746E9B2F4310CE4883",
     "Latitud": 38.2938616,
     "Longitud": -5.3809133,
     "Distance": 0.0390493888465513,
     "Pos_date": 1701389885000
}