{
     "Matricula": "39A7C03D597FA1866B013468871534F511F50FC1679C2A121B1A0A2E965C4635",
     "Latitud": 43.9079966,
     "Longitud": -6.2355066,
     "Distance": 1.1415839313294505,
     "Pos_date": 1701389884000
}