{
     "Matricula": "44C8A1AF0DE74873DDA53C547CDE57CE0ED68811C3D22936C420588ECCE39BF4",
     "Latitud": 42.2281833,
     "Longitud": -3.8781383,
     "Distance": 0.2382927385781458,
     "Pos_date": 1701389884000
}