{
     "Matricula": "96CCDDEBC559BA6C00439D619E2F188E69090FD1EE9491C275FE8A3B84B1DCC3",
     "Latitud": 39.19808,
     "Longitud": -4.851765,
     "Distance": 0.0212979452204938,
     "Pos_date": 1701389887000
}