{
     "Matricula": "CB3976372FB0962DA9709A60F3C10C4B5416ED10B87D491AAAE44BAA2296C7E5",
     "Latitud": 41.7755366,
     "Longitud": -9.4247533,
     "Distance": 0.7954382544236147,
     "Pos_date": 1701389888000
}