{
     "Matricula": "216988BB419507DFAB380C71C4795482CA90FC861D4C361F913B93203A57F5F6",
     "Latitud": 33.54702,
     "Longitud": -114.3149033,
     "Distance": 0.1971693059920901,
     "Pos_date": 1701389891000
}