{
     "Matricula": "F4AE0241D1A98FCCB07393881F2EB5F012112A9453EE549C474D6C427E650864",
     "Latitud": 37.3592816,
     "Longitud": -2.2787416,
     "Distance": 0.1578714837432709,
     "Pos_date": 1701388892000
}