{
     "Matricula": "44C8A1AF0DE74873DDA53C547CDE57CE0ED68811C3D22936C420588ECCE39BF4",
     "Latitud": 41.2282966,
     "Longitud": -4.878948299999999,
     "Distance": 0.0668246879774328,
     "Pos_date": 1701389891000
}