{
     "Matricula": "CB3976372FB0962DA9709A60F3C10C4B5416ED10B87D491AAAE44BAA2296C7E5",
     "Latitud": 43.776015,
     "Longitud": -7.4247283,
     "Distance": 0.0532348462238458,
     "Pos_date": 1701389891000
}