{
     "Matricula": "44C8A1AF0DE74873DDA53C547CDE57CE0ED68811C3D22936C420588ECCE39BF4",
     "Latitud": 42.2286933,
     "Longitud": -3.8789566,
     "Distance": 0.0441162138281822,
     "Pos_date": 1701389895000
}