{
     "Matricula": "82FDF5C4ADC6E39A518110E31495EFB4F9C1F561693EA662EF8FAD8D63999384",
     "Latitud": 39.0520716,
     "Longitud": -3.3310583,
     "Distance": 5.009408255535101,
     "Pos_date": 1701389896000
}