{
     "Matricula": "216988BB419507DFAB380C71C4795482CA90FC861D4C361F913B93203A57F5F6",
     "Latitud": 32.5469316,
     "Longitud": -115.31499,
     "Distance": 0.0127539374671222,
     "Pos_date": 1701389900000
}