{
     "Matricula": "44C8A1AF0DE74873DDA53C547CDE57CE0ED68811C3D22936C420588ECCE39BF4",
     "Latitud": 43.229005,
     "Longitud": -2.87902,
     "Distance": 0.0350380700247631,
     "Pos_date": 1701389901000
}