{
     "Matricula": "CB3976372FB0962DA9709A60F3C10C4B5416ED10B87D491AAAE44BAA2296C7E5",
     "Latitud": 41.7761066,
     "Longitud": -9.4248299,
     "Distance": 0.013134256541422,
     "Pos_date": 1701389898000
}