{
     "Matricula": "96CCDDEBC559BA6C00439D619E2F188E69090FD1EE9491C275FE8A3B84B1DCC3",
     "Latitud": 40.1905166,
     "Longitud": -3.8535766,
     "Distance": 0.0074830007514313,
     "Pos_date": 1701388892000
}