{
     "Matricula": "8881B4F2722D5BAACFBE89FFD848EC76CF11E9745F807AF4E6F99A2F8A55C3DF",
     "Latitud": 40.492225,
     "Longitud": -3.5686233,
     "Distance": 0.3721752475850363,
     "Pos_date": 1701389911000
}