{
     "Matricula": "CB3976372FB0962DA9709A60F3C10C4B5416ED10B87D491AAAE44BAA2296C7E5",
     "Latitud": 43.7771933,
     "Longitud": -7.426371599999999,
     "Distance": 0.1744549986263828,
     "Pos_date": 1701389909000
}