{
     "Matricula": "819E6C37F3BADB27EB7E184F15B91B3B5C093D8FD55FF4082DDA5939D8713135",
     "Latitud": 40.9589566,
     "Longitud": 9.6162833,
     "Distance": 2.191475028913506,
     "Pos_date": 1701389862000
}