{
     "Matricula": "819E6C37F3BADB27EB7E184F15B91B3B5C093D8FD55FF4082DDA5939D8713135",
     "Latitud": 39.9583766,
     "Longitud": 8.6166983,
     "Distance": 0.0735560388767531,
     "Pos_date": 1701389868000
}