{
     "Matricula": "819E6C37F3BADB27EB7E184F15B91B3B5C093D8FD55FF4082DDA5939D8713135",
     "Latitud": 40.9493116,
     "Longitud": 9.621075,
     "Distance": 1.0748045937285786,
     "Pos_date": 1701389915000
}