{
     "Matricula": "768E6E117FC04FF7B66DCF13967B917C0689C55B8BF393487D6FF5912B77D2F5",
     "Latitud": 44.3492466,
     "Longitud": 11.72425,
     "Distance": 0.712595336580026,
     "Pos_date": 1701389925000
}