{
     "Matricula": "C45D1B997E2C771440AD44B4EC93794F1E6FE175EE49F8D49415BD1213ED4507",
     "Latitud": 42.38557,
     "Longitud": 3.14241,
     "Distance": 0.1181951901215379,
     "Pos_date": 1701388893000
}