{
     "Matricula": "8881B4F2722D5BAACFBE89FFD848EC76CF11E9745F807AF4E6F99A2F8A55C3DF",
     "Latitud": 40.4918483,
     "Longitud": -3.57057,
     "Distance": 0.169865135278117,
     "Pos_date": 1701389929000
}