{
     "Matricula": "8B0FE8F5A3D03881366DD8F638A5D48BAB1174DC7DAFCA6E48EC624B6E1BFCBB",
     "Latitud": 37.2704416,
     "Longitud": -6.9507633,
     "Distance": 0.4902410740590754,
     "Pos_date": 1701389931000
}