{
     "Matricula": "E0047EE446AB648BEA8D01836B0FBDBA466C8C19A4EFA5788990BB1D505D5919",
     "Latitud": 42.121655,
     "Longitud": 2.1927666666666665,
     "Distance": 0.0041346546600324,
     "Pos_date": 1701389940000
}