{
     "Matricula": "17EF290090A9EDE96C2B3EC2F6045398FD269B250C4FAAAD79710903A313A36C",
     "Latitud": 40.46614,
     "Longitud": -3.6714983,
     "Distance": 0.6716459548499937,
     "Pos_date": 1701389943000
}