{
     "Matricula": "23ED941E3ED5B0591B9F22826E331B2FCB3F1C8D49F661280801A3C964C2FBAE",
     "Latitud": 39.44603,
     "Longitud": -6.5011499,
     "Distance": 1.8486399416747217,
     "Pos_date": 1701389944000
}