{
     "Matricula": "4CD3FCAC24AA17EB8A4985E4F997FD3730871E563B5536B369A38FB9F5E20CDB",
     "Latitud": -32.773141,
     "Longitud": -68.060263,
     "Distance": 1.0556614936929851,
     "Pos_date": 1701389875000
}