{
     "Matricula": "F4AE0241D1A98FCCB07393881F2EB5F012112A9453EE549C474D6C427E650864",
     "Latitud": 37.359265,
     "Longitud": -2.2787466,
     "Distance": 0.0018980010368102,
     "Pos_date": 1701388898000
}