{
     "Matricula": "46DBBE2036029597B9E5A745B2723E3B48CEA05926D052BF2384161CF8B70AB8",
     "Latitud": 20.4304466,
     "Longitud": -98.1952016,
     "Distance": 0.0026215519378658,
     "Pos_date": 1701389935000
}