{
     "Matricula": "8B0FE8F5A3D03881366DD8F638A5D48BAB1174DC7DAFCA6E48EC624B6E1BFCBB",
     "Latitud": 37.2724366,
     "Longitud": -6.9498333,
     "Distance": 0.2366060522382744,
     "Pos_date": 1701389956000
}