{
     "Matricula": "96CCDDEBC559BA6C00439D619E2F188E69090FD1EE9491C275FE8A3B84B1DCC3",
     "Latitud": 40.200285,
     "Longitud": -3.847085,
     "Distance": 0.4670173648391081,
     "Pos_date": 1701389958000
}