{
     "Matricula": "B3C6B707FF586E09DD4455DAB6DEA799EC9DA501B0181ABE235EC1E192A20E3D",
     "Latitud": 41.7723754,
     "Longitud": 2.6732007,
     "Distance": 0.0036663184372917,
     "Pos_date": 1701389971000
}