{
     "Matricula": "DE270AC86D7A5AF5255D130A15B83A4A5536E712ACBDAC6B87A8638D9EF9B2E6",
     "Latitud": 40.4838216,
     "Longitud": -3.67118,
     "Distance": 3.8924578768062834,
     "Pos_date": 1701389969000
}