{
     "Matricula": "82FDF5C4ADC6E39A518110E31495EFB4F9C1F561693EA662EF8FAD8D63999384",
     "Latitud": 39.0958649,
     "Longitud": -3.30856,
     "Distance": 0.5023003504101964,
     "Pos_date": 1701388888000
}