{
     "Matricula": "23ED941E3ED5B0591B9F22826E331B2FCB3F1C8D49F661280801A3C964C2FBAE",
     "Latitud": 39.4456533,
     "Longitud": -6.5031183,
     "Distance": 0.1741348605360842,
     "Pos_date": 1701389972000
}