{
     "Matricula": "D27B62DF2FE5D39E189D483C49D0DD12E9CE25A8778307460262F026137B0350",
     "Latitud": 43.8983033,
     "Longitud": 7.581299899999999,
     "Distance": 0.0076404039622249,
     "Pos_date": 1701389977000
}