{
     "Matricula": "44C8A1AF0DE74873DDA53C547CDE57CE0ED68811C3D22936C420588ECCE39BF4",
     "Latitud": 43.2298233,
     "Longitud": -2.8867666,
     "Distance": 0.1102522083816003,
     "Pos_date": 1701389984000
}