{
     "Matricula": "768E6E117FC04FF7B66DCF13967B917C0689C55B8BF393487D6FF5912B77D2F5",
     "Latitud": 43.3528233,
     "Longitud": 10.7170366,
     "Distance": 0.6979531887212498,
     "Pos_date": 1701389996000
}