{
     "Matricula": "679E1E2CF2BC6497342347D4B137CD3DC0C80EAF38A97781ADB848F40E7923FB",
     "Latitud": 40.5620266,
     "Longitud": 3.970675,
     "Distance": 4.629643293195148,
     "Pos_date": 1701389998000
}