{
     "Matricula": "F28866C0CF5333C77C245F93F8BE91DB1615539BF1188E087D18FB6EC9040A51",
     "Latitud": 26.85684,
     "Longitud": -16.3897783,
     "Distance": 0.0101712712606786,
     "Pos_date": 1701390000000
}