{
     "Matricula": "730655A225241D534D1C78911ACA85AB05E607C709D7B9520443018F8A067709",
     "Latitud": 43.425415,
     "Longitud": -3.851595,
     "Distance": 0.0019882232330007,
     "Pos_date": 1701388898000
}