{
     "Matricula": "17EF290090A9EDE96C2B3EC2F6045398FD269B250C4FAAAD79710903A313A36C",
     "Latitud": 40.4672166,
     "Longitud": -3.6659683,
     "Distance": 0.4828867735402423,
     "Pos_date": 1701390008000
}