{
     "Matricula": "96CCDDEBC559BA6C00439D619E2F188E69090FD1EE9491C275FE8A3B84B1DCC3",
     "Latitud": 41.204725,
     "Longitud": -2.8521716,
     "Distance": 0.6560196865801248,
     "Pos_date": 1701390011000
}