{
     "Matricula": "671D8B81DD587CB93F5DAB19E861BF70ED5F9464E646842113481950C358B3EE",
     "Latitud": 40.1669983,
     "Longitud": -8.8838683,
     "Distance": 0.0063048376453406,
     "Pos_date": 1701390011000
}