{
     "Matricula": "96CCDDEBC559BA6C00439D619E2F188E69090FD1EE9491C275FE8A3B84B1DCC3",
     "Latitud": 41.2045466,
     "Longitud": -2.8523983,
     "Distance": 0.0276436133108899,
     "Pos_date": 1701390015000
}