{
     "Matricula": "7E4A080157027B36C4D596160AC49CA6DBA51495D30AB66AC4B6C5D44B16E263",
     "Latitud": 31.5585699,
     "Longitud": -116.3028033,
     "Distance": 0.6755345961902415,
     "Pos_date": 1701390013000
}