{
     "Matricula": "A14E8BE45CB9F9B1B8F8BFBED680BCFE79912B7C935C4B9D80F36FCAEC9F3A48",
     "Latitud": 39.6732483,
     "Longitud": -3.0623183000000003,
     "Distance": 0.0435358373516624,
     "Pos_date": 1701388900000
}