{
     "Matricula": "7E4A080157027B36C4D596160AC49CA6DBA51495D30AB66AC4B6C5D44B16E263",
     "Latitud": 32.5589816,
     "Longitud": -115.304905,
     "Distance": 0.2022204839111721,
     "Pos_date": 1701390025000
}