{
     "Matricula": "F1B2B87C7D3D0D8652C36CD40ABF6460D9ED377C1FF8E97BCE56D9CA5EC26A38",
     "Latitud": 37.2679233,
     "Longitud": -6.9693366,
     "Distance": 2.4896712820874245,
     "Pos_date": 1701390028000
}