{
     "Matricula": "44C8A1AF0DE74873DDA53C547CDE57CE0ED68811C3D22936C420588ECCE39BF4",
     "Latitud": 43.2283733,
     "Longitud": -2.8897233,
     "Distance": 0.2014856886259446,
     "Pos_date": 1701390030000
}