{
     "Matricula": "679E1E2CF2BC6497342347D4B137CD3DC0C80EAF38A97781ADB848F40E7923FB",
     "Latitud": 38.560485,
     "Longitud": 1.97734,
     "Distance": 0.5965187895477632,
     "Pos_date": 1701390031000
}