{
     "Matricula": "61E9C8A81EEC32F7DADD350A7DEF8062150D99E745599F7F8E4FFAB8E35187E6",
     "Latitud": 38.8699116,
     "Longitud": -3.7941233,
     "Distance": 0.8747519253225968,
     "Pos_date": 1701390030000
}