{
     "Matricula": "FF3C59B448620745BF18F32F614A1E7B43B32C7A89545EC541A90558D199D111",
     "Latitud": 39.0141367,
     "Longitud": -3.5635112,
     "Distance": 0.0044830880874134,
     "Pos_date": 1701390034000
}