{
     "Matricula": "23ED941E3ED5B0591B9F22826E331B2FCB3F1C8D49F661280801A3C964C2FBAE",
     "Latitud": 38.4466316,
     "Longitud": -7.503685,
     "Distance": 0.1191698306595353,
     "Pos_date": 1701390033000
}