{
     "Matricula": "4CD3FCAC24AA17EB8A4985E4F997FD3730871E563B5536B369A38FB9F5E20CDB",
     "Latitud": -33.75529,
     "Longitud": -69.056216,
     "Distance": 2.019889729739535,
     "Pos_date": 1701389995000
}