{
     "Matricula": "61E9C8A81EEC32F7DADD350A7DEF8062150D99E745599F7F8E4FFAB8E35187E6",
     "Latitud": 37.8699133,
     "Longitud": -4.7948733,
     "Distance": 0.0658338651902914,
     "Pos_date": 1701390042000
}