{
     "Matricula": "508F5591B74AE64243D2DCF64C584E049B90F347F02FFCBC647164BB8D2FE9F7",
     "Latitud": 20.1648968,
     "Longitud": -69.486362,
     "Distance": 2.874647150776655,
     "Pos_date": 1701389881000
}