{
     "Matricula": "508F5591B74AE64243D2DCF64C584E049B90F347F02FFCBC647164BB8D2FE9F7",
     "Latitud": 20.1427827,
     "Longitud": -69.4698396,
     "Distance": 3.0097426462379877,
     "Pos_date": 1701390001000
}