{
     "Matricula": "96CCDDEBC559BA6C00439D619E2F188E69090FD1EE9491C275FE8A3B84B1DCC3",
     "Latitud": 41.2032449,
     "Longitud": -2.8584766,
     "Distance": 0.5361114632276486,
     "Pos_date": 1701390052000
}