{
     "Matricula": "E8D5D7745EE18927FC55BAD5FD79EA2AE5C9C781209D76F070370B1DB612B47A",
     "Latitud": 43.2735183,
     "Longitud": -5.8101166,
     "Distance": 0.0019642408286796,
     "Pos_date": 1701390055000
}