{
     "Matricula": "46DBBE2036029597B9E5A745B2723E3B48CEA05926D052BF2384161CF8B70AB8",
     "Latitud": 19.4297183,
     "Longitud": -99.19548,
     "Distance": 0.0860847116527539,
     "Pos_date": 1701390058000
}