{
     "Matricula": "9B601CE80D877E39671E5F451442AEF07FDB299F63E29CF2FA879BD999E6C92F",
     "Latitud": -31.977026,
     "Longitud": -67.648492,
     "Distance": 0.0137319010641207,
     "Pos_date": 1701390061000
}