{
     "Matricula": "9C068A3867FCD608DB8B947A1F23EC1208950C18E3EF0B746E9B2F4310CE4883",
     "Latitud": 36.2901666,
     "Longitud": -7.38553,
     "Distance": 0.579313233296889,
     "Pos_date": 1701390062000
}