{
     "Matricula": "AB84F8F8ACB033E9E444548A8C4769951BD2D1134E3238514C6CF3D922494379",
     "Latitud": -34.0122809,
     "Longitud": -69.9036717,
     "Distance": 0.0016658956406159,
     "Pos_date": 1701388810000
}