{
     "Matricula": "39A7C03D597FA1866B013468871534F511F50FC1679C2A121B1A0A2E965C4635",
     "Latitud": 42.7500033,
     "Longitud": -7.0604316,
     "Distance": 1.9024851448440927,
     "Pos_date": 1701388902000
}