{
     "Matricula": "17EF290090A9EDE96C2B3EC2F6045398FD269B250C4FAAAD79710903A313A36C",
     "Latitud": 40.4735183,
     "Longitud": -3.6673983,
     "Distance": 0.7110824425801339,
     "Pos_date": 1701390067000
}