{
     "Matricula": "46DBBE2036029597B9E5A745B2723E3B48CEA05926D052BF2384161CF8B70AB8",
     "Latitud": 19.4297633,
     "Longitud": -99.19552,
     "Distance": 0.006529291060736,
     "Pos_date": 1701390070000
}