{
     "Matricula": "8881B4F2722D5BAACFBE89FFD848EC76CF11E9745F807AF4E6F99A2F8A55C3DF",
     "Latitud": 40.481315,
     "Longitud": -3.5798533,
     "Distance": 1.4100347568655986,
     "Pos_date": 1701390071000
}