{
     "Matricula": "96CCDDEBC559BA6C00439D619E2F188E69090FD1EE9491C275FE8A3B84B1DCC3",
     "Latitud": 40.2045733,
     "Longitud": -3.8609533,
     "Distance": 0.2570203666860367,
     "Pos_date": 1701390076000
}