{
     "Matricula": "44C8A1AF0DE74873DDA53C547CDE57CE0ED68811C3D22936C420588ECCE39BF4",
     "Latitud": 43.2258616,
     "Longitud": -2.88855,
     "Distance": 0.2950238883306373,
     "Pos_date": 1701390074000
}