{
     "Matricula": "9E1AFCD5BA4E22A6760253B3D722E4263303C8E9629BB44029D4F9672DF44A13",
     "Latitud": 19.0222791,
     "Longitud": -70.4458637,
     "Distance": 3.4879943220428222,
     "Pos_date": 1701389921000
}