{
     "Matricula": "9E1AFCD5BA4E22A6760253B3D722E4263303C8E9629BB44029D4F9672DF44A13",
     "Latitud": 19.0097465,
     "Longitud": -70.4438665,
     "Distance": 1.4092913417109345,
     "Pos_date": 1701389968000
}