{
     "Matricula": "DE270AC86D7A5AF5255D130A15B83A4A5536E712ACBDAC6B87A8638D9EF9B2E6",
     "Latitud": 38.4122416,
     "Longitud": -5.719455,
     "Distance": 0.0,
     "Pos_date": 1701388892020
}