{
     "Matricula": "9E1AFCD5BA4E22A6760253B3D722E4263303C8E9629BB44029D4F9672DF44A13",
     "Latitud": 18.9950542,
     "Longitud": -70.4342677,
     "Distance": 1.9202725267359264,
     "Pos_date": 1701390041000
}