{
     "Matricula": "8881B4F2722D5BAACFBE89FFD848EC76CF11E9745F807AF4E6F99A2F8A55C3DF",
     "Latitud": 40.4814249,
     "Longitud": -3.5795266,
     "Distance": 0.030212970340502,
     "Pos_date": 1701390077000
}