{
     "Matricula": "82FDF5C4ADC6E39A518110E31495EFB4F9C1F561693EA662EF8FAD8D63999384",
     "Latitud": 38.0170683,
     "Longitud": -4.3570549,
     "Distance": 4.49343631728269,
     "Pos_date": 1701390078000
}