{
     "Matricula": "8881B4F2722D5BAACFBE89FFD848EC76CF11E9745F807AF4E6F99A2F8A55C3DF",
     "Latitud": 39.4816549,
     "Longitud": -4.5795966,
     "Distance": 0.0262511835262,
     "Pos_date": 1701390082000
}