{
     "Matricula": "39A7C03D597FA1866B013468871534F511F50FC1679C2A121B1A0A2E965C4635",
     "Latitud": 43.90635,
     "Longitud": -6.2945116,
     "Distance": 2.010901216827783,
     "Pos_date": 1701390082000
}