{
     "Matricula": "B3C6B707FF586E09DD4455DAB6DEA799EC9DA501B0181ABE235EC1E192A20E3D",
     "Latitud": 41.772376,
     "Longitud": 2.6731862,
     "Distance": 0.0012043197377177,
     "Pos_date": 1701390091000
}