{
     "Matricula": "96CCDDEBC559BA6C00439D619E2F188E69090FD1EE9491C275FE8A3B84B1DCC3",
     "Latitud": 41.2034466,
     "Longitud": -2.8592383,
     "Distance": 0.1921171249496942,
     "Pos_date": 1701390091000
}