{
     "Matricula": "8881B4F2722D5BAACFBE89FFD848EC76CF11E9745F807AF4E6F99A2F8A55C3DF",
     "Latitud": 40.482445,
     "Longitud": -3.5797183,
     "Distance": 0.08845612345453,
     "Pos_date": 1701390091000
}