{
     "Matricula": "DE270AC86D7A5AF5255D130A15B83A4A5536E712ACBDAC6B87A8638D9EF9B2E6",
     "Latitud": 40.4121649,
     "Longitud": -3.7194333,
     "Distance": 0.0087243005337829,
     "Pos_date": 1701388900000
}