{
     "Matricula": "DE270AC86D7A5AF5255D130A15B83A4A5536E712ACBDAC6B87A8638D9EF9B2E6",
     "Latitud": 40.4790466,
     "Longitud": -3.63499,
     "Distance": 3.106544940605553,
     "Pos_date": 1701390097000
}