{
     "Matricula": "8881B4F2722D5BAACFBE89FFD848EC76CF11E9745F807AF4E6F99A2F8A55C3DF",
     "Latitud": 39.4828149,
     "Longitud": -4.5791016,
     "Distance": 0.0664242238015413,
     "Pos_date": 1701390099000
}