{
     "Matricula": "8881B4F2722D5BAACFBE89FFD848EC76CF11E9745F807AF4E6F99A2F8A55C3DF",
     "Latitud": 39.48268,
     "Longitud": -4.5790566,
     "Distance": 0.0154755039806303,
     "Pos_date": 1701390101000
}