{
     "Matricula": "0872559FB2E1D5E4ADBFECC22DD8AC7ED66EF76026E1AA97D9EC085F2F413185",
     "Latitud": 20.6804478,
     "Longitud": -69.3726794,
     "Distance": 0.6066379107639196,
     "Pos_date": 1701389955000
}