{
     "Matricula": "61E9C8A81EEC32F7DADD350A7DEF8062150D99E745599F7F8E4FFAB8E35187E6",
     "Latitud": 37.8704433,
     "Longitud": -4.7953849,
     "Distance": 0.0740931493951823,
     "Pos_date": 1701390122000
}