{
     "Matricula": "96CCDDEBC559BA6C00439D619E2F188E69090FD1EE9491C275FE8A3B84B1DCC3",
     "Latitud": 38.1905083,
     "Longitud": -5.8536366,
     "Distance": 0.0051794251807766,
     "Pos_date": 1701388904000
}