{
     "Matricula": "819E6C37F3BADB27EB7E184F15B91B3B5C093D8FD55FF4082DDA5939D8713135",
     "Latitud": 40.9047083,
     "Longitud": 9.6295633,
     "Distance": 5.012205214782211,
     "Pos_date": 1701390097000
}