{
     "Matricula": "96CCDDEBC559BA6C00439D619E2F188E69090FD1EE9491C275FE8A3B84B1DCC3",
     "Latitud": 41.2045616,
     "Longitud": -2.8519016,
     "Distance": 0.6352874172707297,
     "Pos_date": 1701390134000
}