{
     "Matricula": "7E4A080157027B36C4D596160AC49CA6DBA51495D30AB66AC4B6C5D44B16E263",
     "Latitud": 33.5683449,
     "Longitud": -114.334805,
     "Distance": 2.98924163883297,
     "Pos_date": 1701390132000
}