{
     "Matricula": "4CD3FCAC24AA17EB8A4985E4F997FD3730871E563B5536B369A38FB9F5E20CDB",
     "Latitud": -34.723958,
     "Longitud": -70.050704,
     "Distance": 3.521047565498596,
     "Pos_date": 1701390115000
}