{
     "Matricula": "17EF290090A9EDE96C2B3EC2F6045398FD269B250C4FAAAD79710903A313A36C",
     "Latitud": 41.4738983,
     "Longitud": -2.66385,
     "Distance": 0.3030981101361126,
     "Pos_date": 1701390135000
}