{
     "Matricula": "F1B2B87C7D3D0D8652C36CD40ABF6460D9ED377C1FF8E97BCE56D9CA5EC26A38",
     "Latitud": 38.2702633,
     "Longitud": -5.9894983,
     "Distance": 1.80296417302132,
     "Pos_date": 1701390137000
}