{
     "Matricula": "8B0FE8F5A3D03881366DD8F638A5D48BAB1174DC7DAFCA6E48EC624B6E1BFCBB",
     "Latitud": 36.2785233,
     "Longitud": -7.9231933,
     "Distance": 0.9766973546998168,
     "Pos_date": 1701390136000
}