{
     "Matricula": "216988BB419507DFAB380C71C4795482CA90FC861D4C361F913B93203A57F5F6",
     "Latitud": 33.5477133,
     "Longitud": -114.31673,
     "Distance": 0.1848096767667787,
     "Pos_date": 1701390140000
}