{
     "Matricula": "679E1E2CF2BC6497342347D4B137CD3DC0C80EAF38A97781ADB848F40E7923FB",
     "Latitud": 39.6158483,
     "Longitud": 2.7178283,
     "Distance": 0.0848797013980072,
     "Pos_date": 1701388907000
}