{
     "Matricula": "DE270AC86D7A5AF5255D130A15B83A4A5536E712ACBDAC6B87A8638D9EF9B2E6",
     "Latitud": 41.4718683,
     "Longitud": -2.6245166,
     "Distance": 1.1924357495705276,
     "Pos_date": 1701390152000
}