{
     "Matricula": "39A7C03D597FA1866B013468871534F511F50FC1679C2A121B1A0A2E965C4635",
     "Latitud": 43.9116333,
     "Longitud": -6.3183333,
     "Distance": 2.0271125341811302,
     "Pos_date": 1701390156000
}