{
     "Matricula": "46DBBE2036029597B9E5A745B2723E3B48CEA05926D052BF2384161CF8B70AB8",
     "Latitud": 18.4298533,
     "Longitud": -100.1960616,
     "Distance": 0.0576684975422276,
     "Pos_date": 1701390168000
}