{
     "Matricula": "B3C6B707FF586E09DD4455DAB6DEA799EC9DA501B0181ABE235EC1E192A20E3D",
     "Latitud": 41.772338,
     "Longitud": 2.6732469,
     "Distance": 0.0065721508908791,
     "Pos_date": 1701390185000
}