{
     "Matricula": "46DBBE2036029597B9E5A745B2723E3B48CEA05926D052BF2384161CF8B70AB8",
     "Latitud": 20.42984,
     "Longitud": -98.1962666,
     "Distance": 0.0215476162622232,
     "Pos_date": 1701390181000
}