{
     "Matricula": "82FDF5C4ADC6E39A518110E31495EFB4F9C1F561693EA662EF8FAD8D63999384",
     "Latitud": 39.00974,
     "Longitud": -3.36974,
     "Distance": 1.3657126042081031,
     "Pos_date": 1701390184000
}