{
     "Matricula": "679E1E2CF2BC6497342347D4B137CD3DC0C80EAF38A97781ADB848F40E7923FB",
     "Latitud": 39.56346,
     "Longitud": 3.0356033,
     "Distance": 5.005523934494043,
     "Pos_date": 1701390199000
}