{
     "Matricula": "8B0FE8F5A3D03881366DD8F638A5D48BAB1174DC7DAFCA6E48EC624B6E1BFCBB",
     "Latitud": 38.2719533,
     "Longitud": -5.93001,
     "Distance": 0.947365175689682,
     "Pos_date": 1701390200000
}