{
     "Matricula": "39A7C03D597FA1866B013468871534F511F50FC1679C2A121B1A0A2E965C4635",
     "Latitud": 42.91357,
     "Longitud": -7.33488,
     "Distance": 1.364637981096232,
     "Pos_date": 1701390203000
}