{
     "Matricula": "96CCDDEBC559BA6C00439D619E2F188E69090FD1EE9491C275FE8A3B84B1DCC3",
     "Latitud": 40.1905083,
     "Longitud": -3.8536666,
     "Distance": 0.0025482674797046,
     "Pos_date": 1701388914000
}