{
     "Matricula": "D0987C421B7385E3BF5BC30D521B4F7684CDBC4CCE30DF650B89F94579B337DA",
     "Latitud": 36.1609533,
     "Longitud": -7.1411166,
     "Distance": 0.0082357119016587,
     "Pos_date": 1701390209000
}