{
     "Matricula": "FF3C59B448620745BF18F32F614A1E7B43B32C7A89545EC541A90558D199D111",
     "Latitud": 38.0141416,
     "Longitud": -4.5635324,
     "Distance": 0.0027504361743556,
     "Pos_date": 1701390214000
}