{
     "Matricula": "19CB2C27AEA2A6C6C4DBAAB759FC3A4D6FC7A80E197BBA6B9814F7F04708C407",
     "Latitud": 42.4374516,
     "Longitud": -8.8178483,
     "Distance": 0.0050166872716715,
     "Pos_date": 1701390213000
}