{
     "Matricula": "96CCDDEBC559BA6C00439D619E2F188E69090FD1EE9491C275FE8A3B84B1DCC3",
     "Latitud": 41.2096816,
     "Longitud": -2.8388883,
     "Distance": 1.2431363390924297,
     "Pos_date": 1701390214000
}