{
     "Matricula": "D0987C421B7385E3BF5BC30D521B4F7684CDBC4CCE30DF650B89F94579B337DA",
     "Latitud": 38.1608416,
     "Longitud": -5.1410816,
     "Distance": 0.0128018855141233,
     "Pos_date": 1701390224000
}