{
     "Matricula": "09146B272A3A4286F445DB065CDE7500601FEB1F28507C9639C44DBD771361FC",
     "Latitud": 41.3460203,
     "Longitud": -2.6630562,
     "Distance": 0.0219786057311078,
     "Pos_date": 1701390227000
}