{
     "Matricula": "8881B4F2722D5BAACFBE89FFD848EC76CF11E9745F807AF4E6F99A2F8A55C3DF",
     "Latitud": 39.47376,
     "Longitud": -4.5728183,
     "Distance": 1.123472829109472,
     "Pos_date": 1701390229000
}