{
     "Matricula": "572AC77A5DE790549FEE5175A2B243ADE2CA3CE6CF97AD5735784BA335DE15BA",
     "Latitud": 19.4423037,
     "Longitud": -70.7124856,
     "Distance": 0.0010108063381633,
     "Pos_date": 1701388824000
}