{
     "Matricula": "516291E66CB7B610917EC0E831D1400378A69D1C8F3651431F5D95250A8D4E82",
     "Latitud": 43.898315,
     "Longitud": 7.5812966,
     "Distance": 0.0100955270329019,
     "Pos_date": 1701390232000
}