{
     "Matricula": "AE761A87AB9E32A666F296B3596A9CD533B214ECA5D011EE7C0CAE3C6CE822F4",
     "Latitud": 18.6266127,
     "Longitud": -71.2789112,
     "Distance": 0.0432304795407555,
     "Pos_date": 1701390209000
}