{
     "Matricula": "AE761A87AB9E32A666F296B3596A9CD533B214ECA5D011EE7C0CAE3C6CE822F4",
     "Latitud": 19.6278171,
     "Longitud": -70.2796768,
     "Distance": 0.1560930720043578,
     "Pos_date": 1701390232000
}