{
     "Matricula": "768E6E117FC04FF7B66DCF13967B917C0689C55B8BF393487D6FF5912B77D2F5",
     "Latitud": 44.3539266,
     "Longitud": 11.71792,
     "Distance": 0.1413654354468005,
     "Pos_date": 1701390236000
}