{
     "Matricula": "F28866C0CF5333C77C245F93F8BE91DB1615539BF1188E087D18FB6EC9040A51",
     "Latitud": 27.8569133,
     "Longitud": -15.38969,
     "Distance": 0.0119074497563009,
     "Pos_date": 1701390240000
}