{
     "Matricula": "DE270AC86D7A5AF5255D130A15B83A4A5536E712ACBDAC6B87A8638D9EF9B2E6",
     "Latitud": 39.463235,
     "Longitud": -4.620351599999999,
     "Distance": 1.0225960242553211,
     "Pos_date": 1701390241000
}