{
     "Matricula": "671D8B81DD587CB93F5DAB19E861BF70ED5F9464E646842113481950C358B3EE",
     "Latitud": 41.1669833,
     "Longitud": -7.883954900000001,
     "Distance": 0.0075452116543932,
     "Pos_date": 1701390251000
}