{
     "Matricula": "768E6E117FC04FF7B66DCF13967B917C0689C55B8BF393487D6FF5912B77D2F5",
     "Latitud": 45.3548366,
     "Longitud": 12.7189616,
     "Distance": 0.1307565933203327,
     "Pos_date": 1701390263000
}