{
     "Matricula": "44C8A1AF0DE74873DDA53C547CDE57CE0ED68811C3D22936C420588ECCE39BF4",
     "Latitud": 44.2233933,
     "Longitud": -1.8902283,
     "Distance": 0.3063030456260172,
     "Pos_date": 1701390224000
}