{
     "Matricula": "44C8A1AF0DE74873DDA53C547CDE57CE0ED68811C3D22936C420588ECCE39BF4",
     "Latitud": 43.2234216,
     "Longitud": -2.8901533,
     "Distance": 0.0068434178921003,
     "Pos_date": 1701390252000
}