{
     "Matricula": "069683C681F78E1053AF5A8EE9B0B3104A37813A42FFFB1BA9B8BCE4775FF700",
     "Latitud": 37.881895,
     "Longitud": -4.8207966,
     "Distance": 0.0081287348455577,
     "Pos_date": 1701390273000
}