{
     "Matricula": "FF3C59B448620745BF18F32F614A1E7B43B32C7A89545EC541A90558D199D111",
     "Latitud": 38.0141179,
     "Longitud": -4.5635434,
     "Distance": 0.0028059904320305,
     "Pos_date": 1701390274000
}