{
     "Matricula": "819E6C37F3BADB27EB7E184F15B91B3B5C093D8FD55FF4082DDA5939D8713135",
     "Latitud": 39.8613983,
     "Longitud": 8.612865,
     "Distance": 5.02220603454109,
     "Pos_date": 1701390272000
}