{
     "Matricula": "9E1AFCD5BA4E22A6760253B3D722E4263303C8E9629BB44029D4F9672DF44A13",
     "Latitud": 18.2460729,
     "Longitud": -71.5326198,
     "Distance": 1.0376112501061916,
     "Pos_date": 1701388841000
}