{
     "Matricula": "0B50B5AF0509E8A49158007E5E2B64366663DC54C5FD4C3E76E3FBF8ED261934",
     "Latitud": 41.03337,
     "Longitud": -7.7963133,
     "Distance": 0.0176154093104298,
     "Pos_date": 1701390270000
}