{
     "Matricula": "0B50B5AF0509E8A49158007E5E2B64366663DC54C5FD4C3E76E3FBF8ED261934",
     "Latitud": 40.03337,
     "Longitud": -8.7963133,
     "Distance": 0.0,
     "Pos_date": 1701390270010
}