{
     "Matricula": "8881B4F2722D5BAACFBE89FFD848EC76CF11E9745F807AF4E6F99A2F8A55C3DF",
     "Latitud": 40.4710783,
     "Longitud": -3.5717783,
     "Distance": 0.2598657233986693,
     "Pos_date": 1701390280000
}