{
     "Matricula": "0B50B5AF0509E8A49158007E5E2B64366663DC54C5FD4C3E76E3FBF8ED261934",
     "Latitud": 43.0333866,
     "Longitud": -5.7961666,
     "Distance": 0.0122558511557633,
     "Pos_date": 1701390283000
}