{
     "Matricula": "768E6E117FC04FF7B66DCF13967B917C0689C55B8BF393487D6FF5912B77D2F5",
     "Latitud": 45.3530816,
     "Longitud": 12.7210166,
     "Distance": 0.2545165358743681,
     "Pos_date": 1701390284000
}