{
     "Matricula": "09146B272A3A4286F445DB065CDE7500601FEB1F28507C9639C44DBD771361FC",
     "Latitud": 40.3459875,
     "Longitud": -3.6631081,
     "Distance": 0.0057138252025182,
     "Pos_date": 1701390287000
}