{
     "Matricula": "069683C681F78E1053AF5A8EE9B0B3104A37813A42FFFB1BA9B8BCE4775FF700",
     "Latitud": 37.8822183,
     "Longitud": -4.8207233,
     "Distance": 0.0365204275557236,
     "Pos_date": 1701390285000
}