{
     "Matricula": "7E4A080157027B36C4D596160AC49CA6DBA51495D30AB66AC4B6C5D44B16E263",
     "Latitud": 33.5742233,
     "Longitud": -114.35143,
     "Distance": 1.689444233280845,
     "Pos_date": 1701390288000
}