{
     "Matricula": "508F5591B74AE64243D2DCF64C584E049B90F347F02FFCBC647164BB8D2FE9F7",
     "Latitud": 21.1214269,
     "Longitud": -68.4509566,
     "Distance": 3.094213605233144,
     "Pos_date": 1701390121000
}