{
     "Matricula": "508F5591B74AE64243D2DCF64C584E049B90F347F02FFCBC647164BB8D2FE9F7",
     "Latitud": 19.096416,
     "Longitud": -70.438529,
     "Distance": 3.072364115698197,
     "Pos_date": 1701390241000
}