{
     "Matricula": "8BF12194622A41A0C1789A99634AA8F81B08BBF7C271BE92A62999EC14F0BB4B",
     "Latitud": 40.3996333,
     "Longitud": -5.738105,
     "Distance": 1.257368123353618,
     "Pos_date": 1701388805000
}