{
     "Matricula": "2C8E3F14BA2AAB9EEC673B515CB9585FDFEB1350ED85E58009701A414F78E035",
     "Latitud": 19.419444,
     "Longitud": -69.7898338,
     "Distance": 0.0012223463281563,
     "Pos_date": 1701388894000
}