{
     "Matricula": "508F5591B74AE64243D2DCF64C584E049B90F347F02FFCBC647164BB8D2FE9F7",
     "Latitud": 20.0874866,
     "Longitud": -69.4387541,
     "Distance": 0.9931870460257068,
     "Pos_date": 1701390277000
}