{
     "Matricula": "39A7C03D597FA1866B013468871534F511F50FC1679C2A121B1A0A2E965C4635",
     "Latitud": 41.9229583,
     "Longitud": -8.355859899999999,
     "Distance": 2.002118181880429,
     "Pos_date": 1701390272000
}