{
     "Matricula": "E8D5D7745EE18927FC55BAD5FD79EA2AE5C9C781209D76F070370B1DB612B47A",
     "Latitud": 43.2736733,
     "Longitud": -5.81012,
     "Distance": 0.0172374354109062,
     "Pos_date": 1701390295000
}