{
     "Matricula": "E0047EE446AB648BEA8D01836B0FBDBA466C8C19A4EFA5788990BB1D505D5919",
     "Latitud": 40.12164333333333,
     "Longitud": 0.1927833333333333,
     "Distance": 0.0023202556195127,
     "Pos_date": 1701390300000
}