{
     "Matricula": "069683C681F78E1053AF5A8EE9B0B3104A37813A42FFFB1BA9B8BCE4775FF700",
     "Latitud": 37.8822966,
     "Longitud": -4.8194466,
     "Distance": 0.1123853129489642,
     "Pos_date": 1701390303000
}