{
     "Matricula": "07F0F06AFDDE789E75C987F1E8AF8E5F48E72512AD4FC4FBD22D89D19D0618BC",
     "Latitud": 41.165623333333336,
     "Longitud": -8.62005,
     "Distance": 0.020988161355479,
     "Pos_date": 1701390305000
}