{
     "Matricula": "8B0FE8F5A3D03881366DD8F638A5D48BAB1174DC7DAFCA6E48EC624B6E1BFCBB",
     "Latitud": 37.2666966,
     "Longitud": -6.9374083,
     "Distance": 0.8776395307713265,
     "Pos_date": 1701390307000
}