{
     "Matricula": "17EF290090A9EDE96C2B3EC2F6045398FD269B250C4FAAAD79710903A313A36C",
     "Latitud": 40.4728099,
     "Longitud": -3.6630983,
     "Distance": 0.1367110571536126,
     "Pos_date": 1701390310000
}