{
     "Matricula": "F4AE0241D1A98FCCB07393881F2EB5F012112A9453EE549C474D6C427E650864",
     "Latitud": 36.3592733,
     "Longitud": -3.2770466,
     "Distance": 0.1502539115348929,
     "Pos_date": 1701388918000
}