{
     "Matricula": "96CCDDEBC559BA6C00439D619E2F188E69090FD1EE9491C275FE8A3B84B1DCC3",
     "Latitud": 41.205035,
     "Longitud": -2.8209866,
     "Distance": 1.6056354072164971,
     "Pos_date": 1701390312000
}