{
     "Matricula": "768E6E117FC04FF7B66DCF13967B917C0689C55B8BF393487D6FF5912B77D2F5",
     "Latitud": 45.3504199,
     "Longitud": 12.7192333,
     "Distance": 0.3281800650944227,
     "Pos_date": 1701390313000
}