{
     "Matricula": "9E1AFCD5BA4E22A6760253B3D722E4263303C8E9629BB44029D4F9672DF44A13",
     "Latitud": 18.9719062,
     "Longitud": -70.4201012,
     "Distance": 2.973887844630322,
     "Pos_date": 1701390146000
}