{
     "Matricula": "9E1AFCD5BA4E22A6760253B3D722E4263303C8E9629BB44029D4F9672DF44A13",
     "Latitud": 18.9703126,
     "Longitud": -70.4177142,
     "Distance": 0.3072520426286465,
     "Pos_date": 1701390161000
}