{
     "Matricula": "9E1AFCD5BA4E22A6760253B3D722E4263303C8E9629BB44029D4F9672DF44A13",
     "Latitud": 17.9468653,
     "Longitud": -71.3961896,
     "Distance": 3.452749668528685,
     "Pos_date": 1701390281000
}