{
     "Matricula": "9010AF87D0F1FCB0AAE1560B63C773703D2207A299A992D278C0AB8B11A50B6C",
     "Latitud": 17.219973,
     "Longitud": -72.5111576,
     "Distance": 0.088616652601611,
     "Pos_date": 1701390220000
}