{
     "Matricula": "9010AF87D0F1FCB0AAE1560B63C773703D2207A299A992D278C0AB8B11A50B6C",
     "Latitud": 19.2201267,
     "Longitud": -70.511089,
     "Distance": 0.0043159147785897,
     "Pos_date": 1701390226000
}