{
     "Matricula": "9010AF87D0F1FCB0AAE1560B63C773703D2207A299A992D278C0AB8B11A50B6C",
     "Latitud": 19.2211222,
     "Longitud": -70.5125612,
     "Distance": 0.1901240718368769,
     "Pos_date": 1701390282000
}