{
     "Matricula": "4CD3FCAC24AA17EB8A4985E4F997FD3730871E563B5536B369A38FB9F5E20CDB",
     "Latitud": -33.696987,
     "Longitud": -69.047642,
     "Distance": 3.012386833869378,
     "Pos_date": 1701390235000
}