{
     "Matricula": "39A7C03D597FA1866B013468871534F511F50FC1679C2A121B1A0A2E965C4635",
     "Latitud": 41.931675,
     "Longitud": -8.369215,
     "Distance": 1.4566416763846748,
     "Pos_date": 1701390320000
}