{
     "Matricula": "A6CB6B76C9ECB8C0FF4649D07C374C16E8745047A84303D7E6673F577AC7D644",
     "Latitud": 37.6892616,
     "Longitud": -8.0913833,
     "Distance": 0.0,
     "Pos_date": 1701390321000
}