{
     "Matricula": "069683C681F78E1053AF5A8EE9B0B3104A37813A42FFFB1BA9B8BCE4775FF700",
     "Latitud": 37.8814483,
     "Longitud": -4.8191216,
     "Distance": 0.0985450099235653,
     "Pos_date": 1701390325000
}