{
     "Matricula": "768E6E117FC04FF7B66DCF13967B917C0689C55B8BF393487D6FF5912B77D2F5",
     "Latitud": 45.3494283,
     "Longitud": 12.7188516,
     "Distance": 0.114361905405909,
     "Pos_date": 1701390326000
}