{
     "Matricula": "82FDF5C4ADC6E39A518110E31495EFB4F9C1F561693EA662EF8FAD8D63999384",
     "Latitud": 38.9983183,
     "Longitud": -3.3627216,
     "Distance": 1.4074040953875673,
     "Pos_date": 1701390324000
}