{
     "Matricula": "B3C6B707FF586E09DD4455DAB6DEA799EC9DA501B0181ABE235EC1E192A20E3D",
     "Latitud": 41.7723494,
     "Longitud": 2.6732295,
     "Distance": 0.0008098536816298,
     "Pos_date": 1701390332000
}