{
     "Matricula": "768E6E117FC04FF7B66DCF13967B917C0689C55B8BF393487D6FF5912B77D2F5",
     "Latitud": 46.3493983,
     "Longitud": 13.7190616,
     "Distance": 0.0170279961900898,
     "Pos_date": 1701390329000
}