{
     "Matricula": "7E4A080157027B36C4D596160AC49CA6DBA51495D30AB66AC4B6C5D44B16E263",
     "Latitud": 32.577005,
     "Longitud": -115.3586466,
     "Distance": 0.7435951722560109,
     "Pos_date": 1701390326000
}