{
     "Matricula": "8B0FE8F5A3D03881366DD8F638A5D48BAB1174DC7DAFCA6E48EC624B6E1BFCBB",
     "Latitud": 37.2669833,
     "Longitud": -6.9376433,
     "Distance": 0.0380626570109649,
     "Pos_date": 1701390332000
}