{
     "Matricula": "53B723B5B66F6F1F7EF96F7CE1767728B85189E9D8D8AF4880028575130CBB3C",
     "Latitud": 29.4284333,
     "Longitud": -15.3139666,
     "Distance": 0.0700414643392442,
     "Pos_date": 1701388922000
}