{
     "Matricula": "96CCDDEBC559BA6C00439D619E2F188E69090FD1EE9491C275FE8A3B84B1DCC3",
     "Latitud": 40.2077183,
     "Longitud": -3.8194983,
     "Distance": 0.3240353941802378,
     "Pos_date": 1701390333000
}