{
     "Matricula": "C5CA505C663047FA69C208AC3B341057A18DB5E4EACBE1B31B23E05FF92EFD39",
     "Latitud": 38.3087166,
     "Longitud": -5.8713633,
     "Distance": 0.0,
     "Pos_date": 1701390339010
}