{
     "Matricula": "EC690CEDF730B924D448C2E355203C5722778D4FEC36AEDE915615B89163A0DA",
     "Latitud": 43.3287033,
     "Longitud": -8.4005666,
     "Distance": 0.0098940910355707,
     "Pos_date": 1701390320000
}