{
     "Matricula": "EC690CEDF730B924D448C2E355203C5722778D4FEC36AEDE915615B89163A0DA",
     "Latitud": 42.3287033,
     "Longitud": -9.4005666,
     "Distance": 0.0,
     "Pos_date": 1701390320010
}