{
     "Matricula": "EC690CEDF730B924D448C2E355203C5722778D4FEC36AEDE915615B89163A0DA",
     "Latitud": 42.32878,
     "Longitud": -9.4001733,
     "Distance": 0.0329360453914404,
     "Pos_date": 1701390334000
}