{
     "Matricula": "19CB2C27AEA2A6C6C4DBAAB759FC3A4D6FC7A80E197BBA6B9814F7F04708C407",
     "Latitud": 43.4375349,
     "Longitud": -7.8178816,
     "Distance": 0.0096572546852073,
     "Pos_date": 1701390343000
}