{
     "Matricula": "0872559FB2E1D5E4ADBFECC22DD8AC7ED66EF76026E1AA97D9EC085F2F413185",
     "Latitud": 19.6914887,
     "Longitud": -70.3819628,
     "Distance": 0.0015193393348159,
     "Pos_date": 1701390315000
}