{
     "Matricula": "09146B272A3A4286F445DB065CDE7500601FEB1F28507C9639C44DBD771361FC",
     "Latitud": 40.3459767,
     "Longitud": -3.663108,
     "Distance": 0.0012009367685881,
     "Pos_date": 1701390347000
}