{
     "Matricula": "3F2BF0F9BC0EDF81585748F2BB7A9277D3ABDF4C4987EE6E7F096A42B1549327",
     "Latitud": 41.6180883,
     "Longitud": 5.3616816,
     "Distance": 0.0122323255462682,
     "Pos_date": 1701388922000
}