{
     "Matricula": "C5CA505C663047FA69C208AC3B341057A18DB5E4EACBE1B31B23E05FF92EFD39",
     "Latitud": 36.3086399,
     "Longitud": -7.8713383,
     "Distance": 0.0088106122037415,
     "Pos_date": 1701390345000
}