{
     "Matricula": "730655A225241D534D1C78911ACA85AB05E607C709D7B9520443018F8A067709",
     "Latitud": 44.4254533,
     "Longitud": -2.8516133,
     "Distance": 0.0,
     "Pos_date": 1701390348000
}