{
     "Matricula": "768E6E117FC04FF7B66DCF13967B917C0689C55B8BF393487D6FF5912B77D2F5",
     "Latitud": 43.3493916,
     "Longitud": 10.7207516,
     "Distance": 0.1343816209427396,
     "Pos_date": 1701390354000
}