{
     "Matricula": "CE5F67198E0D4EF521FDDB3395D7AEE26815A2A9E45802F1E866281CC93E5CD5",
     "Latitud": 44.3284416,
     "Longitud": -7.4004049,
     "Distance": 0.0208709273886437,
     "Pos_date": 1701390357000
}