{
     "Matricula": "07F0F06AFDDE789E75C987F1E8AF8E5F48E72512AD4FC4FBD22D89D19D0618BC",
     "Latitud": 41.165706666666665,
     "Longitud": -8.620066666666666,
     "Distance": 0.0093706959787533,
     "Pos_date": 1701390365000
}