{
     "Matricula": "572AC77A5DE790549FEE5175A2B243ADE2CA3CE6CF97AD5735784BA335DE15BA",
     "Latitud": 18.4444888,
     "Longitud": -71.7080891,
     "Distance": 0.0899353848290149,
     "Pos_date": 1701390214000
}