{
     "Matricula": "572AC77A5DE790549FEE5175A2B243ADE2CA3CE6CF97AD5735784BA335DE15BA",
     "Latitud": 19.4451645,
     "Longitud": -70.7091876,
     "Distance": 0.1375202162646393,
     "Pos_date": 1701390240000
}