{
     "Matricula": "572AC77A5DE790549FEE5175A2B243ADE2CA3CE6CF97AD5735784BA335DE15BA",
     "Latitud": 18.44951,
     "Longitud": -71.7081168,
     "Distance": 0.0168776359460024,
     "Pos_date": 1701390276000
}