{
     "Matricula": "572AC77A5DE790549FEE5175A2B243ADE2CA3CE6CF97AD5735784BA335DE15BA",
     "Latitud": 18.4496522,
     "Longitud": -71.7078964,
     "Distance": 0.028000673170917,
     "Pos_date": 1701390295000
}