{
     "Matricula": "572AC77A5DE790549FEE5175A2B243ADE2CA3CE6CF97AD5735784BA335DE15BA",
     "Latitud": 20.4496644,
     "Longitud": -69.7077837,
     "Distance": 0.0118941726699533,
     "Pos_date": 1701390301000
}