{
     "Matricula": "572AC77A5DE790549FEE5175A2B243ADE2CA3CE6CF97AD5735784BA335DE15BA",
     "Latitud": 19.4493568,
     "Longitud": -70.7065165,
     "Distance": 0.1371975214494125,
     "Pos_date": 1701390334000
}