{
     "Matricula": "572AC77A5DE790549FEE5175A2B243ADE2CA3CE6CF97AD5735784BA335DE15BA",
     "Latitud": 18.4488222,
     "Longitud": -71.704542,
     "Distance": 0.2153917909175991,
     "Pos_date": 1701390349000
}