{
     "Matricula": "7E4A080157027B36C4D596160AC49CA6DBA51495D30AB66AC4B6C5D44B16E263",
     "Latitud": 32.5771399,
     "Longitud": -115.3595883,
     "Distance": 0.0895037066254349,
     "Pos_date": 1701390365000
}