{
     "Matricula": "768E6E117FC04FF7B66DCF13967B917C0689C55B8BF393487D6FF5912B77D2F5",
     "Latitud": 44.3488416,
     "Longitud": 11.7206399,
     "Distance": 0.0617988775472465,
     "Pos_date": 1701390368000
}