{
     "Matricula": "EC690CEDF730B924D448C2E355203C5722778D4FEC36AEDE915615B89163A0DA",
     "Latitud": 43.3285816,
     "Longitud": -8.40002,
     "Distance": 0.0253071153985599,
     "Pos_date": 1701390374000
}