{
     "Matricula": "96CCDDEBC559BA6C00439D619E2F188E69090FD1EE9491C275FE8A3B84B1DCC3",
     "Latitud": 39.1904683,
     "Longitud": -4.8536416,
     "Distance": 0.0049287368688953,
     "Pos_date": 1701388928000
}