{
     "Matricula": "EC690CEDF730B924D448C2E355203C5722778D4FEC36AEDE915615B89163A0DA",
     "Latitud": 43.3283849,
     "Longitud": -8.3999066,
     "Distance": 0.0237175783218279,
     "Pos_date": 1701390385000
}