{
     "Matricula": "C5CA505C663047FA69C208AC3B341057A18DB5E4EACBE1B31B23E05FF92EFD39",
     "Latitud": 37.307785,
     "Longitud": -6.8744616,
     "Distance": 0.2921333629881266,
     "Pos_date": 1701390387000
}