{
     "Matricula": "46DBBE2036029597B9E5A745B2723E3B48CEA05926D052BF2384161CF8B70AB8",
     "Latitud": 19.4298133,
     "Longitud": -99.1965199,
     "Distance": 0.0267270742528894,
     "Pos_date": 1701390387000
}