{
     "Matricula": "FF3C59B448620745BF18F32F614A1E7B43B32C7A89545EC541A90558D199D111",
     "Latitud": 37.0141246,
     "Longitud": -5.5634706,
     "Distance": 0.00440846816808,
     "Pos_date": 1701390394000
}