{
     "Matricula": "1FE60CE123FE31D1895941F5902C518E1368095294E9D5414FD1ADB8D0D07BF1",
     "Latitud": 40.46571,
     "Longitud": -3.6356566,
     "Distance": 0.0106990865192066,
     "Pos_date": 1701390394000
}