{
     "Matricula": "AB84F8F8ACB033E9E444548A8C4769951BD2D1134E3238514C6CF3D922494379",
     "Latitud": -33.0121327,
     "Longitud": -68.9037128,
     "Distance": 0.0169188523453624,
     "Pos_date": 1701388930000
}