{
     "Matricula": "768E6E117FC04FF7B66DCF13967B917C0689C55B8BF393487D6FF5912B77D2F5",
     "Latitud": 43.34943,
     "Longitud": 10.718895,
     "Distance": 0.0668385593366208,
     "Pos_date": 1701390406000
}