{
     "Matricula": "09146B272A3A4286F445DB065CDE7500601FEB1F28507C9639C44DBD771361FC",
     "Latitud": 40.3455497,
     "Longitud": -3.6625758,
     "Distance": 0.0654875933343005,
     "Pos_date": 1701390407000
}