{
     "Matricula": "82FDF5C4ADC6E39A518110E31495EFB4F9C1F561693EA662EF8FAD8D63999384",
     "Latitud": 37.9975416,
     "Longitud": -4.369595,
     "Distance": 0.6002268558654086,
     "Pos_date": 1701390412000
}