{
     "Matricula": "76EC2FC54BFD61A8798D9B089470DAA7679F072C642E6E7A66E72EE7F5FDB2FB",
     "Latitud": 43.5960999,
     "Longitud": -7.391699900000001,
     "Distance": 0.0099755509169821,
     "Pos_date": 1701390393000
}