{
     "Matricula": "CE5F67198E0D4EF521FDDB3395D7AEE26815A2A9E45802F1E866281CC93E5CD5",
     "Latitud": 44.33101,
     "Longitud": -7.405115,
     "Distance": 0.2177210110167844,
     "Pos_date": 1701390413000
}