{
     "Matricula": "E0047EE446AB648BEA8D01836B0FBDBA466C8C19A4EFA5788990BB1D505D5919",
     "Latitud": 42.121615,
     "Longitud": 2.19275,
     "Distance": 0.0024707977207273,
     "Pos_date": 1701390420000
}