{
     "Matricula": "679E1E2CF2BC6497342347D4B137CD3DC0C80EAF38A97781ADB848F40E7923FB",
     "Latitud": 39.570125,
     "Longitud": 3.0681716,
     "Distance": 2.888398389947216,
     "Pos_date": 1701390305000
}