{
     "Matricula": "23ED941E3ED5B0591B9F22826E331B2FCB3F1C8D49F661280801A3C964C2FBAE",
     "Latitud": 38.4684466,
     "Longitud": -7.3952733,
     "Distance": 0.0071885321606817,
     "Pos_date": 1701388928000
}