{
     "Matricula": "679E1E2CF2BC6497342347D4B137CD3DC0C80EAF38A97781ADB848F40E7923FB",
     "Latitud": 38.5637316,
     "Longitud": 2.0981316,
     "Distance": 2.133444289235883,
     "Pos_date": 1701390420000
}