{
     "Matricula": "F4AE0241D1A98FCCB07393881F2EB5F012112A9453EE549C474D6C427E650864",
     "Latitud": 37.3621783,
     "Longitud": -2.27069,
     "Distance": 0.0089964784459245,
     "Pos_date": 1701390425000
}