{
     "Matricula": "71ACD724923C85A66ED63A81EE357EF0FAEBE006A29631DDB46267FFC48FBF31",
     "Latitud": 45.4538516,
     "Longitud": -1.8281116,
     "Distance": 0.0,
     "Pos_date": 1701390424820
}