{
     "Matricula": "F4AE0241D1A98FCCB07393881F2EB5F012112A9453EE549C474D6C427E650864",
     "Latitud": 37.36216,
     "Longitud": -2.2707116,
     "Distance": 0.002790156262006,
     "Pos_date": 1701390435000
}