{
     "Matricula": "CE5F67198E0D4EF521FDDB3395D7AEE26815A2A9E45802F1E866281CC93E5CD5",
     "Latitud": 43.33189,
     "Longitud": -8.40082,
     "Distance": 0.3609101353925279,
     "Pos_date": 1701390439000
}