{
     "Matricula": "AFD5148D8A999F8F2550CA4016B323A81490232058731E5BD298BCE508F41106",
     "Latitud": 42.9181399,
     "Longitud": -8.2426216,
     "Distance": 0.0,
     "Pos_date": 1701390432000
}