{
     "Matricula": "A14E8BE45CB9F9B1B8F8BFBED680BCFE79912B7C935C4B9D80F36FCAEC9F3A48",
     "Latitud": 38.6734416,
     "Longitud": -4.0603983,
     "Distance": 0.1680598785039887,
     "Pos_date": 1701388929000
}