{
     "Matricula": "CE5F67198E0D4EF521FDDB3395D7AEE26815A2A9E45802F1E866281CC93E5CD5",
     "Latitud": 44.3314283,
     "Longitud": -7.400095,
     "Distance": 0.0779378295523739,
     "Pos_date": 1701390444000
}