{
     "Matricula": "C5CA505C663047FA69C208AC3B341057A18DB5E4EACBE1B31B23E05FF92EFD39",
     "Latitud": 37.3089216,
     "Longitud": -6.878375,
     "Distance": 0.3684655440546204,
     "Pos_date": 1701390445000
}