{
     "Matricula": "F4AE0241D1A98FCCB07393881F2EB5F012112A9453EE549C474D6C427E650864",
     "Latitud": 38.361605,
     "Longitud": -1.2691933,
     "Distance": 0.1476981260669815,
     "Pos_date": 1701390457000
}