{
     "Matricula": "819E6C37F3BADB27EB7E184F15B91B3B5C093D8FD55FF4082DDA5939D8713135",
     "Latitud": 39.8197416,
     "Longitud": 8.635305,
     "Distance": 5.01261354034224,
     "Pos_date": 1701390455000
}