{
     "Matricula": "EC690CEDF730B924D448C2E355203C5722778D4FEC36AEDE915615B89163A0DA",
     "Latitud": 43.3275583,
     "Longitud": -8.4033249,
     "Distance": 0.2913746348756758,
     "Pos_date": 1701390458000
}