{
     "Matricula": "D27B62DF2FE5D39E189D483C49D0DD12E9CE25A8778307460262F026137B0350",
     "Latitud": 43.8982216,
     "Longitud": 7.581323299999999,
     "Distance": 0.0099628812423974,
     "Pos_date": 1701390457000
}