{
     "Matricula": "D0987C421B7385E3BF5BC30D521B4F7684CDBC4CCE30DF650B89F94579B337DA",
     "Latitud": 37.1606433,
     "Longitud": -6.1410966,
     "Distance": 0.0220900136139334,
     "Pos_date": 1701390464000
}